type,token,index,frequency
word,<PAD>,0,0
word,<UNK>,1,0
word,Pierre,2,6
word,Vinken,3,2
word,",",4,46522
word,numeric-word,5,21244
word,years,6,1130
word,old,7,213
word,will,8,2982
word,join,9,41
word,the,10,39533
word,board,11,297
word,as,12,4055
word,a,13,18470
word,nonexecutive,14,6
word,director,15,309
word,Nov.,16,238
word,.,17,37453
word,Mr.,18,3856
word,is,19,6735
word,chairman,20,429
word,of,21,22104
word,N.V.,22,13
word,Dutch,23,25
word,publishing,24,48
word,group,25,604
word,Rudolph,26,8
word,Agnew,27,3
word,and,28,15359
word,former,29,259
word,Consolidated,30,14
word,Gold,31,16
word,Fields,32,4
word,PLC,33,105
word,was,34,3615
word,named,35,188
word,this,36,1844
word,British,37,309
word,industrial,38,125
word,conglomerate,39,20
word,A,40,869
word,form,41,106
word,asbestos,42,26
word,once,43,162
word,used,44,336
word,to,45,21306
word,make,46,592
word,Kent,47,11
word,cigarette,48,17
word,filters,49,10
word,has,50,3184
word,caused,51,94
word,high,52,340
word,percentage,53,122
word,cancer,54,71
word,deaths,55,29
word,among,56,287
word,workers,57,197
word,exposed,58,19
word,it,59,4509
word,more,60,1842
word,than,61,1586
word,ago,62,436
word,researchers,63,67
word,reported,64,374
word,The,65,6579
word,fiber,66,8
word,crocidolite,67,5
word,unusually,68,19
word,resilient,69,4
word,enters,70,7
word,lungs,71,4
word,with,72,3987
word,even,73,590
word,brief,74,28
word,exposures,75,7
word,causing,76,31
word,symptoms,77,12
word,that,78,7723
word,show,79,199
word,up,80,1625
word,decades,81,24
word,later,82,192
word,said,83,5418
word,Lorillard,84,5
word,Inc.,85,1018
word,unit,86,494
word,New,87,1181
word,York-based,88,32
word,Loews,89,3
word,Corp.,90,1163
word,makes,91,187
word,cigarettes,92,23
word,stopped,93,51
word,using,94,140
word,in,95,14609
word,its,96,3382
word,Although,97,140
word,preliminary,98,45
word,findings,99,27
word,were,100,1777
word,year,101,2162
word,latest,102,193
word,results,103,260
word,appear,104,75
word,today,105,236
word,'s,106,8872
word,England,107,62
word,Journal,108,101
word,Medicine,109,10
word,forum,110,3
word,likely,111,262
word,bring,112,84
word,new,113,1384
word,attention,114,65
word,problem,115,229
word,``,116,13173
word,This,117,384
word,an,118,3015
word,story,119,65
word,We,120,538
word,'re,121,331
word,talking,122,45
word,about,123,1991
word,before,124,485
word,anyone,125,64
word,heard,126,33
word,having,127,120
word,any,128,727
word,questionable,129,12
word,properties,130,71
word,There,131,297
word,no,132,671
word,our,133,336
word,products,134,401
word,now,135,658
word,Neither,136,26
word,nor,137,49
word,who,138,1509
word,studied,139,16
word,aware,140,33
word,research,141,218
word,on,142,4905
word,smokers,143,6
word,have,144,2993
word,useful,145,16
word,information,146,166
word,whether,147,251
word,users,148,35
word,are,149,3629
word,at,150,4142
word,risk,151,150
word,James,152,178
word,A.,153,106
word,Talcott,154,4
word,Boston,155,152
word,Cancer,156,14
word,Institute,157,100
word,Dr.,158,99
word,led,159,141
word,team,160,136
word,from,161,4238
word,National,162,313
word,medical,163,72
word,schools,164,56
word,Harvard,165,23
word,University,166,137
word,spokeswoman,167,92
word,very,168,355
word,modest,169,64
word,amounts,170,72
word,making,171,225
word,paper,172,190
word,for,173,7743
word,early,174,314
word,1950s,175,13
word,replaced,176,25
word,different,177,126
word,type,178,43
word,From,179,41
word,billion,180,1680
word,sold,181,363
word,company,182,2429
word,Among,183,109
word,men,184,97
word,worked,185,70
word,closely,186,80
word,substance,187,11
word,died,188,33
word,--,189,2005
word,three,190,558
word,times,191,182
word,expected,192,500
word,number,193,311
word,Four,194,23
word,five,195,339
word,surviving,196,9
word,asbestos-related,197,5
word,diseases,198,17
word,including,199,404
word,recently,200,242
word,diagnosed,201,4
word,total,202,248
word,malignant,203,7
word,lung,204,10
word,far,205,301
word,higher,206,405
word,rate,207,499
word,striking,208,16
word,finding,209,45
word,those,210,484
word,us,211,180
word,study,212,108
word,West,213,249
word,Mass.,214,55
word,factory,215,38
word,appears,216,65
word,be,217,3584
word,highest,218,57
word,Western,219,153
word,industrialized,220,10
word,countries,221,128
word,he,222,2496
word,plant,223,227
word,which,224,2164
word,owned,225,98
word,by,226,4274
word,Hollingsworth,227,2
word,&,228,977
word,Vose,229,2
word,Co.,230,854
word,under,231,528
word,contract,232,298
word,probably,233,149
word,support,234,223
word,argue,235,46
word,U.S.,236,1552
word,should,237,405
word,regulate,238,11
word,class,239,42
word,common,240,362
word,kind,241,105
word,chrysotile,242,2
word,found,243,181
word,most,244,766
word,other,245,1344
word,buildings,246,49
word,one,247,1347
word,few,248,339
word,nations,249,44
word,does,250,491
word,n't,251,3132
word,standard,252,85
word,regulation,253,26
word,smooth,254,11
word,fibers,255,13
word,such,256,860
word,classified,257,9
word,according,258,306
word,Brooke,259,4
word,T.,260,39
word,Mossman,261,2
word,professor,262,40
word,Vermont,263,14
word,College,264,15
word,More,265,64
word,easily,266,39
word,rejected,267,63
word,body,268,28
word,explained,269,18
word,In,270,1706
word,July,271,161
word,Environmental,272,23
word,Protection,273,18
word,Agency,274,34
word,imposed,275,24
word,gradual,276,7
word,ban,277,42
word,virtually,278,49
word,all,279,1017
word,uses,280,48
word,By,281,136
word,almost,282,191
word,remaining,283,66
word,cancer-causing,284,2
word,outlawed,285,6
word,About,286,54
word,made,287,529
word,Areas,288,2
word,particularly,289,122
word,dusty,290,4
word,where,291,346
word,Workers,292,32
word,dumped,293,20
word,large,294,249
word,sacks,295,3
word,imported,296,28
word,material,297,57
word,into,298,881
word,huge,299,120
word,poured,300,7
word,cotton,301,17
word,mechanically,302,2
word,mixed,303,49
word,dry,304,14
word,process,305,123
word,described,306,40
word,clouds,307,7
word,blue,308,21
word,dust,309,8
word,hung,310,5
word,over,311,844
word,parts,312,104
word,though,313,235
word,exhaust,314,3
word,fans,315,27
word,ventilated,316,3
word,area,317,183
word,question,318,124
word,some,319,1252
word,managers,320,164
word,contracted,321,13
word,Phillips,322,53
word,vice,323,343
word,president,324,869
word,human,325,63
word,resources,326,51
word,But,327,1668
word,you,328,561
word,recognize,329,19
word,these,330,425
word,events,331,65
word,took,332,211
word,place,333,149
word,It,334,1088
word,bearing,335,12
word,work,336,384
word,force,337,155
word,Yields,338,12
word,money-market,339,20
word,mutual,340,60
word,funds,341,425
word,continued,342,153
word,slide,343,39
word,amid,344,55
word,signs,345,53
word,portfolio,346,134
word,expect,347,192
word,further,348,232
word,declines,349,70
word,interest,350,609
word,rates,351,452
word,average,352,337
word,seven-day,353,14
word,compound,354,17
word,yield,355,359
word,taxable,356,22
word,tracked,357,8
word,Money,358,31
word,Fund,359,86
word,Report,360,46
word,eased,361,28
word,fraction,362,9
word,point,363,246
word,%,364,4718
word,week,365,654
word,ended,366,282
word,Tuesday,367,199
word,Compound,368,2
word,yields,369,94
word,assume,370,34
word,reinvestment,371,6
word,dividends,372,63
word,current,373,333
word,continues,374,90
word,Average,375,96
word,maturity,376,61
word,',377,712
word,investments,378,125
word,lengthened,379,4
word,day,380,308
word,days,381,489
word,longest,382,5
word,since,383,447
word,August,384,215
word,Donoghue,385,7
word,Longer,386,3
word,maturities,387,17
word,thought,388,104
word,indicate,389,37
word,declining,390,47
word,because,391,971
word,they,392,1904
word,permit,393,24
word,retain,394,32
word,relatively,395,73
word,longer,396,100
word,period,397,270
word,considered,398,102
word,sign,399,83
word,rising,400,82
word,can,401,896
word,capture,402,9
word,sooner,403,14
word,open,404,140
word,only,405,897
word,institutions,406,111
word,stronger,407,37
word,indicator,408,15
word,watch,409,37
word,market,410,1760
word,reached,411,143
word,Nevertheless,412,23
word,Brenda,413,3
word,Malizia,414,3
word,Negus,415,4
word,editor,416,48
word,may,417,772
word,blip,418,4
word,again,419,176
word,down,420,663
word,recent,421,448
word,rises,422,13
word,short-term,423,90
word,six-month,424,42
word,Treasury,425,299
word,bills,426,149
word,Monday,427,204
word,auction,428,92
word,example,429,205
word,rose,430,636
word,Despite,431,80
word,investors,432,601
word,continue,433,251
word,pour,434,6
word,cash,435,343
word,money,436,500
word,Assets,437,9
word,grew,438,55
word,$,439,6777
word,during,440,359
word,Typically,441,9
word,money-fund,442,3
word,beat,443,28
word,comparable,444,41
word,vary,445,26
word,go,446,246
word,after,447,873
word,top,448,189
word,currently,449,182
word,yielding,450,15
word,well,451,411
word,Dreyfus,452,11
word,World-Wide,453,2
word,Dollar,454,19
word,top-yielding,455,2
word,fund,456,241
word,had,457,1625
word,earlier,458,533
word,invests,459,5
word,heavily,460,63
word,dollar-denominated,461,8
word,securities,462,398
word,overseas,463,87
word,waiving,464,3
word,management,465,253
word,fees,466,103
word,boosts,467,13
word,simple,468,41
word,30-day,469,24
word,fell,470,395
word,;,471,1144
word,slid,472,29
word,J.P.,473,5
word,W.R.,474,5
word,Grace,475,18
word,holds,476,82
word,elected,477,69
word,He,478,813
word,succeeds,479,41
word,D.,480,146
word,formerly,481,35
word,resigned,482,71
word,Energy,483,49
word,seven,484,107
word,seats,485,37
word,Pacific,486,145
word,First,487,272
word,Financial,488,122
word,shareholders,489,165
word,approved,490,148
word,acquisition,491,183
word,Royal,492,29
word,Ltd.,493,183
word,Toronto,494,45
word,share,495,1358
word,or,496,2431
word,million,497,4122
word,thrift,498,80
word,holding,499,171
word,expects,500,221
word,obtain,501,42
word,regulatory,502,66
word,approval,503,135
word,complete,504,61
word,transaction,505,183
word,year-end,506,16
word,International,507,283
word,completed,508,126
word,sale,509,362
word,Bailey,510,5
word,Controls,511,2
word,Operations,512,8
word,Finmeccanica,513,2
word,S.p,514,8
word,Italian,515,24
word,state-owned,516,22
word,interests,517,127
word,mechanical,518,7
word,engineering,519,60
word,industry,520,524
word,based,521,294
word,Ohio,522,61
word,computerized,523,11
word,controls,524,57
word,systems,525,122
word,employs,526,19
word,"2,700",527,4
word,people,528,662
word,annual,529,205
word,revenue,530,292
word,federal,531,483
word,government,532,780
word,suspended,533,45
word,sales,534,805
word,savings,535,62
word,bonds,536,596
word,Congress,537,317
word,lifted,538,19
word,ceiling,539,43
word,debt,540,412
word,Until,541,40
word,acts,542,28
word,authority,543,50
word,issue,544,452
word,obligations,545,16
word,borrowing,546,26
word,dropped,547,171
word,midnight,548,10
word,trillion,549,54
word,Legislation,550,5
word,lift,551,23
word,fight,552,59
word,cutting,553,45
word,capital-gains,554,66
word,taxes,555,101
word,House,556,374
word,voted,557,46
word,raise,558,161
word,but,559,1552
word,Senate,560,200
word,act,561,67
word,until,562,262
word,next,563,576
word,earliest,564,8
word,default,565,37
word,if,566,787
word,then,567,317
word,Clark,568,12
word,J.,569,110
word,Vitulli,570,2
word,senior,571,213
word,general,572,245
word,manager,573,162
word,marketing,574,158
word,arm,575,28
word,Japanese,576,511
word,auto,577,154
word,maker,578,254
word,Mazda,579,13
word,Motor,580,85
word,Corp,581,165
word,position,582,188
word,oversee,583,5
word,service,584,175
word,operations,585,371
word,Previously,586,16
word,Chrysler,587,50
word,division,588,173
word,been,589,1500
word,executive,590,514
word,When,591,224
word,time,592,704
word,their,593,1655
word,biannual,594,2
word,nation,595,192
word,manufacturing,596,122
word,titans,597,4
word,typically,598,60
word,jet,599,15
word,off,600,479
word,sunny,601,3
word,confines,602,2
word,resort,603,24
word,towns,604,9
word,like,605,472
word,Boca,606,3
word,Raton,607,2
word,Hot,608,3
word,Springs,609,15
word,Not,610,71
word,Association,611,166
word,Manufacturers,612,43
word,settled,613,56
word,capital,614,265
word,Indianapolis,615,9
word,fall,616,165
word,meeting,617,203
word,And,618,518
word,city,619,193
word,decided,620,89
word,treat,621,20
word,guests,622,10
word,royalty,623,7
word,rock,624,11
word,stars,625,10
word,owners,626,71
word,idea,627,86
word,course,628,114
word,:,629,1293
word,prove,630,47
word,corporate,631,243
word,decision,632,188
word,makers,633,129
word,buckle,634,5
word,Belt,635,4
word,so,636,611
word,rusty,637,2
word,good,638,338
word,expand,639,57
word,On,640,212
word,receiving,641,23
word,end,642,370
word,message,643,29
word,officials,644,479
word,giants,645,18
word,Du,646,31
word,Pont,647,31
word,along,648,127
word,lesser,649,8
word,knowns,650,2
word,Steel,651,54
word,Valley,652,72
word,Queen,653,3
word,Factory,654,8
word,For,655,441
word,starters,656,4
word,executives,657,191
word,joined,658,43
word,Mayor,659,25
word,William,660,125
word,H.,661,38
word,III,662,21
word,evening,663,18
word,Symphony,664,2
word,guest,665,8
word,Victor,666,11
word,Champagne,667,4
word,dessert,668,2
word,followed,669,82
word,morning,670,74
word,police,671,59
word,wives,672,5
word,raced,673,2
word,traffic,674,51
word,red,675,52
word,lights,676,10
word,governor,677,27
word,could,678,1033
word,lieutenant,679,2
word,welcomed,680,10
word,special,681,147
word,buffet,682,4
word,breakfast,683,10
word,held,684,226
word,museum,685,10
word,food,686,122
word,drinks,687,7
word,banned,688,20
word,everyday,689,9
word,visitors,690,22
word,Then,691,69
word,honor,692,19
word,hauled,693,2
word,out,694,969
word,four,695,254
word,drivers,696,16
word,crews,697,8
word,official,698,218
word,announcer,699,10
word,exhibition,700,9
word,race,701,33
word,After,702,143
word,Fortune,703,3
word,cars,704,141
word,No,705,97
word,pointed,706,19
word,still,707,446
word,space,708,85
word,machines,709,87
word,another,710,344
word,sponsor,711,13
word,name,712,119
word,two,713,988
word,Back,714,15
word,downtown,715,22
word,squeezed,716,18
word,meetings,717,44
word,hotel,718,44
word,buses,719,10
word,dinner,720,16
word,dancing,721,4
word,block,722,75
word,away,723,162
word,Under,724,139
word,moons,725,4
word,Indiana,726,11
word,ballroom,727,3
word,nine,728,186
word,hottest,729,10
word,chefs,730,6
word,town,731,45
word,fed,732,11
word,them,733,650
word,lobster,734,2
word,chocolate,735,5
word,sauce,736,2
word,tasty,737,2
word,free,738,104
word,meal,739,3
word,when,740,936
word,eat,741,15
word,gave,742,77
word,standing,743,29
word,CEOs,744,2
word,say,745,701
word,treatment,746,59
word,tempts,747,2
word,return,748,199
word,heartland,749,2
word,future,750,197
word,looking,751,130
word,forward,752,22
word,winter,753,21
word,February,754,39
word,South,755,194
word,Korea,756,56
word,registered,757,30
word,trade,758,300
word,deficit,759,99
word,October,760,197
word,reflecting,761,67
word,country,762,253
word,economic,763,343
word,sluggishness,764,4
word,figures,765,145
word,released,766,59
word,Wednesday,767,114
word,Preliminary,768,2
word,Trade,769,67
word,Industry,770,48
word,Ministry,771,50
word,showed,772,105
word,fifth,773,14
word,monthly,774,62
word,setback,775,16
word,casting,776,13
word,cloud,777,7
word,export-oriented,778,2
word,economy,779,280
word,Exports,780,7
word,stood,781,27
word,mere,782,14
word,increase,783,337
word,while,784,467
word,imports,785,89
word,increased,786,255
word,sharply,787,93
word,last,788,1009
word,boom,789,34
word,began,790,181
word,prolonged,791,14
word,labor,792,101
word,disputes,793,15
word,conflicts,794,13
word,sluggish,795,30
word,exports,796,84
word,Government,797,28
word,would,798,2108
word,remain,799,135
word,target,800,72
word,gloomy,801,7
word,forecast,802,66
word,recorded,803,34
word,surplus,804,23
word,January,805,82
word,accumulated,806,6
word,same,807,297
word,Imports,808,9
word,Newsweek,809,10
word,trying,810,180
word,keep,811,162
word,pace,812,48
word,rival,813,38
word,Time,814,78
word,magazine,815,107
word,announced,816,233
word,advertising,817,148
word,introduce,818,35
word,incentive,819,19
word,plan,820,466
word,advertisers,821,49
word,ad,822,137
word,Washington,823,190
word,Post,824,7
word,second,825,251
word,offered,826,187
word,Plans,827,7
word,give,828,222
word,discounts,829,18
word,maintaining,830,16
word,increasing,831,99
word,spending,832,186
word,become,833,224
word,permanent,834,27
word,fixtures,835,2
word,news,836,215
word,weeklies,837,4
word,underscore,838,6
word,fierce,839,9
word,competition,840,112
word,between,841,458
word,Warner,842,176
word,Mortimer,843,3
word,B.,844,49
word,News,845,73
word,World,846,124
word,Alan,847,51
word,Spoon,848,3
word,full,849,154
word,page,850,19
word,cost,851,262
word,mid-October,852,17
word,lowered,853,41
word,guaranteed,854,28
word,circulation,855,22
word,base,856,96
word,not,857,1262
word,lower,858,367
word,effectively,859,26
word,per,860,94
word,subscriber,861,6
word,costs,862,338
word,"120,000",863,4
word,yet,864,173
word,announce,865,30
word,Circulation,866,2
word,Credit,867,60
word,Plan,868,11
word,awards,869,5
word,credits,870,29
word,renewal,871,6
word,reward,872,13
word,bonuses,873,18
word,meet,874,107
word,exceed,875,33
word,long,876,255
word,spent,877,85
word,attempt,878,96
word,shore,879,13
word,decline,880,198
word,pages,881,40
word,first,882,829
word,months,883,646
word,totaled,884,68
word,drop,885,203
word,Publishers,886,7
word,Information,887,22
word,Bureau,888,34
word,What,889,154
word,matters,890,40
word,what,891,562
word,paying,892,89
word,department,893,139
word,we,894,725
word,doing,895,124
word,fine,896,57
word,Both,897,100
word,gaining,898,12
word,without,899,246
word,heavy,900,110
word,use,901,351
word,electronic,902,63
word,giveaways,903,2
word,subscribers,904,17
word,telephones,905,4
word,watches,906,12
word,However,907,141
word,none,908,33
word,big,909,431
word,gains,910,163
word,According,911,88
word,largest,912,237
word,decrease,913,16
word,six,914,256
word,flat,915,72
word,Electric,916,72
word,System,917,46
word,bowed,918,5
word,bidding,919,65
word,Public,920,32
word,Service,921,95
word,Hampshire,922,42
word,saying,923,134
word,risks,924,69
word,too,925,307
word,potential,926,156
word,payoff,927,2
word,justify,928,13
word,offer,929,413
word,move,930,289
word,leaves,931,23
word,United,932,161
word,Illuminating,933,14
word,Northeast,934,29
word,Utilities,935,15
word,outside,936,109
word,bidders,937,23
word,PS,938,25
word,also,939,1399
word,proposed,940,202
word,internal,941,60
word,reorganization,942,65
word,Chapter,943,57
word,bankruptcy,944,70
word,proceedings,945,38
word,independent,946,108
word,Westborough,947,3
word,acquire,948,116
word,below,949,156
word,value,950,286
word,places,951,31
word,bid,952,352
word,says,953,1948
word,worth,954,95
word,Haven,955,10
word,Conn.,956,43
word,Hartford,957,15
word,Conn,958,14
word,Manchester,959,2
word,N.H.,960,7
word,values,961,57
word,John,962,236
word,Rowe,963,18
word,chief,964,510
word,officer,965,293
word,equity,966,146
word,suffer,967,28
word,forecasts,968,37
word,related,969,111
word,growth,970,359
word,electricity,971,18
word,demand,972,217
word,improved,973,67
word,operating,974,270
word,efficiencies,975,2
word,did,976,563
word,come,977,228
word,true,978,50
word,evaluated,979,3
word,raising,980,68
word,seemed,981,48
word,substantial,982,69
word,persistent,983,14
word,rewards,984,10
word,way,985,374
word,That,986,433
word,got,987,165
word,hard,988,131
word,take,989,392
word,added,990,320
word,noted,991,149
word,political,992,244
word,concerns,993,116
word,worried,994,45
word,matter,995,84
word,owns,996,115
word,emerges,997,8
word,attracts,998,6
word,...,999,184
word,just,1000,530
word,factors,1001,64
word,withdraw,1002,16
word,Wilbur,1003,3
word,Ross,1004,43
word,Jr.,1005,85
word,Rothschild,1006,24
word,financial,1007,438
word,adviser,1008,54
word,troubled,1009,56
word,holders,1010,147
word,withdrawal,1011,19
word,might,1012,331
word,speed,1013,52
word,fact,1014,151
word,increases,1015,135
word,against,1016,463
word,around,1017,245
word,complicated,1018,22
word,negotiations,1019,64
word,state,1020,486
word,asserted,1021,14
word,Now,1022,153
word,field,1023,77
word,less,1024,349
word,cluttered,1025,2
word,Separately,1026,58
word,Federal,1027,267
word,Regulatory,1028,6
word,Commission,1029,142
word,turned,1030,106
word,request,1031,55
word,seeking,1032,120
word,possible,1033,205
word,purchase,1034,200
word,hopes,1035,89
word,expedited,1036,2
word,review,1037,65
word,summer,1038,99
word,court,1039,285
word,shares,1040,1113
word,closed,1041,322
word,yesterday,1042,536
word,cents,1043,745
word,York,1044,888
word,Stock,1045,321
word,Exchange,1046,436
word,composite,1047,195
word,trading,1048,1018
word,Norman,1049,14
word,Toys,1050,4
word,R,1051,3
word,Frederick,1052,18
word,Banking,1053,34
word,directors,1054,126
word,consumer,1055,157
word,electronics,1056,48
word,appliances,1057,13
word,retailing,1058,38
word,chain,1059,70
word,They,1060,448
word,succeed,1061,41
word,Daniel,1062,34
word,M.,1063,57
word,retired,1064,29
word,Circuit,1065,19
word,City,1066,144
word,Robert,1067,195
word,R.,1068,81
word,Glauber,1069,2
word,undersecretary,1070,4
word,12-member,1071,2
word,Commonwealth,1072,25
word,Edison,1073,32
word,ordered,1074,51
word,refund,1075,17
word,illegal,1076,37
word,collected,1077,9
word,overruns,1078,7
word,nuclear,1079,48
word,power,1080,211
word,previously,1081,118
word,Illinois,1082,33
word,Commerce,1083,68
word,groups,1084,130
word,ever,1085,113
word,required,1086,108
word,local,1087,165
word,utility,1088,41
word,State,1089,121
word,Judge,1090,111
word,Richard,1091,118
word,Curry,1092,8
word,refunds,1093,11
word,each,1094,355
word,customers,1095,184
word,received,1096,181
word,electric,1097,26
word,April,1098,111
word,moved,1099,77
word,begin,1100,117
word,Feb.,1101,20
word,appeals,1102,40
word,attempts,1103,24
word,his,1104,1547
word,order,1105,182
word,pool,1106,21
word,hostage,1107,2
word,through,1108,558
word,round,1109,26
word,already,1110,291
word,appealing,1111,7
word,underlying,1112,42
word,commission,1113,55
word,considering,1114,68
word,exact,1115,17
word,amount,1116,190
word,determined,1117,47
word,actual,1118,84
word,collections,1119,4
word,Dec.,1120,112
word,ruling,1121,74
word,slash,1122,12
word,earnings,1123,566
word,spokesman,1124,309
word,tracking,1125,11
word,whose,1126,166
word,addresses,1127,5
word,changed,1128,99
word,past,1129,386
word,1\/2,1130,265
word,administrative,1131,39
word,nightmare,1132,6
word,Byron,1133,4
word,near,1134,106
word,Rockford,1135,5
word,Ill.,1136,27
word,disputed,1137,13
word,pay,1138,359
word,courts,1139,38
word,upheld,1140,11
word,challenge,1141,41
word,Supreme,1142,79
word,Court,1143,126
word,audit,1144,25
word,construction,1145,158
word,expenses,1146,83
word,unreasonable,1147,5
word,collecting,1148,9
word,subject,1149,105
word,ruled,1150,34
word,plus,1151,51
word,additional,1152,164
word,calculations,1153,16
word,Last,1154,151
word,month,1155,500
word,set,1156,247
word,faces,1157,52
word,court-ordered,1158,2
word,differential,1159,3
word,Appellate,1160,2
word,estimated,1161,195
word,hope,1162,83
word,precedent,1163,10
word,case,1164,308
word,involving,1165,63
word,Braidwood,1166,3
word,rule,1167,81
word,poor,1168,57
word,performance,1169,122
word,LaSalle,1170,3
word,I,1171,1188
word,Japan,1172,430
word,domestic,1173,134
word,trucks,1174,57
word,units,1175,163
word,record,1176,221
word,Automobile,1177,7
word,Dealers,1178,44
word,strong,1179,224
word,year-to-year,1180,6
word,September,1181,309
word,setting,1182,38
word,records,1183,33
word,every,1184,170
word,March,1185,155
word,compared,1186,254
word,previous,1187,172
word,inched,1188,10
word,Sales,1189,142
word,passenger,1190,17
word,medium-sized,1191,12
word,benefited,1192,18
word,price,1193,655
word,reductions,1194,24
word,arising,1195,4
word,introduction,1196,19
word,consumption,1197,33
word,tax,1198,369
word,doubled,1199,30
word,Texas,1200,204
word,Instruments,1201,10
word,opened,1202,76
word,manufacture,1203,14
word,control,1204,212
word,devices,1205,46
word,located,1206,19
word,miles,1207,61
word,Seoul,1208,16
word,help,1209,288
word,diversifying,1210,7
word,produce,1211,104
word,motor,1212,16
word,vehicles,1213,54
word,household,1214,36
word,survival,1215,14
word,spinoff,1216,21
word,Cray,1217,65
word,Computer,1218,80
word,fledgling,1219,10
word,supercomputer,1220,18
word,business,1221,858
word,depend,1222,11
word,creativity,1223,11
word,designer,1224,15
word,Seymour,1225,7
word,development,1226,158
word,initial,1227,87
word,machine,1228,90
word,tied,1229,39
word,directly,1230,95
word,balance,1231,53
word,sheet,1232,28
word,Documents,1233,2
word,filed,1234,191
word,Securities,1235,252
word,pending,1236,60
word,disclosed,1237,116
word,Research,1238,79
word,financing,1239,160
word,providing,1240,43
word,firm,1241,430
word,project,1242,118
word,heads,1243,34
word,scrapped,1244,9
word,documents,1245,54
word,although,1246,125
word,64-year-old,1247,2
word,working,1248,136
word,Cray-3,1249,10
word,least,1250,316
word,fully,1251,74
word,operational,1252,10
word,prototype,1253,6
word,Moreover,1254,79
word,there,1255,680
word,orders,1256,221
word,several,1257,330
word,prospects,1258,41
word,While,1259,198
word,many,1260,720
word,anticipated,1261,34
word,Minneapolis-based,1262,4
word,May,1263,94
word,strings,1264,3
word,attached,1265,24
word,public,1266,305
word,much,1267,642
word,choice,1268,39
word,Gregory,1269,4
word,Barnum,1270,3
word,interview,1271,76
word,theory,1272,32
word,him,1273,281
word,want,1274,269
word,include,1275,186
word,anticipates,1276,14
word,needing,1277,4
word,perhaps,1278,69
word,beginning,1279,104
word,called,1280,261
word,scenario,1281,20
word,filing,1282,95
word,details,1283,58
word,stock,1284,1103
word,jump,1285,34
word,close,1286,290
word,Analysts,1287,103
word,link,1288,26
word,note,1289,96
word,presence,1290,40
word,complicate,1291,5
word,valuation,1292,8
word,investor,1293,171
word,Gary,1294,23
word,P.,1295,28
word,Smaby,1296,2
word,Group,1297,246
word,Minneapolis,1298,25
word,concept,1299,29
word,You,1300,151
word,either,1301,133
word,believe,1302,157
word,do,1303,899
word,Besides,1304,23
word,age,1305,91
word,tricky,1306,7
word,chip,1307,43
word,technology,1308,142
word,SEC,1309,86
word,describe,1310,12
word,chips,1311,61
word,being,1312,401
word,fragile,1313,9
word,minute,1314,18
word,require,1315,82
word,robotic,1316,2
word,handling,1317,32
word,equipment,1318,150
word,addition,1319,197
word,contain,1320,19
word,processors,1321,8
word,twice,1322,47
word,face,1323,145
word,intense,1324,26
word,world-wide,1325,60
word,roll,1326,34
word,direct,1327,77
word,competitor,1328,18
word,compete,1329,30
word,Business,1330,107
word,Machines,1331,46
word,Big,1332,220
word,Three,1333,47
word,Hitachi,1334,18
word,NEC,1335,35
word,Fujitsu,1336,34
word,Ltd,1337,66
word,believes,1338,91
word,fewer,1339,52
word,supercomputers,1340,5
word,priced,1341,213
word,presumably,1342,5
word,range,1343,116
word,terms,1344,158
word,stockholders,1345,14
word,receive,1346,106
word,own,1347,440
word,distribution,1348,53
word,occur,1349,25
word,weeks,1350,226
word,Instead,1351,59
word,companies,1352,790
word,leave,1353,76
word,marketplace,1354,26
word,decide,1355,50
word,applied,1356,25
word,Nasdaq,1357,65
word,calculate,1358,4
word,book,1359,64
word,Along,1360,13
word,transferring,1361,4
word,assets,1362,304
word,primarily,1363,56
word,drain,1364,14
word,sheets,1365,14
word,clearly,1366,51
word,why,1367,87
word,favored,1368,16
word,Without,1369,29
word,able,1370,179
word,report,1371,307
word,profit,1372,413
word,half,1373,249
word,rather,1374,137
word,posted,1375,130
word,hand,1376,97
word,existed,1377,7
word,incurred,1378,18
word,loss,1379,347
word,comment,1380,207
word,Colorado,1381,23
word,Colo.,1382,14
word,contractor,1383,24
word,arrangement,1384,30
word,father,1385,28
word,paid,1386,198
word,"600,000",1387,7
word,At,1388,317
word,"240,000",1389,3
word,Messrs.,1390,31
word,includes,1391,114
word,Neil,1392,8
word,Joseph,1393,45
word,Blanchard,1394,3
word,Malcolm,1395,29
word,software,1396,85
word,Douglas,1397,36
word,hardware,1398,20
word,All,1399,110
word,came,1400,182
word,Stevens,1401,14
word,both,1402,362
word,positions,1403,65
word,Donald,1404,34
word,electric-utility,1405,2
word,Arthur,1406,31
word,Hatch,1407,6
word,Eastern,1408,105
word,Carney,1409,2
word,claiming,1410,19
word,success,1411,60
word,diplomacy,1412,4
word,removed,1413,17
word,Taiwan,1414,30
word,Saudi,1415,20
word,Arabia,1416,11
word,list,1417,66
word,watching,1418,29
word,allegedly,1419,24
word,failing,1420,23
word,patents,1421,13
word,copyrights,1422,3
word,intellectual-property,1423,5
word,rights,1424,168
word,China,1425,167
word,Thailand,1426,6
word,India,1427,26
word,Brazil,1428,31
word,Mexico,1429,68
word,so-called,1430,65
word,priority,1431,30
word,result,1432,229
word,interim,1433,14
word,Representative,1434,6
word,Carla,1435,5
word,Hills,1436,37
word,law,1437,297
word,accelerated,1438,7
word,investigations,1439,17
word,stiff,1440,13
word,sanctions,1441,23
word,improve,1442,83
word,protection,1443,83
word,intellectual,1444,12
word,property,1445,117
word,spring,1446,81
word,Mrs.,1447,161
word,she,1448,431
word,placed,1449,54
word,varying,1450,4
word,degrees,1451,10
word,scrutiny,1452,14
word,genuine,1453,14
word,progress,1454,33
word,touchy,1455,5
word,She,1456,107
word,growing,1457,125
word,realization,1458,5
word,world,1459,265
word,denial,1460,3
word,harms,1461,3
word,inventiveness,1462,3
word,-LCB-,1463,196
word,offending,1464,2
word,-RCB-,1465,199
word,citizens,1466,23
word,negotiators,1467,14
word,inadequate,1468,11
word,protections,1469,3
word,hurting,1470,12
word,themselves,1471,119
word,discouraging,1472,10
word,scientists,1473,57
word,authors,1474,13
word,deterring,1475,3
word,high-technology,1476,7
word,firms,1477,267
word,investing,1478,42
word,best,1479,165
word,lauded,1480,4
word,creating,1481,39
word,task,1482,40
word,enforcement,1483,28
word,teams,1484,30
word,officers,1485,25
word,prosecutors,1486,49
word,trained,1487,7
word,pursue,1488,36
word,movie,1489,62
word,instituted,1490,10
word,effective,1491,86
word,procedures,1492,31
word,aid,1493,104
word,bilateral,1494,4
word,copyright,1495,13
word,agreement,1496,275
word,trademark,1497,6
word,introducing,1498,9
word,legislation,1499,119
word,protect,1500,48
word,foreign,1501,307
word,producers,1502,113
word,unauthorized,1503,9
word,films,1504,18
word,measure,1505,114
word,compel,1506,2
word,Taipei,1507,13
word,small,1508,292
word,showing,1509,58
word,part,1510,409
word,vowed,1511,12
word,enact,1512,7
word,compatible,1513,7
word,international,1514,144
word,standards,1515,68
word,apply,1516,35
word,computer,1517,266
word,literary,1518,8
word,works,1519,63
word,These,1520,146
word,completely,1521,24
word,hook,1522,7
word,Those,1523,61
word,Italy,1524,46
word,Canada,1525,125
word,Greece,1526,11
word,Spain,1527,36
word,concern,1528,308
word,deemed,1529,8
word,pose,1530,5
word,problems,1531,259
word,American,1532,576
word,patent,1533,40
word,Hoffman,1534,17
word,lawyer,1535,69
word,specializing,1536,8
word,cases,1537,146
word,threat,1538,50
word,retaliation,1539,4
word,combined,1540,56
word,recognition,1541,16
word,protecting,1542,11
word,prompted,1543,31
word,improvements,1544,20
word,tells,1545,23
word,efforts,1546,139
word,craft,1547,4
word,concerned,1548,55
word,disturbing,1549,9
word,developments,1550,21
word,Turkey,1551,19
word,continuing,1552,91
word,slow,1553,78
word,Malaysia,1554,23
word,elaborate,1555,34
word,reports,1556,135
word,complained,1557,32
word,videocassette,1558,7
word,disregard,1559,2
word,pharmaceutical,1560,35
word,requires,1561,39
word,So,1562,170
word,bad,1563,107
word,enough,1564,183
word,merit,1565,12
word,investigation,1566,58
word,provision,1567,77
word,Argentina,1568,6
word,ask,1569,48
word,creditor,1570,16
word,banks,1571,344
word,halve,1572,2
word,developing,1573,54
word,declaration,1574,8
word,Economy,1575,4
word,Minister,1576,54
word,Rapanelli,1577,4
word,believed,1578,62
word,action,1579,164
word,Argentine,1580,3
word,stature,1581,3
word,Latin,1582,29
word,little,1583,264
word,reach,1584,65
word,reduction,1585,62
word,external,1586,7
word,met,1587,67
word,Assistant,1588,8
word,Secretary,1589,69
word,David,1590,145
word,Mulford,1591,10
word,negotiator,1592,4
word,Carlos,1593,14
word,President,1594,248
word,Menem,1595,2
word,office,1596,261
word,feels,1597,12
word,significant,1598,110
word,principal,1599,66
word,solved,1600,7
word,wants,1601,125
word,forgiven,1602,3
word,-LRB-,1603,1109
word,During,1604,64
word,centennial,1605,10
word,Wall,1606,256
word,Street,1607,259
word,century,1608,44
word,stand,1609,66
word,milestones,1610,10
word,history,1611,98
word,-RRB-,1612,1122
word,CHANGED,1613,2
word,personal,1614,142
word,computing,1615,13
word,launched,1616,58
word,Apple,1617,38
word,II,1618,51
word,Commodore,1619,16
word,Tandy,1620,21
word,computers,1621,161
word,crude,1622,38
word,television,1623,120
word,sets,1624,41
word,screens,1625,14
word,stored,1626,3
word,data,1627,144
word,major,1628,530
word,advance,1629,52
word,built,1630,92
word,garage,1631,3
word,Stephen,1632,46
word,Steven,1633,22
word,Club,1634,13
word,affordable,1635,5
word,Crude,1636,6
word,PCs,1637,16
word,triggered,1638,38
word,explosive,1639,6
word,product,1640,195
word,desktop,1641,8
word,models,1642,48
word,home,1643,238
word,mainframe,1644,28
word,unlike,1645,34
word,types,1646,43
word,Sol,1647,3
word,store,1648,68
word,memories,1649,11
word,Current,1650,11
word,faster,1651,37
word,memory,1652,34
word,capacity,1653,85
word,greater,1654,79
word,counterparts,1655,15
word,pioneer,1656,5
word,PC,1657,18
word,contributors,1658,2
word,Gates,1659,12
word,Paul,1660,60
word,Allen,1661,17
word,developed,1662,77
word,system,1663,283
word,became,1664,97
word,billionaire,1665,7
word,IBM,1666,155
word,adapted,1667,9
word,versions,1668,21
word,F.,1669,44
word,Seagate,1670,8
word,Technology,1671,51
word,disk,1672,30
word,drives,1673,39
word,Dennis,1674,20
word,Hayes,1675,4
word,Dale,1676,8
word,Atlanta,1677,35
word,engineers,1678,20
word,allow,1679,110
word,via,1680,159
word,telephone,1681,93
word,leader,1682,96
word,entered,1683,40
word,Today,1684,45
word,shipments,1685,29
word,annually,1686,56
word,Faulding,1687,3
word,Australian,1688,53
word,pharmaceuticals,1689,10
word,Moleculon,1690,3
word,affiliate,1691,37
word,acquired,1692,135
word,Kalipharma,1693,2
word,sells,1694,47
word,label,1695,12
word,voting,1696,32
word,stake,1697,307
word,together,1698,81
word,convertible,1699,105
word,preferred,1700,94
word,holdings,1701,59
word,gives,1702,60
word,right,1703,235
word,Oil,1704,53
word,production,1705,257
word,Australia,1706,83
word,Bass,1707,16
word,fields,1708,39
word,raised,1709,133
word,"11,000",1710,5
word,barrels,1711,47
word,launch,1712,42
word,Whiting,1713,4
word,scheduled,1714,119
word,brought,1715,88
word,Esso,1716,6
word,Exxon,1717,55
word,Broken,1718,2
word,Hill,1719,39
word,Pty.,1720,3
word,operate,1721,47
word,joint,1722,113
word,venture,1723,112
word,started,1724,114
word,Output,1725,5
word,gradually,1726,10
word,reaches,1727,17
word,reserves,1728,106
word,Reserves,1729,13
word,start,1730,115
word,producing,1731,50
word,excise,1732,3
word,R.P.,1733,3
word,Scherer,1734,3
word,Southern,1735,56
word,Optical,1736,2
word,subsidiary,1737,150
word,Thomas,1738,72
word,Sloan,1739,9
word,Following,1740,15
word,buy-out,1741,165
word,Shearson,1742,106
word,Lehman,1743,74
word,Hutton,1744,69
word,capsules,1745,2
word,divest,1746,3
word,itself,1747,147
word,certain,1748,218
word,businesses,1749,228
word,program,1750,535
word,White,1751,145
word,Bush,1752,334
word,duty-free,1753,7
word,produced,1754,87
word,quantities,1755,13
word,Virgin,1756,6
word,Islands,1757,8
word,possessions,1758,3
word,response,1759,80
word,petition,1760,11
word,Timex,1761,3
word,changes,1762,195
word,denied,1763,42
word,requested,1764,26
word,covered,1765,39
word,tariff,1766,4
word,classifications,1767,3
word,grant,1768,19
word,status,1769,38
word,categories,1770,19
word,injury,1771,9
word,producer,1772,61
word,seller,1773,16
word,low-priced,1774,5
word,battery-operated,1775,5
word,assembled,1776,9
word,Philippines,1777,24
word,preferences,1778,9
word,main,1779,89
word,beneficiaries,1780,14
word,eligible,1781,21
word,aide,1782,30
word,Magna,1783,8
word,McAlpine,1784,8
word,Frank,1785,52
word,Stronach,1786,5
word,stepping,1787,11
word,turn,1788,107
word,manufacturer,1789,37
word,effort,1790,148
word,reduce,1791,141
word,overhead,1792,13
word,curb,1793,23
word,satisfactory,1794,7
word,level,1795,205
word,achieved,1796,29
word,maintained,1797,25
word,finance,1798,128
word,An,1799,136
word,ambitious,1800,18
word,expansion,1801,57
word,left,1802,137
word,excess,1803,45
word,load,1804,25
word,automotive,1805,53
word,downturn,1806,35
word,despite,1807,125
word,steady,1808,34
word,cut,1809,246
word,quarterly,1810,87
word,dividend,1811,146
word,Class,1812,29
word,wallowing,1813,2
word,52-week,1814,7
word,Canadian,1815,130
word,dollars,1816,164
word,US$,1817,60
word,C$,1818,60
word,founder,1819,42
word,controlling,1820,26
word,shareholder,1821,101
word,seek,1822,105
word,unsuccessfully,1823,7
word,seat,1824,29
word,Parliament,1825,19
word,resume,1826,31
word,influential,1827,15
word,role,1828,120
word,running,1829,82
word,throughout,1830,46
word,organization,1831,61
word,personally,1832,11
word,restructuring,1833,155
word,assisted,1834,3
word,Manfred,1835,2
word,consulting,1836,52
word,career,1837,36
word,clients,1838,132
word,Lord,1839,8
word,63-year-old,1840,2
word,English,1841,31
word,chemical,1842,66
word,nearly,1843,207
word,single-handedly,1844,4
word,bought,1845,139
word,mortgage,1846,106
word,totaling,1847,28
word,Mortgage,1848,40
word,purchases,1849,71
word,instruments,1850,41
word,Fannie,1851,41
word,Mae,1852,53
word,O.,1853,12
word,Maxwell,1854,33
word,conference,1855,88
word,institutional,1856,71
word,rest,1857,91
word,went,1858,128
word,France,1859,103
word,Hong,1860,127
word,Kong,1861,120
word,Earlier,1862,53
word,snapped,1863,13
word,similar,1864,133
word,mortgage-backed,1865,13
word,put,1866,250
word,Blackstone,1867,8
word,investment,1868,503
word,bank,1869,404
word,jointly,1870,46
word,Goldman,1871,57
word,Sachs,1872,53
word,Daiwa,1873,31
word,Co,1874,163
word,seven-year,1875,9
word,offering,1876,260
word,fixed-rate,1877,25
word,floating-rate,1878,8
word,linked,1879,30
word,London,1880,222
word,interbank,1881,15
word,key,1882,113
word,advantages,1883,12
word,designed,1884,92
word,eliminate,1885,35
word,prepayment,1886,6
word,forces,1887,69
word,Second,1888,24
word,channel,1889,12
word,payments,1890,137
word,semiannual,1891,9
word,reducing,1892,36
word,burden,1893,25
word,addressing,1894,7
word,extremely,1895,45
word,attractive,1896,33
word,Such,1897,70
word,boosted,1898,50
word,outstanding,1899,187
word,rapid,1900,28
word,purchasers,1901,10
word,buying,1902,247
word,tenth,1903,2
word,issued,1904,113
word,L.,1905,63
word,54-year-old,1906,2
word,oil,1907,282
word,expanding,1908,33
word,members,1909,205
word,LTV,1910,33
word,judge,1911,134
word,agreed,1912,282
word,extend,1913,39
word,steel,1914,111
word,aerospace,1915,29
word,energy,1916,78
word,exclusive,1917,30
word,file,1918,44
word,Bankruptcy,1919,28
word,Code,1920,23
word,giving,1921,66
word,creditors,1922,90
word,lawsuits,1923,38
word,debts,1924,25
word,giant,1925,74
word,Montedison,1926,12
word,S.p.A.,1927,5
word,Acquisition,1928,29
word,indirect,1929,10
word,37-a-share,1930,2
word,tender,1931,46
word,Erbamont,1932,11
word,incorporated,1933,7
word,Netherlands,1934,19
word,advertised,1935,6
word,editions,1936,6
word,expire,1937,30
word,November,1938,62
word,pursuant,1939,4
word,gold,1940,103
word,currencies,1941,36
word,drawing,1942,15
word,hefty,1943,20
word,Finance,1944,44
word,marks,1945,122
word,sixth,1946,16
word,consecutive,1947,36
word,protracted,1948,4
word,reflects,1949,58
word,intensity,1950,8
word,Bank,1951,352
word,intervention,1952,14
word,June,1953,160
word,currency,1954,114
word,temporarily,1955,41
word,surged,1956,53
word,above,1957,150
word,yen,1958,361
word,announcement,1959,96
word,follows,1960,50
word,sharper,1961,6
word,craze,1962,6
word,sweeping,1963,22
word,rash,1964,8
word,closed-end,1965,10
word,publicly,1966,69
word,traded,1967,104
word,portfolios,1968,35
word,invest,1969,43
word,stocks,1970,521
word,single,1971,84
word,regulators,1972,90
word,triple,1973,8
word,Charles,1974,66
word,E.,1975,60
word,Simon,1976,7
word,Washington-based,1977,6
word,turf,1978,9
word,ranged,1979,12
word,Chile,1980,7
word,Austria,1981,2
word,Portugal,1982,7
word,Next,1983,29
word,Philippine,1984,15
word,capped,1985,25
word,visit,1986,40
word,Corazon,1987,4
word,Aquino,1988,8
word,head,1989,146
word,kicked,1990,8
word,Board,1991,271
word,here,1992,217
word,province,1993,8
word,?,1994,365
word,Anything,1995,6
word,how,1996,345
word,Guinea,1997,5
word,quips,1998,3
word,George,1999,92
word,Foot,2000,5
word,managing,2001,75
word,partner,2002,98
word,Newgate,2003,3
word,Management,2004,84
word,Associates,2005,64
word,Northampton,2006,2
word,Mass,2007,19
word,explosion,2008,11
word,mania,2009,5
word,1920s,2010,7
word,narrowly,2011,12
word,focused,2012,22
word,wildly,2013,10
word,popular,2014,56
word,crash,2015,98
word,Unlike,2016,20
word,traditional,2017,62
word,issuing,2018,13
word,fixed,2019,67
word,surge,2020,44
word,brings,2021,12
word,soon,2022,134
word,listed,2023,59
word,account,2024,149
word,billions,2025,31
word,People,2026,83
word,claims,2027,169
word,available,2028,145
word,runs,2029,59
word,Michael,2030,127
word,Porter,2031,7
word,analyst,2032,251
word,Smith,2033,92
word,Barney,2034,26
word,Harris,2035,27
word,Upham,2036,18
word,Behind,2037,5
word,hoopla,2038,2
word,heavy-duty,2039,3
word,As,2040,332
word,individual,2041,119
word,scrambled,2042,10
word,find,2043,150
word,brokers,2044,103
word,easy,2045,54
word,sell,2046,449
word,stretching,2047,7
word,nets,2048,4
word,wide,2049,46
word,planners,2050,30
word,often,2051,195
word,urge,2052,14
word,diversify,2053,7
word,hold,2054,115
word,smattering,2055,2
word,emerging,2056,19
word,markets,2057,362
word,outpaced,2058,5
word,mature,2059,27
word,Country,2060,5
word,get,2061,438
word,taste,2062,13
word,burned,2063,10
word,Political,2064,3
word,gyrations,2065,24
word,Another,2066,69
word,prices,2067,677
word,tend,2068,39
word,swing,2069,12
word,broader,2070,29
word,Oct.,2071,300
word,instance,2072,79
word,plunged,2073,57
word,clobbered,2074,5
word,wild,2075,23
word,frenzy,2076,8
word,historically,2077,14
word,fat,2078,15
word,premiums,2079,30
word,discount,2080,72
word,late,2081,281
word,premium,2082,77
word,reason,2083,115
word,Share,2084,9
word,climbed,2085,72
word,partially,2086,6
word,specialists,2087,42
word,European,2088,176
word,skyrocketed,2089,6
word,startling,2090,7
word,targeted,2091,18
word,long-term,2092,132
word,play,2093,78
word,integration,2094,16
word,invested,2095,40
word,jumped,2096,93
word,'m,2097,125
word,alarmed,2098,5
word,see,2099,253
word,rich,2100,30
word,valuations,2101,2
word,newly,2102,36
word,fattened,2103,3
word,reflect,2104,49
word,increasingly,2105,57
word,global,2106,46
word,suggests,2107,45
word,Asia,2108,37
word,Europe,2109,186
word,exposure,2110,37
word,resistant,2111,5
word,viewpoint,2112,5
word,cast,2113,22
word,Nonetheless,2114,11
word,plenty,2115,29
word,analysts,2116,400
word,lofty,2117,3
word,levels,2118,130
word,buy,2119,457
word,depositary,2120,12
word,receipts,2121,20
word,ADRs,2122,5
word,represent,2123,46
word,essentially,2124,26
word,insist,2125,34
word,jumping,2126,5
word,advice,2127,30
word,folks,2128,11
word,party,2129,82
word,better,2130,189
word,ready,2131,35
word,quickly,2132,107
word,Soviet,2133,246
word,Union,2134,176
word,technical,2135,55
word,talks,2136,133
word,repayment,2137,8
word,Moscow,2138,58
word,Russian,2139,21
word,owed,2140,27
word,Department,2141,244
word,If,2142,382
word,repaid,2143,10
word,clear,2144,137
word,Soviets,2145,63
word,happen,2146,43
word,permitted,2147,24
word,branch,2148,38
word,Foreign,2149,48
word,Economic,2150,30
word,Affairs,2151,18
word,crippled,2152,4
word,unless,2153,70
word,settle,2154,46
word,lent,2155,10
word,short-lived,2156,4
word,democratic,2157,20
word,Communists,2158,11
word,seized,2159,9
word,Johnson,2160,68
word,Debt,2161,3
word,Act,2162,65
word,amended,2163,12
word,Americans,2164,95
word,credit,2165,226
word,Monetary,2166,14
word,U.S.S.R.,2167,10
word,belongs,2168,8
word,neither,2169,40
word,stressed,2170,9
word,satisfying,2171,5
word,legal,2172,143
word,obstacles,2173,10
word,hundreds,2174,52
word,millions,2175,40
word,War,2176,33
word,reflection,2177,9
word,leveling,2178,4
word,manufactured,2179,13
word,goods,2180,123
word,failed,2181,128
word,rise,2182,195
word,Meanwhile,2183,104
word,Purchasing,2184,5
word,survey,2185,90
word,indicated,2186,73
word,Its,2187,85
word,index,2188,323
word,Any,2189,19
word,reading,2190,33
word,sector,2191,92
word,generally,2192,107
word,purchasing,2193,39
word,however,2194,231
word,booked,2195,5
word,defense,2196,136
word,contractors,2197,20
word,fallen,2198,39
word,separate,2199,90
word,ran,2200,33
word,significantly,2201,52
word,Private,2202,14
word,building,2203,189
word,activity,2204,113
word,adjusted,2205,54
word,remove,2206,24
word,effects,2207,49
word,usual,2208,47
word,seasonal,2209,18
word,patterns,2210,12
word,inflation,2211,165
word,Kenneth,2212,19
word,economist,2213,78
word,Society,2214,24
word,Cleveland,2215,32
word,revive,2216,25
word,residential,2217,19
word,pick,2218,39
word,slack,2219,9
word,asked,2220,138
word,draw,2221,27
word,blank,2222,10
word,measures,2223,73
word,slowly,2224,21
word,payrolls,2225,4
word,Reserve,2226,90
word,Yet,2227,62
word,economists,2228,71
word,predicting,2229,23
word,slip,2230,14
word,recession,2231,111
word,cite,2232,8
word,lack,2233,60
word,imbalances,2234,9
word,provide,2235,171
word,warning,2236,37
word,signals,2237,15
word,Inventories,2238,3
word,watched,2239,21
word,clues,2240,8
word,Economists,2241,18
word,buildup,2242,10
word,inventories,2243,33
word,provoke,2244,4
word,cutbacks,2245,10
word,lead,2246,127
word,front,2247,48
word,`,2248,108
word,soft,2249,31
word,landing,2250,17
word,Elliott,2251,5
word,Platt,2252,5
word,Donaldson,2253,32
word,Lufkin,2254,30
word,Jenrette,2255,26
word,excessive,2256,16
word,slowdown,2257,58
word,eases,2258,5
word,leading,2259,115
word,intended,2260,45
word,climbing,2261,11
word,Orders,2262,6
word,durable,2263,22
word,durable-goods,2264,4
word,Shipments,2265,2
word,backlogs,2266,7
word,unfilled,2267,5
word,helped,2268,127
word,strength,2269,60
word,Excluding,2270,15
word,declined,2271,226
word,accounts,2272,114
word,Bankers,2273,31
word,predicted,2274,52
word,eventually,2275,59
word,boost,2276,100
word,single-family,2277,8
word,homes,2278,61
word,Spending,2279,3
word,private,2280,168
word,adjusting,2281,9
word,change,2282,227
word,contrast,2283,50
word,McGraw-Hill,2284,13
word,F.W.,2285,4
word,Dodge,2286,14
word,contracts,2287,157
word,awarded,2288,37
word,counts,2289,21
word,renovation,2290,3
word,slowing,2291,55
word,signaling,2292,3
word,imminent,2293,15
word,Bretz,2294,3
word,association,2295,45
word,committee,2296,130
word,materials,2297,64
word,Pitney,2298,6
word,Bowes,2299,6
word,Stamford,2300,16
word,low,2301,162
word,evidence,2302,96
word,export,2303,60
word,Only,2304,54
word,purchased,2305,58
word,steeper,2306,4
word,vendors,2307,5
word,delivering,2308,8
word,consider,2309,90
word,inflationary,2310,3
word,pressures,2311,27
word,abating,2312,2
word,suppliers,2313,12
word,handle,2314,35
word,delivery,2315,93
word,lengthen,2316,2
word,provided,2317,70
word,Each,2318,56
word,indicators,2319,26
word,difference,2320,61
word,reporting,2321,35
word,improvement,2322,54
word,particular,2323,64
word,worsening,2324,6
word,polled,2325,10
word,import,2326,38
word,acknowledging,2327,6
word,trend,2328,63
word,suspect,2329,19
word,going,2330,295
word,Items,2331,2
word,short,2332,128
word,supply,2333,95
word,numbered,2334,5
word,dozen,2335,41
word,included,2336,141
word,newcomer,2337,3
word,milk,2338,25
word,odd,2339,15
word,thing,2340,110
word,row,2341,17
word,shortage,2342,19
word,blamed,2343,25
word,dairy,2344,6
word,exceptionally,2345,5
word,coupled,2346,9
word,quotas,2347,13
word,Pamela,2348,3
word,Sebastian,2349,2
word,contributed,2350,75
word,article,2351,79
word,Here,2352,54
word,seasonally,2353,22
word,manufacturers,2354,60
word,Judging,2355,3
word,Americana,2356,3
word,Murakami,2357,2
word,Wild,2358,6
word,Sheep,2359,4
word,Chase,2360,35
word,Kodansha,2361,2
word,baby,2362,18
word,boomers,2363,10
word,sides,2364,52
word,lot,2365,171
word,novel,2366,24
word,texture,2367,2
word,entirely,2368,24
word,especially,2369,118
word,Characters,2370,2
word,drink,2371,15
word,Dogs,2372,5
word,Johnny,2373,2
word,Goode,2374,3
word,Bugs,2375,2
word,reruns,2376,6
word,read,2377,67
word,Mickey,2378,4
word,talk,2379,73
word,worry,2380,43
word,careers,2381,9
word,broken,2382,26
word,marriages,2383,2
word,affairs,2384,37
word,reader,2385,10
word,charm,2386,3
word,engaging,2387,8
word,recognizing,2388,6
word,buttoned-down,2389,2
word,society,2390,42
word,contemporary,2391,11
word,refreshing,2392,2
word,author,2393,23
word,belong,2394,11
word,self-aggrandizing,2395,2
word,school,2396,99
word,writers,2397,13
word,perpetuate,2398,3
word,notion,2399,18
word,unique,2400,10
word,outsiders,2401,12
word,carries,2402,35
word,implicit,2403,6
word,relations,2404,51
word,think,2405,297
word,plot,2406,12
word,rooted,2407,5
word,reality,2408,19
word,imaginative,2409,5
word,funny,2410,10
word,hero,2411,9
word,snow,2412,5
word,search,2413,22
word,elusive,2414,5
word,sheep,2415,2
word,star,2416,18
word,back,2417,420
word,behest,2418,4
word,sinister,2419,2
word,erudite,2420,2
word,mobster,2421,2
word,Stanford,2422,8
word,degree,2423,21
word,tow,2424,2
word,girlfriend,2425,7
word,mark,2426,54
word,her,2427,414
word,anything,2428,98
word,butterfly,2429,2
word,meets,2430,7
word,solicitous,2431,2
word,Christian,2432,16
word,chauffeur,2433,2
word,offers,2434,75
word,God,2435,16
word,phone,2436,54
word,Man,2437,8
word,sweet,2438,12
word,figure,2439,76
word,wears,2440,7
word,else,2441,70
word,sheepskin,2442,2
word,40-year-old,2443,7
word,sensation,2444,3
word,Norwegian,2445,7
word,Wood,2446,11
word,seems,2447,109
word,fluent,2448,3
word,Beatles,2449,2
word,copies,2450,25
word,published,2451,37
word,youthful,2452,2
word,Tokyo,2453,164
word,brat,2454,2
word,pack,2455,12
word,dominating,2456,2
word,charts,2457,7
word,Their,2458,43
word,books,2459,49
word,written,2460,41
word,language,2461,42
word,usually,2462,97
word,carry,2463,62
word,Gotta,2464,2
word,Have,2465,7
word,Wa,2466,3
word,Macmillan,2467,9
word,baseball,2468,50
word,Nipponese,2469,2
word,version,2470,57
word,call,2471,103
word,game,2472,85
word,describes,2473,11
word,mirror,2474,9
word,fabled,2475,4
word,virtues,2476,4
word,harmony,2477,6
word,spirit,2478,13
word,ballplayers,2479,4
word,player,2480,33
word,commitment,2481,33
word,practice,2482,69
word,image,2483,67
word,important,2484,170
word,batting,2485,2
word,Polls,2486,4
word,Giants,2487,23
word,humble,2488,3
word,soul,2489,4
word,male,2490,18
word,symbol,2491,15
word,played,2492,51
word,ball,2493,9
word,bat,2494,4
word,unrecognizable,2495,2
word,Fans,2496,2
word,foul,2497,3
word,balls,2498,6
word,stadium,2499,20
word,ushers,2500,2
word,strike,2501,86
word,zone,2502,5
word,expands,2503,4
word,depending,2504,18
word,size,2505,90
word,hitter,2506,3
word,ties,2507,38
word,honorably,2508,2
word,sidestep,2509,2
word,shame,2510,7
word,defeat,2511,13
word,players,2512,59
word,must,2513,236
word,abide,2514,2
word,strict,2515,15
word,rules,2516,112
word,conduct,2517,25
word,lives,2518,38
word,always,2519,115
word,wear,2520,15
word,road,2521,37
word,amusing,2522,6
word,chronicle,2523,3
word,fare,2524,21
word,enormous,2525,37
word,sums,2526,9
word,plate,2527,11
word,run,2528,156
word,Funny,2529,3
word,Katzenstein,2530,5
word,complaint,2531,22
word,whom,2532,53
word,Sony,2533,93
word,hosted,2534,2
word,regret,2535,8
word,parties,2536,64
word,sometimes,2537,59
word,vicious,2538,7
word,mundane,2539,5
word,aspects,2540,23
word,employees,2541,211
word,assigned,2542,16
word,lunch,2543,17
word,partners,2544,57
word,austere,2545,3
word,dormitory,2546,2
word,Some,2547,306
word,observations,2548,4
word,style,2549,45
word,salarymen,2550,2
word,unproductive,2551,2
word,overtime,2552,11
word,sake,2553,2
word,solidarity,2554,2
word,assistant,2555,46
word,letting,2556,14
word,young,2557,80
word,employee,2558,55
word,responsibility,2559,40
word,frustrating,2560,4
word,science,2561,14
word,invent,2562,3
word,ultimately,2563,38
word,lesson,2564,13
word,fired,2565,26
word,committed,2566,39
word,social,2567,44
word,crime,2568,57
word,appointment,2569,20
word,venerable,2570,6
word,Akio,2571,4
word,Morita,2572,3
word,never,2573,166
word,certainly,2574,54
word,learned,2575,33
word,something,2576,125
word,Ms.,2577,205
word,Kirkpatrick,2578,2
word,deputy,2579,44
word,editorial,2580,28
word,features,2581,25
word,corners,2582,5
word,globe,2583,7
word,becoming,2584,39
word,tobacco,2585,30
word,smoke,2586,15
word,Singapore,2587,42
word,entering,2588,16
word,restaurants,2589,26
word,stores,2590,113
word,sports,2591,65
word,centers,2592,50
word,clubs,2593,7
word,exempt,2594,9
word,smoking,2595,12
word,bars,2596,7
word,except,2597,51
word,hours,2598,113
word,bans,2599,7
word,theaters,2600,7
word,elevators,2601,9
word,hospitals,2602,20
word,fast-food,2603,34
word,minister,2604,40
word,prime,2605,36
word,Week,2606,5
word,Kuala,2607,5
word,Lumpur,2608,5
word,urged,2609,39
word,visiting,2610,6
word,stalls,2611,2
word,posters,2612,4
word,restricts,2613,6
word,designated,2614,8
word,indicates,2615,30
word,consumers,2616,80
word,materialistic,2617,3
word,carried,2618,34
word,Backer,2619,14
word,Spielvogel,2620,23
word,Bates,2621,14
word,agency,2622,276
word,colony,2623,16
word,feel,2624,84
word,pressured,2625,11
word,surveyed,2626,23
word,identified,2627,36
word,one-third,2628,32
word,great,2629,109
word,deal,2630,195
word,stress,2631,26
word,Thai,2632,2
word,cabinet,2633,11
word,endorsed,2634,12
word,proposal,2635,195
word,build,2636,121
word,center,2637,90
word,"20,000",2638,24
word,Bangkok,2639,2
word,Central,2640,45
word,Plaza,2641,9
word,Hotel,2642,14
word,balked,2643,7
word,conditions,2644,93
word,undertaking,2645,8
word,necessary,2646,69
word,Yasser,2647,2
word,Arafat,2648,12
word,Olympic,2649,5
word,Committee,2650,120
word,asking,2651,44
word,Palestinian,2652,13
word,Palestine,2653,2
word,Liberation,2654,4
word,Organization,2655,25
word,membership,2656,41
word,renewed,2657,28
word,application,2658,19
word,PLO,2659,12
word,organizations,2660,29
word,win,2661,75
word,Health,2662,65
word,Tourism,2663,3
word,Beijing,2664,46
word,mainland,2665,2
word,Chinese,2666,65
word,AIDS,2667,28
word,sex,2668,20
word,Daily,2669,18
word,man,2670,105
word,disease,2671,22
word,hospital,2672,30
word,tests,2673,55
word,Once,2674,36
word,confirmed,2675,43
word,associates,2676,23
word,family,2677,150
word,tested,2678,16
word,newspaper,2679,83
word,chaotic,2680,4
word,life,2681,190
word,Polish,2682,24
word,charges,2683,164
word,gas,2684,154
word,unrealistically,2685,3
word,line,2686,190
word,compensate,2687,11
word,coal,2688,37
word,happier,2689,2
word,establishing,2690,12
word,diplomatic,2691,9
word,Poland,2692,84
word,loans,2693,247
word,financially,2694,23
word,strapped,2695,9
word,Warsaw,2696,19
word,victory,2697,24
word,environmentalists,2698,12
word,Hungary,2699,37
word,parliament,2700,11
word,terminated,2701,12
word,multibillion-dollar,2702,5
word,River,2703,35
word,dam,2704,7
word,Austrian,2705,2
word,Nagymaros,2706,2
word,upstream,2707,3
word,Czechoslovakia,2708,10
word,ending,2709,58
word,authorized,2710,23
word,Prime,2711,44
word,Nemeth,2712,2
word,modify,2713,5
word,environmental,2714,67
word,damage,2715,128
word,twin,2716,3
word,planned,2717,98
word,Czech,2718,3
word,ca,2719,170
word,operated,2720,13
word,solely,2721,15
word,peak,2722,22
word,periods,2723,18
word,painting,2724,12
word,Scandinavian,2725,5
word,Stockholm,2726,16
word,painted,2727,8
word,oils,2728,8
word,playwright,2729,6
word,weddings,2730,2
word,upturn,2731,4
word,"6,000",2732,16
word,couples,2733,17
word,rings,2734,3
word,national,2735,185
word,statistics,2736,30
word,"400,000",2737,20
word,debentures,2738,76
word,due,2739,333
word,"100,000",2740,45
word,bond,2741,248
word,warrants,2742,42
word,Toronto-based,2743,14
word,real,2744,287
word,estate,2745,177
word,warrant,2746,23
word,entitles,2747,4
word,holder,2748,27
word,"1,000",2749,89
word,par,2750,74
word,accrued,2751,14
word,date,2752,66
word,Lead,2753,2
word,underwriters,2754,53
word,Scotia,2755,2
word,RBC,2756,2
word,Dominion,2757,7
word,dealers,2758,105
word,actor,2759,14
word,Lane,2760,22
word,Charlie,2761,9
word,Chaplin,2762,4
word,Steve,2763,19
word,Martin,2764,37
word,laid,2765,13
word,claim,2766,64
word,writer,2767,27
word,Little,2768,25
word,Tramp,2769,5
word,film,2770,55
word,student,2771,36
word,Purchase,2772,3
word,campus,2773,7
word,shot,2774,32
word,Place,2775,2
word,black-and-white,2776,3
word,sketch,2777,2
word,artist,2778,14
word,streets,2779,23
word,revived,2780,11
word,Artist,2781,8
word,Sidewalk,2782,4
word,Stories,2783,4
word,poignant,2784,2
word,piece,2785,42
word,modern-day,2786,3
word,Of,2787,55
word,contained,2788,21
word,dialogue,2789,15
word,homeless,2790,18
word,person,2791,68
word,really,2792,120
word,silent,2793,6
word,Marc,2794,4
word,college,2795,50
word,friend,2796,27
word,earns,2797,10
word,living,2798,43
word,playing,2799,34
word,double,2800,48
word,bass,2801,3
word,classical,2802,4
word,music,2803,38
word,prepared,2804,58
word,exciting,2805,9
word,eclectic,2806,3
word,score,2807,12
word,characters,2808,18
word,thinking,2809,25
word,feeling,2810,21
word,precisely,2811,12
word,words,2812,55
word,Much,2813,26
word,takes,2814,74
word,highly,2815,74
word,romanticized,2816,2
word,view,2817,111
word,lovely,2818,6
word,black,2819,107
word,white,2820,64
word,Bill,2821,44
word,seem,2822,102
word,benign,2823,7
word,women,2824,91
word,walk,2825,19
word,purpose,2826,30
word,hangs,2827,5
word,Greenwich,2828,13
word,Village,2829,3
word,strip,2830,19
word,Sixth,2831,2
word,Avenue,2832,21
word,populated,2833,5
word,good-natured,2834,3
word,crack,2835,18
word,selling,2836,234
word,four-year-old,2837,5
word,cardboard,2838,2
word,box,2839,15
word,routine,2840,16
word,spends,2841,12
word,passers-by,2842,2
word,night,2843,83
word,returns,2844,100
word,condemned,2845,5
word,calls,2846,133
word,His,2847,96
word,competing,2848,28
word,given,2849,124
word,blind,2850,5
word,girl,2851,6
word,cure,2852,10
word,Lights,2853,3
word,charge,2854,188
word,returning,2855,14
word,two-year-old,2856,4
word,Nicole,2857,2
word,murdered,2858,8
word,mother,2859,27
word,cute,2860,2
word,child,2861,37
word,turns,2862,36
word,blessing,2863,6
word,sense,2864,88
word,serious,2865,78
word,inadequacy,2866,3
word,beds,2867,2
word,Mission,2868,3
word,To,2869,150
word,stakes,2870,23
word,dreamed,2871,4
word,romance,2872,4
word,woman,2873,82
word,children,2874,95
word,shop,2875,27
word,expensive,2876,60
word,apartment,2877,20
word,strongly,2878,30
word,camera,2879,14
word,behind,2880,86
word,final,2881,83
word,glamorize,2882,2
word,existence,2883,11
word,ends,2884,21
word,sound,2885,39
word,street,2886,29
word,whimsical,2887,3
word,enviable,2888,3
word,rough,2889,14
word,beaten,2890,6
word,voices,2891,11
word,French,2892,115
word,Claude,2893,3
word,Chabrol,2894,2
word,managed,2895,47
word,weird,2896,6
word,achievement,2897,8
word,Story,2898,5
word,Women,2899,9
word,harsh,2900,7
word,brilliant,2901,6
word,picture,2902,37
word,captivating,2903,2
word,character,2904,24
word,viewed,2905,26
word,sympathetic,2906,10
word,angle,2907,3
word,Marie-Louise,2908,3
word,historical,2909,17
word,significance,2910,8
word,executed,2911,17
word,Vichy,2912,2
word,hypocrisy,2913,4
word,collaborated,2914,3
word,Germans,2915,23
word,thousands,2916,55
word,Resistance,2917,2
word,fighters,2918,2
word,Jews,2919,5
word,needed,2920,108
word,symbolic,2921,5
word,abortionist,2922,2
word,accidentally,2923,2
word,enabled,2924,7
word,jam,2925,4
word,cocoa,2926,16
word,goodies,2927,4
word,untrained,2928,2
word,botched,2929,3
word,job,2930,134
word,killed,2931,28
word,client,2932,56
word,Her,2933,29
word,remorse,2934,3
word,dreadful,2935,2
word,husband,2936,32
word,openly,2937,10
word,lover,2938,2
word,presented,2939,23
word,Marie,2940,3
word,Latour,2941,2
word,nice,2942,19
word,deserve,2943,11
word,recommend,2944,11
word,Old,2945,25
word,confused,2946,4
word,rendering,2947,3
word,Mexican,2948,16
word,Revolution,2949,5
word,Most,2950,128
word,taken,2951,154
word,endless,2952,5
word,scenes,2953,12
word,fighting,2954,30
word,eating,2955,13
word,drinking,2956,16
word,celebrate,2957,4
word,mention,2958,15
word,movies,2959,50
word,bright,2960,14
word,spot,2961,39
word,Peck,2962,13
word,loose,2963,16
word,energetic,2964,7
word,portrayal,2965,4
word,die,2966,17
word,Video,2967,8
word,Tip,2968,2
word,Before,2969,31
word,seeing,2970,26
word,look,2971,138
word,finest,2972,4
word,Boeing,2973,44
word,discussing,2974,27
word,plans,2975,363
word,regular,2976,45
word,possibly,2977,35
word,larger,2978,71
word,discussions,2979,49
word,stages,2980,17
word,specific,2981,81
word,Seattle,2982,13
word,Kawasaki,2983,4
word,Heavy,2984,14
word,Industries,2985,111
word,Mitsubishi,2986,62
word,Fuji,2987,21
word,sections,2988,8
word,accounting,2989,59
word,aircraft,2990,59
word,press,2991,86
word,speculated,2992,16
word,contribution,2993,18
word,goes,2994,68
word,ahead,2995,104
word,plane,2996,19
word,hit,2997,122
word,mid-1990s,2998,6
word,negative,2999,74
word,secondary,3000,36
word,campaigns,3001,18
word,event,3002,43
word,irony,3003,6
word,attack,3004,32
word,commercial,3005,173
word,getting,3006,152
word,presidential,3007,23
word,campaign,3008,108
word,election,3009,47
word,contests,3010,2
word,scattered,3011,7
word,across,3012,83
word,ads,3013,70
word,fears,3014,50
word,mudslinging,3015,2
word,empty,3016,11
word,issues,3017,332
word,ushering,3018,2
word,era,3019,18
word,content,3020,10
word,stirrings,3021,2
word,politics,3022,37
word,dawn,3023,5
word,art,3024,32
word,stage,3025,33
word,consultant,3026,64
word,your,3027,172
word,TV,3028,160
word,needs,3029,81
word,bold,3030,12
word,entertaining,3031,7
word,means,3032,106
word,confrontational,3033,4
word,fights,3034,6
word,Take,3035,15
word,commercials,3036,14
word,tone,3037,25
word,elections,3038,44
word,Jersey,3039,52
word,Virginia,3040,35
word,screen,3041,25
word,fills,3042,3
word,tight,3043,23
word,facial,3044,3
word,Dinkins,3045,89
word,Democratic,3046,85
word,candidate,3047,29
word,mayor,3048,30
word,income,3049,428
word,straight,3050,24
word,voice,3051,35
word,Republican,3052,62
word,Giuliani,3053,28
word,Roger,3054,23
word,Ailes,3055,5
word,master,3056,22
word,gets,3057,56
word,contributions,3058,30
word,accurately,3059,7
word,links,3060,17
word,insurance,3061,280
word,convicted,3062,32
word,kidnapper,3063,3
word,phony,3064,8
word,kicker,3065,5
word,Why,3066,39
word,wait,3067,34
word,caught,3068,35
word,Siegal,3069,2
word,corruption,3070,12
word,simply,3071,105
word,exist,3072,24
word,Stung,3073,2
word,consultants,3074,43
word,finally,3075,50
word,unleashed,3076,4
word,shows,3077,83
word,distorted,3078,6
word,photos,3079,12
word,politicians,3080,43
word,Compare,3081,3
word,candidates,3082,48
word,One,3083,278
word,banning,3084,16
word,cop-killer,3085,3
word,bullets,3086,6
word,opposed,3087,50
word,pro-choice,3088,20
word,choose,3089,23
word,Who,3090,24
word,telling,3091,29
word,truth,3092,19
word,Everybody,3093,9
word,nobody,3094,21
word,classic,3095,14
word,situation,3096,103
word,accurate,3097,9
word,fail,3098,24
word,insists,3099,21
word,voluntarily,3100,10
word,admitted,3101,21
word,oversight,3102,8
word,secret,3103,21
word,Campaign,3104,4
word,refused,3105,44
word,matching,3106,20
word,incomplete,3107,8
word,errors,3108,14
word,know,3109,211
word,get-out-the-vote,3110,2
word,kidnapping,3111,5
word,Peter,3112,88
word,Powers,3113,5
word,deceptive,3114,8
word,side,3115,85
word,argues,3116,24
word,knows,3117,38
word,reservations,3118,11
word,Lt.,3119,4
word,Gov.,3120,28
word,Wilder,3121,9
word,gubernatorial,3122,6
word,battle,3123,76
word,Marshall,3124,29
word,Coleman,3125,19
word,abortion,3126,110
word,agree,3127,48
word,tour,3128,11
word,de,3129,93
word,Against,3130,6
word,superimposed,3131,2
word,flag,3132,22
word,tradition,3133,11
word,freedom,3134,24
word,liberty,3135,3
word,generations,3136,11
word,statue,3137,2
word,Jefferson,3138,8
word,wanted,3139,96
word,rape,3140,27
word,incest,3141,17
word,denies,3142,17
word,dynamics,3143,4
word,transforming,3144,2
word,referendum,3145,5
word,attorney,3146,113
word,series,3147,103
word,advertisements,3148,7
word,created,3149,90
word,Bob,3150,35
word,Goodman,3151,3
word,shake,3152,13
word,attracted,3153,25
word,featured,3154,12
word,close-up,3155,2
word,shadows,3156,2
word,suggested,3157,46
word,recalling,3158,3
word,unpleasant,3159,4
word,courtroom,3160,13
word,ordeal,3161,3
word,introduced,3162,77
word,bill,3163,293
word,victims,3164,56
word,younger,3165,26
word,interrogated,3166,2
word,lawyers,3167,129
word,accused,3168,51
word,tried,3169,57
word,pass,3170,40
word,constituent,3171,4
word,legislative,3172,27
word,technique,3173,21
word,lawmakers,3174,53
word,unfounded,3175,3
word,grown,3176,36
word,tired,3177,4
word,gotten,3178,21
word,stigma,3179,5
word,Mark,3180,36
word,scientist,3181,14
word,Mary,3182,28
word,onus,3183,2
word,campaigning,3184,5
word,devote,3185,7
word,remainder,3186,16
word,season,3187,59
word,positive,3188,47
word,truce,3189,8
word,lasted,3190,4
word,stations,3191,55
word,carrying,3192,31
word,featuring,3193,17
word,himself,3194,88
word,questions,3195,89
word,sensitivity,3196,2
word,attacks,3197,20
word,Rep.,3198,111
word,Florio,3199,22
word,aired,3200,9
word,Pinocchio,3201,3
word,photograph,3202,5
word,Jim,3203,28
word,Courter,3204,26
word,Remember,3205,7
word,female,3206,16
word,Consider,3207,13
word,mean,3208,63
word,dirty,3209,2
word,Pictures,3210,24
word,swim,3211,2
word,focus,3212,77
word,hazardous,3213,7
word,waste,3214,25
word,neighbors,3215,11
word,suing,3216,6
word,fraud,3217,59
word,nose,3218,9
word,grows,3219,14
word,involved,3220,122
word,cry,3221,5
word,partisans,3222,2
word,responded,3223,28
word,photographs,3224,7
word,lying,3225,13
word,asks,3226,24
word,barrel,3227,18
word,land,3228,67
word,heating,3229,15
word,cleaned,3230,3
word,pollution,3231,25
word,shrinks,3232,2
word,Salmore,3233,2
word,Eagleton,3234,2
word,environment,3235,50
word,Even,3236,122
word,devastating,3237,10
word,credibility,3238,27
word,route,3239,11
word,re-election,3240,7
word,rout,3241,4
word,Democrat,3242,27
word,O'Connor,3243,4
word,GOP,3244,36
word,Nelson,3245,18
word,Rockefeller,3246,32
word,appeared,3247,44
word,Chicago,3248,204
word,"350,000",3249,6
word,"16,000",3250,6
word,Friday,3251,318
word,Seats,3252,8
word,quoted,3253,81
word,exchange,3254,289
word,"550,000",3255,6
word,Aug.,3256,41
word,Southeast,3257,17
word,region,3258,57
word,toward,3259,121
word,Interviews,3260,2
word,suggest,3261,50
word,cooperation,3262,32
word,Asian,3263,29
word,pursued,3264,10
word,fits,3265,11
word,starts,3266,26
word,sparking,3267,4
word,domination,3268,5
word,posing,3269,4
word,fresh,3270,32
word,policy,3271,252
word,flow,3272,62
word,motion,3273,21
word,whereby,3274,4
word,economies,3275,23
word,Hormats,3276,3
word,tripled,3277,11
word,commitments,3278,45
word,Investment,3279,72
word,steep,3280,19
word,assistance,3281,46
word,cash-rich,3282,3
word,following,3283,154
word,pumping,3284,7
word,wages,3285,23
word,forcing,3286,21
word,sites,3287,14
word,labor-intensive,3288,4
word,known,3289,138
word,tigers,3290,2
word,contributing,3291,12
word,influence,3292,47
word,subordinate,3293,8
word,recipient,3294,2
word,jobs,3295,77
word,spur,3296,12
word,military,3297,115
word,fearful,3298,5
word,falling,3299,52
word,hegemony,3300,2
word,Because,3301,85
word,budget,3302,140
word,constraints,3303,8
word,encourages,3304,6
word,burdens,3305,8
word,ground,3306,40
word,coming,3307,135
word,decade,3308,78
word,comes,3309,89
word,swelling,3310,5
word,evolution,3311,8
word,concentrated,3312,12
word,1990s,3313,23
word,spurred,3314,10
word,multinationals,3315,4
word,plants,3316,119
word,accommodate,3317,17
word,decisions,3318,44
word,offend,3319,3
word,donor,3320,4
word,lender,3321,9
word,California,3322,306
word,Graduate,3323,7
word,School,3324,41
word,cohesive,3325,2
word,parallel,3326,9
word,Common,3327,10
word,Market,3328,66
word,approach,3329,69
word,Rather,3330,20
word,sectors,3331,22
word,specialist,3332,34
word,East,3333,174
word,Wilson,3334,11
word,Princeton,3335,6
word,tubes,3336,2
word,assemble,3337,2
word,Indonesia,3338,5
word,effect,3339,146
word,pull,3340,17
word,integrated,3341,20
word,Countries,3342,5
word,framework,3343,2
word,closer,3344,32
word,ministers,3345,19
word,discuss,3346,42
word,regional,3347,59
word,transportation,3348,68
word,telecommunications,3349,38
word,Zealand,3350,24
word,Nations,3351,8
word,Brunei,3352,2
word,rim,3353,3
word,speech,3354,28
word,Baker,3355,79
word,Hawke,3356,2
word,intention,3357,15
word,taking,3358,109
word,shape,3359,22
word,friends,3360,28
word,crucial,3361,28
word,designing,3362,9
word,architecture,3363,14
word,difficult,3364,102
word,dominance,3365,6
word,outstrips,3366,2
word,flows,3367,16
word,remains,3368,121
word,optimism,3369,7
word,enlarged,3370,2
word,convey,3371,5
word,undertone,3372,2
word,caution,3373,26
word,understanding,3374,17
word,functions,3375,17
word,commerce,3376,7
word,attitude,3377,26
word,net,3378,514
word,gain,3379,210
word,everyone,3380,56
word,step,3381,75
word,ease,3382,54
word,security,3383,89
word,uncertainty,3384,50
word,leases,3385,8
word,bases,3386,22
word,troop,3387,6
word,Many,3388,134
word,Asians,3389,3
word,regard,3390,12
word,desirable,3391,11
word,counterweight,3392,2
word,try,3393,109
word,monopolize,3394,2
word,Lee,3395,52
word,Pennsylvania,3396,38
word,Cathryn,3397,2
word,Rice,3398,6
word,hardly,3399,27
word,eyes,3400,21
word,Comprehensive,3401,19
word,Test,3402,7
word,Basic,3403,4
word,Skills,3404,3
word,ninth,3405,5
word,graders,3406,3
word,Greenville,3407,16
word,High,3408,37
word,spotted,3409,8
word,crib,3410,3
word,seen,3411,112
word,cheating,3412,16
word,notes,3413,246
word,uncanny,3414,3
word,stockbroker,3415,4
word,profession,3416,9
word,Germany,3417,130
word,surrendered,3418,6
word,passed,3419,71
word,forms,3420,28
word,Virtually,3421,2
word,word,3422,41
word,matched,3423,17
word,answers,3424,29
word,social-studies,3425,2
word,section,3426,45
word,test,3427,99
word,protest,3428,15
word,My,3429,36
word,teacher,3430,19
word,OK,3431,9
word,me,3432,127
word,Nancy,3433,10
word,Yeargin,3434,37
word,students,3435,69
word,parents,3436,47
word,Confronted,3437,2
word,examination,3438,16
word,low-ability,3439,3
word,geography,3440,6
word,classes,3441,23
word,gone,3442,45
word,display,3443,23
word,underline,3444,2
word,prosecuted,3445,6
word,unusual,3446,51
word,Carolina,3447,38
word,breach,3448,13
word,pleaded,3449,20
word,guilty,3450,55
word,alternative,3451,39
word,jail,3452,16
word,partly,3453,84
word,downfall,3454,2
word,won,3455,83
word,inspired,3456,12
word,teach,3457,11
word,wake,3458,47
word,bitterness,3459,2
word,anger,3460,11
word,colleagues,3461,41
word,defended,3462,12
word,treated,3463,12
word,harshly,3464,5
word,stunned,3465,7
word,nature,3466,36
word,actions,3467,54
word,casts,3468,4
word,light,3469,92
word,dark,3470,14
word,reform,3471,53
word,teachers,3472,28
word,high-stakes,3473,3
word,testing,3474,23
word,enhanced,3475,16
word,temptation,3476,8
word,cheat,3477,3
word,statute,3478,12
word,violated,3479,18
word,enforce,3480,7
word,provisions,3481,72
word,laws,3482,66
word,Prosecutors,3483,7
word,alleged,3484,60
word,bolster,3485,25
word,scores,3486,23
word,bonus,3487,12
word,Education,3488,16
word,Improvement,3489,3
word,depended,3490,4
word,ability,3491,83
word,incredible,3492,4
word,pressure,3493,116
word,Walt,3494,10
word,education,3495,53
word,educators,3496,7
word,wrongdoing,3497,17
word,Friends,3498,6
word,Albuquerque,3499,5
word,N.M.,3500,7
word,concluded,3501,41
word,outright,3502,8
word,standardized,3503,9
word,greatly,3504,23
word,inflated,3505,8
word,Evidence,3506,3
word,widespread,3507,38
word,surfaced,3508,11
word,states,3509,133
word,suspects,3510,9
word,adult,3511,9
word,wrong,3512,50
word,ones,3513,68
word,statewide,3514,6
word,numerous,3515,30
word,occurrences,3516,2
word,revising,3517,2
word,practices,3518,51
word,test-coaching,3519,2
word,booklets,3520,5
word,classroom,3521,12
word,instruction,3522,5
word,booming,3523,14
word,Macmillan\/McGraw-Hill,3524,3
word,Publishing,3525,12
word,Scoring,3526,13
word,Learning,3527,14
word,Materials,3528,10
word,nothing,3529,85
word,sophisticated,3530,35
word,academic,3531,23
word,telegraph,3532,2
word,beforehand,3533,3
word,precise,3534,10
word,areas,3535,110
word,concentrate,3536,25
word,Use,3537,5
word,County,3538,70
word,district,3539,77
word,Experts,3540,7
word,promotions,3541,19
word,entire,3542,66
word,districts,3543,31
word,extra,3544,44
word,lab,3545,6
word,grants,3546,20
word,projects,3547,105
word,superintendent,3548,2
word,Since,3549,99
word,reforms,3550,40
word,posts,3551,17
word,lowest,3552,17
word,primary,3553,49
word,entrance,3554,2
word,Critics,3555,10
word,stressing,3556,6
word,worst,3557,36
word,Says,3558,30
word,Cannell,3559,3
word,prosecuting,3560,5
word,administrators,3561,6
word,seriously,3562,23
word,allegations,3563,33
word,purely,3564,4
word,foundation,3565,14
word,unfair,3566,24
word,inferences,3567,2
word,Partly,3568,5
word,worries,3569,20
word,abuse,3570,22
word,keeping,3571,41
word,track,3572,39
word,preparation,3573,7
word,hill,3574,4
word,run-down,3575,2
word,textile,3576,12
word,educated,3577,6
word,brightest,3578,5
word,governors,3579,9
word,Nobel,3580,8
word,Prize,3581,4
word,winning,3582,24
word,physicist,3583,4
word,actress,3584,5
word,Joanne,3585,2
word,Woodward,3586,2
word,1980s,3587,45
word,glory,3588,8
word,faded,3589,5
word,yellow,3590,7
word,bricks,3591,8
word,broad,3592,56
word,facade,3593,2
word,violence,3594,17
word,gangs,3595,6
word,kids,3596,21
word,Linda,3597,10
word,Ward,3598,15
word,Crime,3599,7
word,awful,3600,10
word,enrollment,3601,3
word,programs,3602,169
word,seventh,3603,9
word,immediate,3604,40
word,predecessor,3605,13
word,suffered,3606,42
word,nervous,3607,21
word,breakdown,3608,11
word,Prior,3609,7
word,term,3610,83
word,death,3611,69
word,halls,3612,6
word,stabbed,3613,5
word,trouble,3614,58
word,serving,3615,20
word,evenly,3616,7
word,split,3617,60
word,privileged,3618,3
word,elite,3619,4
word,neighborhoods,3620,16
word,blacks,3621,44
word,inner,3622,9
word,resolved,3623,22
word,clean,3624,15
word,deadwood,3625,2
word,faculty,3626,7
word,restore,3627,25
word,safety,3628,63
word,behalf,3629,31
word,overall,3630,62
word,educational,3631,31
word,funding,3632,65
word,ushered,3633,3
word,ambitions,3634,7
word,reformers,3635,7
word,Being,3636,4
word,my,3637,216
word,37-year-old,3638,3
word,dismissal,3639,11
word,loved,3640,10
word,things,3641,162
word,restructured,3642,15
word,staff,3643,106
word,struggled,3644,7
word,curriculum,3645,5
word,fast,3646,32
word,favorite,3647,22
word,1986-87,3648,2
word,1987-88,3649,4
word,Encouraged,3650,2
word,taught,3651,13
word,cadet,3652,2
word,creation,3653,18
word,encourage,3654,35
word,teaching,3655,12
word,advised,3656,19
word,pep,3657,2
word,club,3658,23
word,Cultural,3659,2
word,Civilization,3660,2
word,chosen,3661,20
word,Year,3662,13
word,inspirational,3663,2
word,lady,3664,8
word,Laura,3665,4
word,freshman,3666,4
word,studying,3667,22
word,Beth,3668,6
word,Marchand,3669,2
word,11th,3670,3
word,'ve,3671,170
word,Green,3672,31
word,distinguished,3673,6
word,herself,3674,11
word,approaches,3675,10
word,pair,3676,7
word,weekends,3677,3
word,prepare,3678,19
word,polish,3679,3
word,furniture,3680,14
word,'d,3681,85
word,correcting,3682,2
word,homework,3683,3
word,stands,3684,33
word,football,3685,29
word,fellow,3686,27
word,told,3687,173
word,pushing,3688,35
word,deteriorating,3689,9
word,hearing,3690,47
word,feared,3691,15
word,helping,3692,44
word,earn,3693,27
word,points,3694,239
word,source,3695,55
word,Huge,3696,3
word,meant,3697,28
word,"5,000",3698,52
word,meaningful,3699,7
word,salary,3700,17
word,"23,000",3701,3
word,third,3702,295
word,others,3703,185
word,eager,3704,28
word,pride,3705,13
word,Elizabeth,3706,13
word,Indeed,3707,63
word,interested,3708,73
word,attending,3709,10
word,seminar,3710,4
word,returned,3711,41
word,adequately,3712,8
word,copied,3713,2
word,studies,3714,44
word,admits,3715,21
word,mistake,3716,12
word,motives,3717,4
word,correct,3718,23
word,sociology,3719,2
word,subjects,3720,15
word,bottom,3721,36
word,newspapers,3722,34
word,Mostly,3723,2
word,prevent,3724,68
word,self-esteem,3725,2
word,badly,3726,36
word,broke,3727,26
word,heart,3728,58
word,whole,3729,82
word,alive,3730,15
word,desperately,3731,9
word,somebody,3732,24
word,cared,3733,2
word,blow,3734,22
word,advanced,3735,82
word,pretty,3736,53
word,defeats,3737,2
word,inkling,3738,4
word,Joe,3739,14
word,Watson,3740,10
word,prosecutor,3741,15
word,alumni,3742,4
word,concedes,3743,21
word,adding,3744,69
word,Do,3745,26
word,sympathy,3746,4
word,hands,3747,72
word,discovered,3748,42
word,avoid,3749,80
word,disclosure,3750,25
word,trial,3751,79
word,quiet,3752,31
word,resignation,3753,41
word,save,3754,44
word,certificate,3755,10
word,recalls,3756,26
word,someone,3757,67
word,knife,3758,2
word,astonishment,3759,2
word,dismay,3760,2
word,authorities,3761,45
word,school-board,3762,2
word,dismissed,3763,18
word,crowded,3764,14
word,testify,3765,11
word,callers,3766,2
word,radio,3767,32
word,particulars,3768,2
word,offense,3769,5
word,policies,3770,76
word,talk-show,3771,4
word,host,3772,27
word,allowed,3773,83
word,overused,3774,2
word,enraged,3775,2
word,first-time,3776,5
word,offenders,3777,7
word,conviction,3778,19
word,worthy,3779,6
word,murder,3780,17
word,Over,3781,38
word,witnesses,3782,10
word,mostly,3783,66
word,interviewed,3784,17
word,meanwhile,3785,45
word,squad,3786,2
word,crushed,3787,6
word,explain,3788,29
word,Soon,3789,12
word,T-shirts,3790,4
word,corridors,3791,2
word,familiar,3792,76
word,logo,3793,5
word,shirts,3794,6
word,angry,3795,19
word,harm,3796,12
word,damn,3797,7
word,incident,3798,13
word,doubt,3799,47
word,wisdom,3800,9
word,evaluating,3801,9
word,Key,3802,2
word,mathematics,3803,5
word,realized,3804,22
word,reinstatement,3805,5
word,afraid,3806,15
word,relieved,3807,10
word,sentiment,3808,23
word,favor,3809,56
word,jury,3810,70
word,chalk,3811,2
word,touched,3812,7
word,slate,3813,10
word,schoolchildren,3814,2
word,answer,3815,36
word,worksheets,3816,2
word,prior,3817,41
word,widely,3818,70
word,Achievement,3819,3
word,Roman,3820,35
word,add,3821,76
word,kit,3822,2
word,instances,3823,5
word,parent,3824,131
word,Britain,3825,129
word,Communication,3826,11
word,Close,3827,4
word,parallels,3828,7
word,critics,3829,42
word,justifying,3830,2
word,Kaminski,3831,4
word,Traverse,3832,2
word,Mich.,3833,29
word,coaching,3834,3
word,aids,3835,6
word,gauge,3836,13
word,learning,3837,17
word,everybody,3838,23
word,eighth,3839,6
word,grade,3840,7
word,Macmillan\/McGraw,3841,5
word,CAT,3842,6
word,Iowa,3843,26
word,Harcourt,3844,2
word,Brace,3845,2
word,Jovanovich,3846,2
word,Metropolitan,3847,20
word,Arizona,3848,57
word,Florida,3849,52
word,Louisiana,3850,10
word,Maryland,3851,20
word,tools,3852,25
word,best-selling,3853,2
word,Kean,3854,10
word,publishes,3855,13
word,aimed,3856,59
word,improving,3857,14
word,replicated,3858,2
word,referred,3859,20
word,schoolteacher,3860,4
word,Mehrens,3861,2
word,Michigan,3862,28
word,similarity,3863,6
word,devised,3864,7
word,scale,3865,27
word,awarding,3866,4
word,measured,3867,20
word,closeness,3868,2
word,fifth-grade,3869,3
word,subskills,3870,2
word,symmetry,3871,2
word,metric,3872,38
word,measurement,3873,5
word,volume,3874,191
word,pie,3875,7
word,bar,3876,24
word,replicate,3877,2
word,intent,3878,27
word,knowledge,3879,14
word,sounds,3880,18
word,exclusion,3881,10
word,contains,3882,13
word,examples,3883,4
word,matches,3884,6
word,items,3885,62
word,Rick,3886,5
word,Brownell,3887,2
word,ignoring,3888,19
word,need,3889,213
word,format,3890,5
word,replicating,3891,2
word,deny,3892,23
word,publication,3893,17
word,Random,3894,13
word,outraged,3895,3
word,advisory,3896,16
word,represented,3897,31
word,unaware,3898,4
word,discontinue,3899,3
word,Alleghany,3900,2
word,Sacramento,3901,15
word,Savings,3902,61
word,Loan,3903,43
word,Frances,3904,2
word,C.,3905,54
word,Berger,3906,2
word,Foundation,3907,19
word,S&L,3908,25
word,offices,3909,79
word,north,3910,14
word,central,3911,58
word,services,3912,221
word,ancillary,3913,2
word,Human,3914,15
word,Services,3915,78
word,moratorium,3916,5
word,fetal-tissue,3917,10
word,transplants,3918,12
word,Medical,3919,64
word,fetal,3920,4
word,tissue,3921,14
word,humans,3922,11
word,diabetes,3923,3
word,Alzheimer,3924,2
word,Parkinson,3925,2
word,Huntington,3926,4
word,anti-abortionists,3927,7
word,oppose,3928,23
word,therapies,3929,2
word,abortions,3930,24
word,Mason,3931,19
word,secretary,3932,67
word,health,3933,137
word,transplant,3934,5
word,indefinitely,3935,9
word,wo,3936,236
word,stop,3937,82
word,privately,3938,39
word,funded,3939,22
word,federally,3940,11
word,involve,3941,29
word,HHS,3942,7
word,Louis,3943,43
word,Sullivan,3944,19
word,letter,3945,86
word,acting,3946,22
word,Institutes,3947,12
word,threatened,3948,35
word,controversy,3949,26
word,implications,3950,19
word,brain,3951,30
word,patient,3952,15
word,suffering,3953,17
word,scientific,3954,35
word,ethical,3955,10
word,majority,3956,98
word,panel,3957,58
word,recommended,3958,26
word,carefully,3959,18
word,controlled,3960,54
word,embroiled,3961,3
word,anti-abortion,3962,12
word,dispute,3963,56
word,hampered,3964,13
word,administration,3965,189
word,prominent,3966,16
word,doctors,3967,23
word,fill,3968,25
word,prestigious,3969,10
word,helm,3970,5
word,NIH,3971,16
word,Centers,3972,6
word,Disease,3973,4
word,Control,3974,49
word,Several,3975,37
word,withdrawn,3976,13
word,names,3977,47
word,consideration,3978,25
word,views,3979,41
word,Antonio,3980,13
word,Novello,3981,2
word,nominated,3982,4
word,serve,3983,41
word,surgeon,3984,3
word,reportedly,3985,21
word,assured,3986,13
word,opposes,3987,9
word,Child,3988,2
word,Development,3989,57
word,charged,3990,57
word,imposing,3991,11
word,ideological,3992,8
word,defuse,3993,2
word,CDC,3994,3
word,judged,3995,4
word,disturbs,3996,2
word,moves,3997,88
word,uncharted,3998,4
word,judgments,3999,7
word,applications,4000,30
word,Myron,4001,4
word,Genel,4002,2
word,associate,4003,22
word,dean,4004,2
word,Yale,4005,14
word,debate,4006,58
word,mechanism,4007,11
word,exists,4008,9
word,middle,4009,23
word,conducting,4010,16
word,warns,4011,13
word,discourage,4012,6
word,climate,4013,20
word,visible,4014,18
word,foundations,4015,8
word,flap,4016,4
word,tissues,4017,4
word,fronts,4018,6
word,damaged,4019,57
word,genes,4020,42
word,cause,4021,78
word,Down,4022,5
word,syndrome,4023,7
word,mental,4024,9
word,summary,4025,6
word,interstate,4026,16
word,banking,4027,134
word,over-the-counter,4028,73
word,slightly,4029,123
word,lackluster,4030,18
word,paltry,4031,3
word,Yesterday,4032,73
word,turnover,4033,27
word,daily,4034,99
word,busiest,4035,7
word,averaged,4036,19
word,roughly,4037,55
word,biggest,4038,135
word,nonfinancial,4039,2
word,gained,4040,133
word,modestly,4041,23
word,tracks,4042,18
word,Connecticut,4043,28
word,Trust,4044,101
word,regions,4045,16
word,merge,4046,24
word,Massachusetts,4047,36
word,merged,4048,21
word,traders,4049,266
word,real-estate,4050,65
word,loan,4051,140
word,unattractive,4052,2
word,takeover,4053,222
word,targets,4054,31
word,speculators,4055,24
word,anticipating,4056,6
word,approve,4057,35
word,permitting,4058,5
word,immediately,4059,64
word,water,4060,81
word,saw,4061,63
word,uptick,4062,5
word,Jennison,4063,5
word,trader,4064,74
word,OTC,4065,46
word,beneficiary,4066,3
word,Bancorp,4067,15
word,3\/4,4068,222
word,expires,4069,17
word,Ed,4070,9
word,green,4071,17
word,fared,4072,9
word,Constitution,4073,25
word,7\/8,4074,116
word,1\/4,4075,156
word,signed,4076,78
word,merger,4077,100
word,L.P.,4078,4
word,5\/8,4079,131
word,London-based,4080,12
word,third-quarter,4081,243
word,pretax,4082,71
word,mobile,4083,8
word,Dan,4084,13
word,one-time,4085,40
word,substantially,4086,49
word,eliminates,4087,5
word,losses,4088,244
word,associated,4089,50
word,core,4090,47
word,assuming,4091,24
word,dramatic,4092,27
word,fluctuation,4093,3
word,achieve,4094,19
word,near-record,4095,4
word,Weisfield,4096,16
word,Ratners,4097,14
word,definitive,4098,25
word,Also,4099,86
word,Jaguar,4100,154
word,Heritage,4101,14
word,Media,4102,12
word,acquiring,4103,40
word,POP,4104,9
word,Radio,4105,22
word,swap,4106,27
word,tumbled,4107,30
word,Rally,4108,33
word,lost,4109,156
word,restaurant,4110,37
word,operator,4111,40
word,redeemed,4112,12
word,Giant,4113,16
word,resolve,4114,21
word,Burt,4115,7
word,Sugarman,4116,15
word,Trotter,4117,12
word,nine-member,4118,4
word,SCI,4119,56
word,Systems,4120,96
word,slipped,4121,40
word,Huntsville,4122,2
word,Ala.,4123,5
word,post,4124,84
word,fiscal,4125,223
word,quarter,4126,682
word,Sept.,4127,159
word,year-earlier,4128,116
word,Internal,4129,13
word,Revenue,4130,136
word,criminal,4131,49
word,detailed,4132,27
word,"10,000",4133,77
word,warnings,4134,13
word,attorneys,4135,46
word,cities,4136,47
word,outcry,4137,14
word,organized,4138,25
word,protected,4139,21
word,attorney-client,4140,4
word,privilege,4141,12
word,IRS,4142,86
word,stem,4143,22
word,receives,4144,14
word,customer,4145,63
word,transactions,4146,91
word,payment,4147,79
word,document,4148,12
word,Form,4149,2
word,Social,4150,25
word,Security,4151,66
word,passport,4152,2
word,Failure,4153,5
word,punishable,4154,7
word,misdemeanor,4155,4
word,felony,4156,13
word,prison,4157,29
word,Attorneys,4158,7
word,argued,4159,43
word,wish,4160,22
word,identities,4161,3
word,citing,4162,42
word,rarely,4163,18
word,acted,4164,13
word,witness,4165,14
word,Neal,4166,13
word,Sonnett,4167,4
word,Criminal,4168,7
word,Defense,4169,44
word,Lawyers,4170,21
word,Miami,4171,24
word,dozens,4172,18
word,letters,4173,40
word,sent,4174,99
word,certified,4175,3
word,mail,4176,55
word,drug,4177,144
word,individuals,4178,64
word,necessarily,4179,23
word,hire,4180,24
word,circumstances,4181,41
word,retained,4182,21
word,tip,4183,6
word,spark,4184,12
word,formed,4185,36
word,chaired,4186,4
word,Gerald,4187,19
word,Lefcourt,4188,2
word,Bar,4189,9
word,resolution,4190,24
word,condemning,4191,4
word,requirement,4192,12
word,ABA,4193,6
word,grand,4194,26
word,prohibited,4195,9
word,code,4196,16
word,ethics,4197,10
word,disclosing,4198,5
word,committing,4199,5
word,Justice,4200,90
word,taxpayers,4201,35
word,notice,4202,13
word,moderate,4203,34
word,stance,4204,20
word,Christopher,4205,26
word,Detroit,4206,29
word,submit,4207,18
word,initiated,4208,9
word,dating,4209,5
word,correspondence,4210,3
word,mailed,4211,2
word,Individuals,4212,8
word,permission,4213,25
word,obtained,4214,22
word,develop,4215,77
word,sending,4216,20
word,assertions,4217,5
word,relating,4218,10
word,confidential,4219,7
word,THE,4220,33
word,FEDERAL,4221,36
word,victim,4222,18
word,Often,4223,5
word,judges,4224,42
word,lucrative,4225,20
word,fanfare,4226,6
word,Raul,4227,2
word,Ramirez,4228,5
word,Calif,4229,30
word,San,4230,269
word,Francisco,4231,209
word,refusal,4232,9
word,couple,4233,61
word,clerks,4234,5
word,quipped,4235,3
word,unjust,4236,3
word,Judges,4237,7
word,professional,4238,37
word,accountants,4239,10
word,eye,4240,39
word,sudden,4241,31
word,relegated,4242,2
word,sum,4243,13
word,litigation,4244,46
word,Sutcliffe,4245,3
word,detail,4246,15
word,high-priced,4247,11
word,UNION,4248,2
word,laughing,4249,5
word,Garry,4250,2
word,Trudeau,4251,7
word,Writers,4252,3
word,Guild,4253,3
word,America,4254,186
word,alleging,4255,9
word,mounted,4256,9
word,harass,4257,3
word,punish,4258,6
word,crossing,4259,7
word,picket,4260,6
word,involves,4261,19
word,Darkhorse,4262,3
word,Productions,4263,5
word,co-owner,4264,3
word,member,4265,88
word,employed,4266,16
word,guild,4267,7
word,lawsuit,4268,31
word,illegally,4269,15
word,cartoonist,4270,2
word,union,4271,129
word,reviewing,4272,14
word,suit,4273,165
word,disciplinary,4274,10
word,K.,4275,14
word,Samnick,4276,3
word,harassment,4277,2
word,consists,4278,14
word,mainly,4279,50
word,threats,4280,12
word,punishment,4281,7
word,unjustified,4282,2
word,damages,4283,47
word,seeks,4284,35
word,preventing,4285,10
word,punishing,4286,3
word,family-planning,4287,5
word,abortion-related,4288,2
word,adopted,4289,38
word,prohibits,4290,8
word,Title,4291,13
word,X,4292,3
word,assist,4293,17
word,obtaining,4294,13
word,counseling,4295,11
word,referrals,4296,2
word,activities,4297,81
word,promote,4298,24
word,advocate,4299,7
word,opinion,4300,47
word,Appeals,4301,11
word,restrictions,4302,65
word,violate,4303,17
word,care,4304,88
word,providers,4305,5
word,limits,4306,39
word,pregnant,4307,18
word,JUDGE,4308,2
word,bias,4309,15
word,comments,4310,33
word,homosexual,4311,5
word,Dallas,4312,53
word,District,4313,41
word,Jack,4314,53
word,Hampton,4315,3
word,sparked,4316,15
word,judicial,4317,12
word,inquiry,4318,21
word,remarks,4319,27
word,December,4320,107
word,sentencing,4321,5
word,18-year-old,4322,2
word,defendant,4323,14
word,killing,4324,19
word,park,4325,21
word,referring,4326,22
word,cruising,4327,2
word,picking,4328,17
word,teenage,4329,2
word,boys,4330,8
word,Murray,4331,14
word,appointed,4332,31
word,fairness,4333,8
word,commenting,4334,7
word,prejudice,4335,2
word,prostitute,4336,2
word,discredit,4337,2
word,judiciary,4338,6
word,justice,4339,9
word,Judicial,4340,3
word,impose,4341,16
word,GAF,4342,20
word,stock-manipulation,4343,3
word,opening,4344,65
word,arguments,4345,19
word,Manhattan,4346,70
word,Lowe,4347,6
word,eight-count,4348,2
word,indictment,4349,23
word,Wayne,4350,10
word,N.J.,4351,52
word,specialty,4352,39
word,Vice,4353,22
word,Chairman,4354,141
word,Sherwin,4355,8
word,attempting,4356,26
word,manipulate,4357,6
word,Carbide,4358,13
word,trials,4359,10
word,mistrials,4360,3
word,TO,4361,4
word,prosecution,4362,13
word,affair,4363,14
word,Mayer,4364,7
word,Brown,4365,58
word,Bromwich,4366,2
word,Oliver,4367,12
word,North,4368,117
word,D.C.,4369,28
word,specialize,4370,5
word,white-collar,4371,8
word,served,4372,41
word,narcotics,4373,4
word,Cooper,4374,4
word,Tire,4375,7
word,Rubber,4376,5
word,principle,4377,29
word,Albany,4378,6
word,Ga.,4379,9
word,Bridgestone\/Firestone,4380,2
word,Inc,4381,210
word,Terms,4382,42
word,tire,4383,15
word,consist,4384,10
word,square,4385,31
word,feet,4386,75
word,acres,4387,23
word,bids,4388,62
word,apology,4389,2
word,indulging,4390,2
word,leaders,4391,120
word,statement,4392,142
word,cutthroat,4393,2
word,pricing,4394,47
word,equivalent,4395,34
word,penny,4396,11
word,municipal,4397,48
word,No.,4398,58
word,alone,4399,71
word,competitors,4400,69
word,auctions,4401,9
word,lottery,4402,5
word,summoned,4403,7
word,sure,4404,84
word,understood,4405,13
word,ministry,4406,31
word,Fair,4407,11
word,investigating,4408,21
word,violations,4409,32
word,apologize,4410,2
word,Takuma,4411,2
word,Yamamoto,4412,5
word,packed,4413,8
word,headquarters,4414,58
word,contrary,4415,11
word,sorry,4416,5
word,embarrassing,4417,8
word,situations,4418,6
word,reputation,4419,30
word,sacrificing,4420,4
word,profits,4421,131
word,benefits,4422,106
word,accepted,4423,41
word,normal,4424,54
word,accepting,4425,12
word,gifts,4426,6
word,businessmen,4427,23
word,fire,4428,38
word,fueled,4429,21
word,behavior,4430,21
word,complaints,4431,29
word,municipality,4432,3
word,touch,4433,18
word,tense,4434,4
word,Foreigners,4435,3
word,complain,4436,23
word,limited,4437,102
word,access,4438,63
word,procurement,4439,7
word,unfairly,4440,12
word,undercut,4441,6
word,excessively,4442,2
word,slashing,4443,8
word,semiconductors,4444,9
word,Asked,4445,17
word,hurt,4446,99
word,U.S.-Japan,4447,4
word,minus,4448,9
word,factor,4449,37
word,one-yen,4450,4
word,Hiroshima,4451,11
word,design,4452,60
word,map,4453,5
word,waterworks,4454,7
word,library,4455,11
word,Nagano,4456,2
word,prefecture,4457,4
word,municipalities,4458,7
word,emerge,4459,15
word,insisted,4460,20
word,Other,4461,94
word,contacted,4462,6
word,Sasaki,4463,2
word,Keidanren,4464,2
word,Federation,4465,12
word,Organizations,4466,4
word,Profit,4467,27
word,PAPERS,4468,3
word,Backe,4469,3
word,Atlantic,4470,40
word,Publications,4471,10
word,community,4472,64
word,papers,4473,28
word,media,4474,81
word,CBS,4475,103
word,Price,4476,47
word,Communications,4477,74
word,NTG,4478,2
word,retaining,4479,9
word,Capital,4480,169
word,Stores,4481,35
word,operates,4482,44
word,retail,4483,106
word,Furukawa,4484,8
word,machinery,4485,29
word,belonging,4486,4
word,Dresser,4487,2
word,locally,4488,6
word,shovels,4489,4
word,Heidelberg,4490,3
word,German,4491,125
word,Structural,4492,3
word,Dynamics,4493,19
word,computer-aided,4494,5
word,automation,4495,4
word,productivity,4496,26
word,@,4497,2
word,-,4498,70
word,thrifts,4499,50
word,metropolitan,4500,12
word,compiled,4501,17
word,Rate,4502,6
word,Monitor,4503,2
word,b,4504,10
word,Guaranteed,4505,11
word,minimum,4506,91
word,LSI,4507,5
word,Logic,4508,4
word,surprise,4509,30
word,semiconductor,4510,24
word,lagging,4511,9
word,billings,4512,8
word,cover,4513,61
word,extended,4514,34
word,weakness,4515,51
word,switch,4516,21
word,techniques,4517,16
word,Wilfred,4518,7
word,midyear,4519,6
word,phase,4520,12
word,oldest,4521,7
word,appropriate,4522,25
word,equals,4523,3
word,counting,4524,11
word,extraordinary,4525,42
word,older,4526,43
word,six-inch,4527,2
word,silicon,4528,4
word,wafers,4529,2
word,fabricate,4530,3
word,Related,4531,4
word,converting,4532,11
word,Santa,4533,70
word,Clara,4534,5
word,Calif.,4535,114
word,facility,4536,59
word,speculate,4537,12
word,additions,4538,6
word,aggressively,4539,25
word,suddenly,4540,16
word,poorly,4541,14
word,positioned,4542,11
word,Stark,4543,3
word,Robertson,4544,14
word,Stephens,4545,3
word,dead,4546,32
word,facing,4547,37
word,traditionally,4548,20
word,Part,4549,21
word,buyers,4550,115
word,jitters,4551,6
word,Lake,4552,20
word,N.J,4553,16
word,G.,4554,27
word,Kuhns,4555,2
word,General,4556,198
word,dollar,4557,248
word,buoyed,4558,11
word,cautiously,4559,8
word,bearish,4560,19
word,underpin,4561,4
word,kept,4562,50
word,plunging,4563,7
word,locked,4564,10
word,narrow,4565,32
word,offset,4566,76
word,resulting,4567,33
word,stalemate,4568,3
word,Jay,4569,12
word,Goldinger,4570,2
word,Insight,4571,5
word,reasons,4572,48
word,lure,4573,12
word,driving,4574,25
word,Tom,4575,20
word,Trettien,4576,2
word,Banque,4577,10
word,Paribas,4578,66
word,convinced,4579,19
word,erode,4580,10
word,Sterling,4581,26
word,Thursday,4582,113
word,Madison,4583,17
word,Los,4584,156
word,Angeles,4585,131
word,traced,4586,3
word,solid,4587,27
word,trust,4588,101
word,wave,4589,28
word,waiting,4590,58
word,wings,4591,7
word,contends,4592,37
word,perception,4593,16
word,Columbia,4594,127
word,Entertainment,4595,64
word,cites,4596,11
word,Estate,4597,32
word,knight,4598,14
word,undisclosed,4599,9
word,Georgia-Pacific,4600,61
word,Great,4601,53
word,Northern,4602,39
word,Nekoosa,4603,51
word,forthcoming,4604,5
word,10-year,4605,35
word,yen-denominated,4606,2
word,valued,4607,76
word,speculation,4608,69
word,redeeming,4609,3
word,unclear,4610,18
word,rolled,4611,17
word,prospect,4612,22
word,lock,4613,12
word,high-yield,4614,43
word,unabated,4615,2
word,cues,4616,2
word,merely,4617,30
word,drifted,4618,8
word,release,4619,45
word,participants,4620,35
word,expectations,4621,63
word,minimal,4622,12
word,Commodity,4623,20
word,ounce,4624,44
word,Estimated,4625,20
word,ounces,4626,19
word,Cosby,4627,11
word,Show,4628,10
word,ratings,4629,55
word,NBC,4630,41
word,debut,4631,17
word,keeps,4632,14
word,viewers,4633,20
word,network,4634,127
word,affiliates,4635,20
word,air,4636,66
word,considerably,4637,23
word,episodes,4638,6
word,fuming,4639,2
word,distributor,4640,18
word,Viacom,4641,28
word,Either,4642,8
word,losing,4643,51
word,persuade,4644,18
word,Different,4645,3
word,tactics,4646,11
word,willing,4647,71
word,negotiate,4648,16
word,Gillespie,4649,2
word,Midwest,4650,26
word,tell,4651,68
word,'ll,4652,110
word,syndication,4653,4
word,flooded,4654,6
word,comedies,4655,3
word,networks,4656,27
word,station,4657,44
word,pre-emptive,4658,3
word,A.C.,4659,7
word,Nielsen,4660,8
word,Providence,4661,5
word,R.I.,4662,5
word,Raleigh,4663,4
word,N.C.,4664,11
word,Louisville,4665,19
word,Ky.,4666,15
word,renew,4667,8
word,Dick,4668,12
word,disappointment,4669,11
word,pleased,4670,20
word,adds,4671,112
word,disappointed,4672,24
word,uncomfortable,4673,6
word,frankly,4674,2
word,quite,4675,53
word,Life,4676,64
word,Insurance,4677,91
word,Georgia,4678,46
word,officially,4679,20
word,representative,4680,18
word,Atlanta-based,4681,7
word,conventional,4682,45
word,life-insurance,4683,6
word,Nationale,4684,4
word,frantic,4685,2
word,magazines,4686,58
word,articles,4687,17
word,advertorial,4688,2
word,survive,4689,20
word,downright,4690,6
word,Garbage,4691,7
word,billed,4692,6
word,Environment,4693,2
word,Founded,4694,3
word,Brooklyn,4695,19
word,N.Y.,4696,43
word,entrepreneur,4697,17
word,Patricia,4698,2
word,Poore,4699,4
word,promise,4700,43
word,scoop,4701,2
word,crisis,4702,43
word,combines,4703,6
word,how-to,4704,3
word,pieces,4705,21
word,topics,4706,6
word,backyard,4707,2
word,explanatory,4708,2
word,essays,4709,2
word,happens,4710,26
word,flush,4711,4
word,toilet,4712,6
word,editors,4713,12
word,considerable,4714,32
word,supermarket,4715,9
word,aisles,4716,2
word,identify,4717,27
word,guys,4718,16
word,feature,4719,16
word,Dumpster,4720,2
word,deem,4721,2
word,offender,4722,2
word,standpoint,4723,4
word,With,4724,150
word,belt,4725,3
word,would-be,4726,12
word,ire,4727,2
word,Campbell,4728,34
word,Soup,4729,9
word,furious,4730,5
word,Souper,4731,2
word,Combo,4732,2
word,microwave,4733,3
word,chastised,4734,2
word,premiere,4735,10
word,column,4736,15
word,pointing,4737,9
word,packaging,4738,28
word,polystyrene,4739,3
word,foam,4740,6
word,polyester,4741,3
word,plastic,4742,34
word,landfill,4743,4
word,monster,4744,4
word,wrote,4745,61
word,practicing,4746,7
word,journalistic,4747,3
word,garbage,4748,3
word,opportunity,4749,62
word,printed,4750,11
word,portrayed,4751,6
word,surprisingly,4752,18
word,advertise,4753,5
word,experts,4754,57
word,turning,4755,37
word,spenders,4756,3
word,Mike,4757,10
word,DDB,4758,6
word,Needham,4759,7
word,economics,4760,20
word,big-time,4761,7
word,handful,4762,28
word,Adolph,4763,5
word,Coors,4764,29
word,Waste,4765,5
word,spend,4766,78
word,relied,4767,9
word,haul,4768,9
word,print,4769,19
word,publisher,4770,34
word,initially,4771,40
word,subscription,4772,4
word,revenues,4773,29
word,Individual,4774,14
word,yearly,4775,5
word,subscriptions,4776,3
word,recycled,4777,5
word,newsstands,4778,2
word,"93,000",4779,2
word,scared,4780,13
word,replies,4781,7
word,sleep,4782,8
word,Ad,4783,14
word,Notes,4784,14
word,ON,4785,3
word,Interpublic,4786,15
word,programming,4787,22
word,expanded,4788,28
word,"4,000",4789,12
word,original,4790,56
word,largely,4791,112
word,Television,4792,15
word,supplier,4793,19
word,NEW,4794,11
word,ACCOUNT,4795,6
word,Philadelphia,4796,35
word,Palmer,4797,2
word,handled,4798,25
word,Baltimore,4799,30
word,AT&T,4800,55
word,FAX,4801,2
word,Telephone,4802,44
word,Telegraph,4803,25
word,Fax,4804,2
word,Ogilvy,4805,42
word,Mather,4806,18
word,WPP,4807,24
word,Billings,4808,2
word,Young,4809,38
word,Rubicam,4810,19
word,FIRST,4811,3
word,Enterprise,4812,9
word,breaks,4813,14
word,St.,4814,61
word,specializes,4815,15
word,rentals,4816,2
word,accidents,4817,2
word,Free,4818,14
word,pitches,4819,8
word,drop-off,4820,3
word,ACQUISITION,4821,2
word,Ketchum,4822,2
word,Pittsburgh,4823,32
word,investor-relations,4824,2
word,Sea,4825,40
word,Containers,4826,29
word,70-a-share,4827,2
word,buy-back,4828,30
word,pressed,4829,9
word,Temple,4830,14
word,Holdings,4831,56
word,Hamilton,4832,8
word,Bermuda-based,4833,2
word,shipping,4834,38
word,proceeds,4835,52
word,apiece,4836,14
word,ward,4837,4
word,hostile,4838,51
word,Stena,4839,3
word,Holding,4840,34
word,AG,4841,57
word,Tiphook,4842,3
word,sweetened,4843,15
word,Sherwood,4844,4
word,approximately,4845,24
word,allocated,4846,9
word,leaving,4847,47
word,flexibility,4848,22
word,raises,4849,24
word,leeway,4850,4
word,criticized,4851,26
word,conditional,4852,5
word,device,4853,22
word,entrench,4854,2
word,confuse,4855,2
word,superior,4856,13
word,asset,4857,59
word,materialize,4858,5
word,converted,4859,22
word,possibility,4860,39
word,subsidiaries,4861,32
word,mired,4862,7
word,Bermuda,4863,2
word,barred,4864,16
word,reaction,4865,41
word,Transportation,4866,51
word,responding,4867,16
word,advocates,4868,21
word,steps,4869,57
word,vans,4870,14
word,requirements,4871,60
word,automobiles,4872,8
word,requiring,4873,30
word,roofs,4874,4
word,minivans,4875,7
word,equip,4876,2
word,belts,4877,8
word,rear,4878,6
word,model,4879,47
word,Samuel,4880,21
word,Skinner,4881,10
word,represents,4882,56
word,ongoing,4883,12
word,vehicle,4884,44
word,occupant,4885,3
word,extension,4886,16
word,car,4887,160
word,equipped,4888,8
word,surprising,4889,32
word,Safety,4890,15
word,urging,4891,23
word,actually,4892,87
word,cargo,4893,16
word,therefore,4894,16
word,luck,4895,8
word,Reagan,4896,70
word,fairly,4897,47
word,systematic,4898,4
word,address,4899,27
word,Chuck,4900,6
word,communications,4901,47
word,Highway,4902,11
word,Sen.,4903,92
word,Danforth,4904,2
word,Mo,4905,4
word,praised,4906,8
word,noting,4907,23
word,crashes,4908,5
word,light-truck,4909,2
word,fatalities,4910,4
word,roof-crush,4911,4
word,bags,4912,9
word,automatic,4913,9
word,weighing,4914,5
word,pounds,4915,26
word,withstand,4916,7
word,unloaded,4917,2
word,weight,4918,22
word,roof,4919,4
word,depressed,4920,20
word,inches,4921,14
word,rear-seat,4922,3
word,lap,4923,3
word,shoulder,4924,11
word,phasing,4925,3
word,installed,4926,19
word,deadline,4927,23
word,resistance,4928,26
word,Leinonen,4929,2
word,engineer,4930,10
word,Ford,4931,203
word,installing,4932,3
word,Rail,4933,3
word,enclosed,4934,3
word,railcars,4935,4
word,transporting,4936,4
word,autos,4937,8
word,multilevel,4938,2
word,Manufacturing,4939,10
word,Heights,4940,8
word,Ill,4941,9
word,railroad,4942,19
word,Sir,4943,54
word,Walters,4944,6
word,Petroleum,4945,46
word,joins,4946,8
word,cement,4947,10
word,retires,4948,3
word,Blue,4949,8
word,Circle,4950,4
word,formal,4951,32
word,longstanding,4952,16
word,opposition,4953,64
word,Later,4954,12
word,senate,4955,2
word,Currently,4956,21
word,within,4957,162
word,Driscoll,4958,2
word,Dow,4959,210
word,Jones,4960,216
word,Professional,4961,17
word,Investor,4962,17
word,Certainly,4963,7
word,prospectively,4964,2
word,options,4965,124
word,conversations,4966,15
word,interesting,4967,24
word,hot,4968,26
word,prevailing,4969,4
word,passage,4970,14
word,slump,4971,25
word,lay,4972,13
word,altogether,4973,13
word,employment,4974,48
word,"18,000",4975,8
word,exclusively,4976,9
word,leasing,4977,11
word,reduced,4978,109
word,payable,4979,33
word,Jan.,4980,37
word,N.J.-based,4981,2
word,hair,4982,9
word,accessories,4983,10
word,cosmetic,4984,6
word,year-ago,4985,53
word,anti-takeover,4986,8
word,Henderson,4987,12
word,51-year-old,4988,2
word,U.K.,4989,79
word,metals,4990,42
word,succeeding,4991,24
word,Ian,4992,6
word,Butler,4993,5
word,retiring,4994,13
word,cent,4995,17
word,redemption,4996,20
word,upon,4997,40
word,Warren,4998,24
word,Winiarski,4999,2
word,proprietor,5000,2
word,Stag,5001,3
word,Leap,5002,3
word,Wine,5003,5
word,Napa,5004,2
word,tag,5005,6
word,Cask,5006,2
word,Cabernet,5007,6
word,wine,5008,26
word,shops,5009,24
word,experience,5010,62
word,declared,5011,45
word,Diamond,5012,7
word,Creek,5013,13
word,Vineyard,5014,2
word,weighed,5015,6
word,sticker,5016,3
word,bottle,5017,16
word,fastest,5018,6
word,segments,5019,22
word,category,5020,25
word,superpremiums,5021,2
word,wines,5022,16
word,exceptional,5023,2
word,quality,5024,81
word,perceived,5025,12
word,exceedingly,5026,4
word,stable,5027,30
word,classics,5028,4
word,Bordeaux,5029,3
word,growths,5030,2
word,Petrus,5031,4
word,Grand,5032,42
word,Burgundies,5033,2
word,Romanee-Conti,5034,3
word,La,5035,34
word,Tache,5036,3
word,deluxe,5037,2
word,Roederer,5038,3
word,Cristal,5039,3
word,Chateau,5040,3
word,Yquem,5041,2
word,Biondi-Santi,5042,2
word,Brunello,5043,2
word,Tuscany,5044,2
word,magnitude,5045,10
word,flashy,5046,7
word,releases,5047,10
word,boast,5048,3
word,lion,5049,5
word,bottles,5050,7
word,smallest,5051,10
word,!,5052,66
word,vintages,5053,2
word,lighter,5054,8
word,vintage,5055,8
word,spectacularly,5056,3
word,prestige,5057,7
word,inching,5058,4
word,barrier,5059,13
word,Salon,5060,4
word,Mesnil,5061,2
word,Blanc,5062,2
word,Blancs,5063,2
word,Rhone,5064,2
word,soared,5065,50
word,Cote,5066,2
word,None,5067,15
word,steal,5068,10
word,march,5069,12
word,Burgundy,5070,2
word,la,5071,11
word,precious,5072,19
word,anywhere,5073,18
word,tags,5074,4
word,Richebourg,5075,2
word,Angelo,5076,10
word,Vega,5077,2
word,10th,5078,5
word,Hermitage,5079,2
word,cult,5080,2
word,command,5081,8
word,Larry,5082,15
word,Shapiro,5083,10
word,Marty,5084,4
word,happening,5085,17
word,scarce,5086,9
word,exhausted,5087,6
word,'40s,5088,3
word,newer,5089,9
word,bargain,5090,13
word,grapes,5091,2
word,perfectly,5092,15
word,acre,5093,4
word,yielded,5094,6
word,Al,5095,9
word,originally,5096,25
word,retailer,5097,25
word,Is,5098,26
word,wholesale,5099,30
word,Offering,5100,2
word,merchants,5101,10
word,check,5102,38
word,responses,5103,12
word,yes,5104,11
word,shipped,5105,18
word,instead,5106,104
word,spread,5107,62
word,thin,5108,33
word,retailers,5109,35
word,Pratt,5110,5
word,Schaefer,5111,4
word,suburban,5112,17
word,opinions,5113,10
word,six-packs,5114,3
word,remarked,5115,4
word,thinks,5116,43
word,dramatically,5117,5
word,wins,5118,16
word,talked,5119,18
word,excited,5120,5
word,astronomical,5121,2
word,collection,5122,19
word,sort,5123,59
word,one-upsmanship,5124,2
word,Red,5125,51
word,Rock,5126,17
word,Cabernets,5127,2
word,Dunn,5128,6
word,Producers,5129,7
word,appeal,5130,58
word,explains,5131,21
word,rapidly,5132,41
word,knowledgeable,5133,5
word,Orleans,5134,17
word,Or,5135,31
word,overpriced,5136,4
word,equally,5137,15
word,movement,5138,43
word,forced,5139,83
word,push,5140,46
word,le,5141,2
word,lowering,5142,9
word,beautiful,5143,12
word,ideas,5144,29
word,walking,5145,12
word,door,5146,42
word,'86,5147,4
word,moment,5148,49
word,looming,5149,5
word,holidays,5150,6
word,free-lance,5151,7
word,Signs,5152,3
word,Fed,5153,153
word,upward,5154,20
word,moderated,5155,2
word,Black,5156,25
word,Richmond,5157,16
word,posting,5158,18
word,fourth,5159,113
word,agrees,5160,20
word,Kansas,5161,19
word,Guffey,5162,4
word,achieving,5163,5
word,stated,5164,23
word,objective,5165,11
word,hopefully,5166,6
word,downward,5167,29
word,expecting,5168,20
word,easier,5169,34
word,plunge,5170,71
word,shown,5171,47
word,weak,5172,60
word,slower,5173,22
word,petroleum,5174,20
word,Retail,5175,4
word,discretionary,5176,11
word,big-ticket,5177,5
word,halt,5178,31
word,divided,5179,26
word,presidents,5180,15
word,resisting,5181,3
word,excesses,5182,5
word,tilt,5183,6
word,chance,5184,72
word,Restaurant,5185,3
word,mailing,5186,8
word,exercised,5187,12
word,Integra,5188,2
word,hotels,5189,13
word,Hallwood,5190,5
word,exercise,5191,54
word,merchant,5192,27
word,Copperweld,5193,3
word,steelmaker,5194,14
word,Shelby,5195,3
word,Steelworkers,5196,8
word,Local,5197,7
word,expired,5198,13
word,vote,5199,115
word,reject,5200,15
word,pact,5201,36
word,stoppage,5202,2
word,postponed,5203,14
word,Basham,5204,4
word,rescheduled,5205,3
word,Unless,5206,16
word,congressional,5207,95
word,partisan,5208,4
word,bickering,5209,3
word,entangled,5210,2
word,fails,5211,10
word,disruption,5212,9
word,schedule,5213,31
word,taxpayer,5214,9
word,Nicholas,5215,19
word,Brady,5216,36
word,bankers,5217,55
word,imperative,5218,4
word,redeem,5219,15
word,maturing,5220,17
word,refunding,5221,15
word,three-year,5222,25
word,auctioned,5223,9
word,30-year,5224,63
word,when-issued,5225,7
word,approves,5226,6
word,clearing,5227,16
word,two-year,5228,39
word,five-year,5229,28
word,estimates,5230,122
word,decides,5231,10
word,aim,5232,14
word,Lancaster,5233,5
word,Colony,5234,2
word,Reames,5235,2
word,Foods,5236,29
word,marketer,5237,11
word,frozen,5238,9
word,noodles,5239,2
word,pasta,5240,4
word,Investors,5241,103
word,advantage,5242,47
word,rally,5243,65
word,fractionally,5244,5
word,Bond,5245,85
word,Industrial,5246,89
word,finished,5247,46
word,advancing,5248,10
word,Long-term,5249,9
word,Continuing,5250,3
word,enthusiasm,5251,8
word,evaporated,5252,3
word,rushed,5253,11
word,sight,5254,8
word,Book,5255,7
word,pattern,5256,23
word,benchmark,5257,51
word,afternoon,5258,54
word,Mitsui,5259,17
word,Mining,5260,8
word,Smelting,5261,2
word,Net,5262,61
word,Eaton,5263,11
word,Sierra,5264,9
word,supplies,5265,44
word,Harold,5266,16
word,Simmons,5267,25
word,NL,5268,15
word,Gulf,5269,67
word,commodity,5270,47
word,chemicals,5271,51
word,restructure,5272,21
word,rebuffed,5273,7
word,alternatives,5274,36
word,proposals,5275,54
word,Late,5276,11
word,reviewed,5277,5
word,regarding,5278,28
word,eliminated,5279,20
word,various,5280,80
word,proof,5281,12
word,aggressive,5282,37
word,pit,5283,11
word,bull,5284,8
word,Leming,5285,2
word,Morgan,5286,100
word,Stanley,5287,75
word,Valhi,5288,2
word,two-thirds,5289,33
word,surprised,5290,34
word,cited,5291,67
word,becomes,5292,30
word,unchanged,5293,83
word,proposing,5294,14
word,subordinated,5295,63
word,junk-bond,5296,53
word,collapsed,5297,36
word,likelihood,5298,11
word,hundred,5299,20
word,agreeing,5300,14
word,consent,5301,23
word,Jerry,5302,16
word,respond,5303,27
word,solicitation,5304,12
word,replacing,5305,11
word,friendly,5306,34
word,apparently,5307,81
word,nominal,5308,13
word,earned,5309,103
word,licensing,5310,9
word,representing,5311,42
word,challenging,5312,13
word,university,5313,26
word,Retin-A,5314,5
word,acne,5315,3
word,medicine,5316,12
word,Patents,5317,2
word,Westport,5318,2
word,punitive,5319,10
word,license,5320,29
word,elsewhere,5321,35
word,Albert,5322,18
word,Kligman,5323,2
word,researcher,5324,17
word,1960s,5325,17
word,combat,5326,14
word,patented,5327,4
word,licensed,5328,11
word,Brunswick,5329,5
word,Criticism,5330,3
word,acquisitions,5331,67
word,Officials,5332,46
word,skittishness,5333,4
word,color,5334,22
word,disagree,5335,14
word,indeed,5336,37
word,unfettered,5337,2
word,Where,5338,15
word,removal,5339,10
word,barriers,5340,23
word,heated,5341,5
word,stirred,5342,3
word,focusing,5343,19
word,differences,5344,39
word,Initiative,5345,6
word,rhetoric,5346,11
word,signal,5347,27
word,Dallara,5348,4
word,informally,5349,3
word,impending,5350,13
word,fret,5351,4
word,rancor,5352,2
word,nervousness,5353,4
word,devoted,5354,10
word,half-hour,5355,13
word,briefing,5356,5
word,journalists,5357,13
word,vitally,5358,2
word,emotions,5359,3
word,Watanabe,5360,2
word,notably,5361,16
word,Coca-Cola,5362,15
word,owner,5363,60
word,midtown,5364,5
word,fuel,5365,34
word,fires,5366,9
word,discontent,5367,2
word,publicized,5368,7
word,Boone,5369,6
word,Pickens,5370,6
word,Jr,5371,9
word,Koito,5372,3
word,asserting,5373,4
word,hay,5374,2
word,troubles,5375,32
word,Texan,5376,4
word,Lloyd,5377,67
word,Bentsen,5378,2
word,highlight,5379,9
word,disproportionate,5380,10
word,table,5381,29
word,structures,5382,21
word,recommendations,5383,15
word,anxious,5384,13
word,successful,5385,57
word,clarified,5386,2
word,concessions,5387,18
word,Just,5388,39
word,clarify,5389,5
word,exactly,5390,30
word,sorting,5391,3
word,specifics,5392,4
word,quick,5393,31
word,basic,5394,35
word,MITI,5395,3
word,crossed,5396,6
word,smaller,5397,100
word,controversial,5398,42
word,improves,5399,8
word,provides,5400,75
word,Candela,5401,6
word,Laser,5402,2
word,high-tech,5403,18
word,sights,5404,5
word,myriad,5405,4
word,penetrate,5406,5
word,tiny,5407,21
word,joint-venture,5408,8
word,guided,5409,4
word,bureaucratic,5410,10
word,maze,5411,3
word,secured,5412,28
word,laser,5413,6
word,kidney,5414,10
word,stones,5415,10
word,treats,5416,5
word,skin,5417,10
word,count,5418,19
word,Olsen,5419,3
word,bankroll,5420,2
word,promising,5421,14
word,frequently,5422,36
word,putting,5423,56
word,financed,5424,19
word,corporations,5425,55
word,minority,5426,65
word,Venture,5427,8
word,Economics,5428,9
word,acceleration,5429,4
word,Center,5430,51
word,deals,5431,74
word,conspicuous,5432,2
word,feed,5433,15
word,anxieties,5434,4
word,glass,5435,26
word,catch,5436,28
word,fancy,5437,13
word,strategic,5438,44
word,fit,5439,32
word,Glass,5440,5
word,Va.,5441,22
word,architectural,5442,6
word,foundering,5443,4
word,Ronald,5444,21
word,Bodner,5445,2
word,chiefly,5446,3
word,window,5447,22
word,Wakui,5448,3
word,merchandise,5449,33
word,inside,5450,34
word,Trading,5451,26
word,Itoh,5452,2
word,counterpart,5453,8
word,vertically,5454,2
word,globally,5455,2
word,commodities,5456,21
word,ships,5457,25
word,Klauser,5458,4
word,U.S.A.,5459,11
word,houses,5460,71
word,Adds,5461,8
word,ventures,5462,51
word,Silicon,5463,14
word,goal,5464,48
word,Strategic,5465,8
word,objectives,5466,18
word,drive,5467,56
word,basis,5468,116
word,performed,5469,20
word,businessman,5470,13
word,Davies,5471,2
word,Alliance,5472,11
word,relation,5473,5
word,generate,5474,28
word,extent,5475,39
word,ai,5476,5
word,Hudson,5477,17
word,Stearn,5478,3
word,departure,5479,28
word,maintenance,5480,31
word,fueling,5481,5
word,airlines,5482,32
word,airports,5483,9
word,omitted,5484,12
word,duties,5485,27
word,assumed,5486,21
word,Driskill,5487,2
word,neighborhood,5488,23
word,convenient,5489,6
word,Crown,5490,4
word,Account,5491,4
word,package,5492,83
word,checking,5493,7
word,safe,5494,41
word,deposit,5495,27
word,card,5496,38
word,installment,5497,10
word,"15,000",5498,40
word,qualify,5499,17
word,loyalty,5500,28
word,competitive,5501,54
word,deposits,5502,46
word,packages,5503,33
word,targeting,5504,14
word,population,5505,27
word,Anne,5506,10
word,Moore,5507,12
word,Synergistics,5508,2
word,NCNB,5509,5
word,Charlotte,5510,14
word,Program,5511,22
word,adults,5512,15
word,starting,5513,51
word,pre-approved,5514,2
word,throws,5515,9
word,cash-flow,5516,2
word,saving,5517,15
word,Planters,5518,4
word,Memphis,5519,8
word,Tenn.,5520,13
word,Edge,5521,2
word,thirtysomething,5522,3
word,crowd,5523,18
word,borrowed,5524,22
word,aiming,5525,8
word,elderly,5526,19
word,demographic,5527,5
word,segment,5528,52
word,stepped,5529,20
word,MacDonald,5530,6
word,Barnett,5531,5
word,Banks,5532,19
word,Jacksonville,5533,2
word,Fla.,5534,29
word,Seniors,5535,3
word,Partners,5536,49
word,styles,5537,9
word,life-style,5538,3
word,create,5539,73
word,branches,5540,32
word,athletic,5541,7
word,travel,5542,56
word,active,5543,96
word,55-year-old,5544,2
word,Senior,5545,6
word,games,5546,36
word,Panama,5547,32
word,Wells,5548,26
word,Fargo,5549,10
word,travelers,5550,11
word,checks,5551,28
word,fee,5552,23
word,slew,5553,6
word,promoting,5554,17
word,margins,5555,67
word,computerize,5556,2
word,niches,5557,4
word,profitable,5558,60
word,mid-1970s,5559,9
word,emphasis,5560,26
word,switched,5561,13
word,ways,5562,80
word,enabling,5563,8
word,analyze,5564,7
word,deregulation,5565,13
word,1970s,5566,41
word,CDs,5567,43
word,passbook,5568,2
word,certificates,5569,38
word,interest-bearing,5570,4
word,staggering,5571,7
word,bigger,5572,44
word,Norwest,5573,4
word,Chemical,5574,67
word,market-share,5575,5
word,battles,5576,4
word,banker,5577,36
word,worrying,5578,7
word,unions,5579,24
word,scrambling,5580,11
word,define,5581,5
word,N.C,5582,8
word,attracting,5583,16
word,rate-sensitive,5584,2
word,costly,5585,38
word,rewarding,5586,5
word,bulk,5587,30
word,captive,5588,2
word,audience,5589,39
word,loyal,5590,21
word,borrowers,5591,10
word,drawbacks,5592,4
word,personnel,5593,38
word,training,5594,47
word,promotional,5595,15
word,Jacob,5596,7
word,comprehensive,5597,14
word,Still,5598,105
word,flourish,5599,3
word,demanding,5600,13
word,tailored,5601,4
word,moving,5602,68
word,direction,5603,45
word,Alvin,5604,6
word,Sale,5605,3
word,realize,5606,37
word,boutique,5607,4
word,IRAs,5608,11
word,amend,5609,3
word,registration,5610,16
word,"500,000",5611,39
word,Chandler,5612,16
word,Ariz.,5613,21
word,exercisable,5614,13
word,ShareData,5615,2
word,develops,5616,9
word,low-cost,5617,11
word,peripheral,5618,6
word,Five,5619,14
word,Buy,5620,4
word,Chevrolet,5621,14
word,Hawaiian,5622,5
word,vacation,5623,9
word,diamond,5624,9
word,Make,5625,7
word,lasting,5626,7
word,savings-and-loan,5627,14
word,Foster,5628,11
word,Corporate,5629,28
word,Parents,5630,5
word,pocket,5631,4
word,ailing,5632,9
word,teetering,5633,2
word,demise,5634,11
word,Your,5635,34
word,needy,5636,2
word,solvent,5637,4
word,Parent,5638,2
word,Like,5639,44
word,healthy,5640,50
word,Institution,5641,6
word,gift,5642,9
word,doors,5643,12
word,joy,5644,2
word,felt,5645,50
word,Lewis,5646,23
word,Ranieri,5647,3
word,builds,5648,10
word,confidence,5649,47
word,self,5650,2
word,critical,5651,39
word,institution,5652,23
word,Every,5653,19
word,delay,5654,37
word,worse,5655,36
word,Think,5656,6
word,send,5657,30
word,rap,5658,2
word,sagging,5659,9
word,morale,5660,5
word,Mercantile,5661,24
word,institute,5662,19
word,circuit,5663,22
word,breaker,5664,9
word,stemming,5665,18
word,slides,5666,2
word,Phelan,5667,42
word,subcommittee,5668,28
word,halts,5669,4
word,emergencies,5670,4
word,reinstating,5671,2
word,collar,5672,10
word,arguing,5673,11
word,limit,5674,94
word,Merc,5675,26
word,one-hour,5676,8
word,Standard,5677,53
word,Poor,5678,50
word,stock-index,5679,97
word,futures,5680,277
word,S&P,5681,121
word,20-point,5682,2
word,p.m,5683,9
word,execute,5684,12
word,trades,5685,82
word,tumultuous,5686,6
word,industrials,5687,29
word,skidded,5688,7
word,hitting,5689,11
word,remained,5690,52
word,session,5691,93
word,existing,5692,74
word,12-point,5693,4
word,equal,5694,46
word,Leo,5695,6
word,lessen,5696,3
word,panic,5697,18
word,reopened,5698,6
word,subsequent,5699,18
word,flood,5700,7
word,knocked,5701,15
word,30-point,5702,2
word,intermediate,5703,5
word,synchronized,5704,2
word,circuit-breaker,5705,2
word,aggravated,5706,5
word,directing,5707,4
word,floor,5708,100
word,shortly,5709,26
word,maximum,5710,31
word,one-day,5711,8
word,modification,5712,4
word,five-point,5713,4
word,minutes,5714,61
word,lapses,5715,3
word,aides,5716,18
word,congressmen,5717,6
word,executing,5718,8
word,manually,5719,3
word,expressed,5720,42
word,volatility,5721,95
word,program-trading,5722,31
word,comfortable,5723,20
word,Capitol,5724,22
word,legislators,5725,24
word,shut,5726,27
word,volatile,5727,38
word,Breeden,5728,40
word,breakers,5729,12
word,preset,5730,3
word,trigger,5731,12
word,vague,5732,7
word,viewpoints,5733,2
word,angered,5734,7
word,Edward,5735,45
word,Markey,5736,9
word,beyond,5737,58
word,done,5738,109
word,sensitive,5739,29
word,happy,5740,23
word,writing,5741,24
word,discussed,5742,22
word,annoyed,5743,5
word,congressman,5744,17
word,attended,5745,22
word,Dingell,5746,17
word,let,5747,80
word,sources,5748,57
word,jurisdictional,5749,2
word,regulating,5750,4
word,regulated,5751,12
word,Futures,5752,43
word,Agriculture,5753,19
word,committees,5754,21
word,peculiar,5755,5
word,peculiarities,5756,2
word,Dorothy,5757,4
word,Sayers,5758,2
word,Nine,5759,3
word,rural,5760,21
word,ancient,5761,6
word,stone,5762,6
word,church,5763,30
word,bells,5764,21
word,tower,5765,21
word,calling,5766,33
word,faithful,5767,4
word,Angels,5768,12
word,chat,5769,2
word,ropes,5770,5
word,sounded,5771,6
word,discordant,5772,2
word,modern,5773,34
word,Aslacton,5774,2
word,enjoying,5775,7
word,peal,5776,2
word,cool,5777,17
word,autumn,5778,9
word,churches,5779,5
word,band,5780,15
word,ringers,5781,21
word,herald,5782,2
word,Sunday,5783,35
word,ringer,5784,5
word,Derek,5785,4
word,Hammond,5786,8
word,live,5787,56
word,youngsters,5788,6
word,sounding,5789,2
word,Anglia,5790,5
word,ring,5791,12
word,scrape,5792,2
word,worker,5793,35
word,train,5794,19
word,drift,5795,4
word,youth,5796,12
word,diminish,5797,3
word,ranks,5798,18
word,History,5799,3
word,nationwide,5800,24
word,rung,5801,2
word,Sundays,5802,3
word,continental,5803,4
word,foreigners,5804,23
word,invented,5805,9
word,physical,5806,16
word,weigh,5807,9
word,ton,5808,23
word,concentration,5809,5
word,rounds,5810,2
word,bell,5811,11
word,descending,5812,2
word,altering,5813,2
word,rhythm,5814,5
word,variation,5815,3
word,Ringers,5816,3
word,methods,5817,11
word,Major,5818,29
word,Abbot,5819,2
word,Kensington,5820,3
word,Ten,5821,8
word,circle,5822,10
word,foot,5823,21
word,pulling,5824,13
word,rope,5825,2
word,disappears,5826,6
word,hole,5827,12
word,ringing,5828,6
word,chamber,5829,20
word,speaks,5830,8
word,absorbed,5831,7
word,vision,5832,12
word,thus,5833,50
word,pulls,5834,7
word,Far,5835,23
word,belfry,5836,3
word,wheels,5837,6
word,wrists,5838,2
word,well-known,5839,21
word,novelist,5840,5
word,passion,5841,8
word,finds,5842,20
word,satisfaction,5843,16
word,mathematical,5844,3
word,perfection,5845,4
word,filled,5846,35
word,intricate,5847,4
word,Ringing,5848,2
word,bit,5849,47
word,obsession,5850,4
word,Stephanie,5851,3
word,stays,5852,6
word,stuck,5853,17
word,sweat,5854,8
word,skip,5855,3
word,pub,5856,2
word,worship,5857,3
word,sit,5858,22
word,Church,5859,18
word,steadily,5860,16
word,dwindling,5861,2
word,strong-willed,5862,2
word,vicars,5863,2
word,pressing,5864,15
word,attend,5865,7
word,Two,5866,72
word,Rev.,5867,8
word,Jeremy,5868,4
word,Hummerstone,5869,2
word,vicar,5870,5
word,Torrington,5871,3
word,Devon,5872,2
word,sacked,5873,2
word,promptly,5874,13
word,premises,5875,6
word,Vicar,5876,2
word,congregation,5877,2
word,eight,5878,101
word,Somerset,5879,3
word,attendance,5880,10
word,refuses,5881,7
word,reopen,5882,8
word,wound,5883,7
word,nearby,5884,15
word,fault,5885,11
word,stairs,5886,2
word,crunch,5887,14
word,bang,5888,6
word,obvious,5889,26
word,exit,5890,4
word,prayer,5891,2
word,feelings,5892,8
word,drawn,5893,17
word,Council,5894,44
word,Bell,5895,55
word,aims,5896,14
word,Baldwin,5897,8
word,speak,5898,17
word,colleges,5899,8
word,publish,5900,18
word,entitled,5901,9
word,Bells,5902,2
word,Care,5903,31
word,attacking,5904,4
word,"40,000",5905,12
word,inner-city,5906,9
word,council,5907,24
word,attract,5908,41
word,Right,5909,16
word,lucky,5910,14
word,male-dominated,5911,2
word,everywhere,5912,8
word,founded,5913,22
word,galling,5914,2
word,sole,5915,19
word,Westminster,5916,2
word,weekly,5917,41
word,signing,5918,15
word,balanced,5919,7
word,frequency,5920,6
word,fainting,5921,3
word,peals,5922,2
word,tea,5923,12
word,observed,5924,13
word,desired,5925,5
word,dressed,5926,5
word,decorated,5927,3
word,Sheffield,5928,2
word,faint,5929,3
word,unsettled,5930,10
word,comfort,5931,7
word,predictable,5932,7
word,arrival,5933,5
word,payouts,5934,5
word,warn,5935,7
word,strongest,5936,18
word,stock-market,5937,33
word,trap,5938,6
word,unwary,5939,2
word,Bernstein,5940,15
word,quantitative,5941,3
word,Merrill,5942,116
word,Lynch,5943,110
word,Strong,5944,6
word,widow,5945,7
word,reference,5946,8
word,males,5947,4
word,kill,5948,33
word,mating,5949,3
word,Boesel,5950,6
word,Growth,5951,12
word,Income,5952,13
word,Invariably,5953,2
word,recessionary,5954,4
word,environments,5955,5
word,hospitable,5956,3
word,risen,5957,26
word,cyclical,5958,18
word,peaks,5959,4
word,500-stock,5960,12
word,sliding,5961,6
word,watchers,5962,9
word,double-digit,5963,9
word,trends,5964,31
word,advances,5965,17
word,Put,5966,17
word,relative,5967,25
word,exits,5968,2
word,sustained,5969,24
word,rebound,5970,25
word,pushes,5971,3
word,Always,5972,3
word,exception,5973,15
word,W.,5974,52
word,Perritt,5975,3
word,Stockholders,5976,4
word,hint,5977,4
word,escaped,5978,10
word,debacle,5979,9
word,sharp,5980,75
word,troublesome,5981,7
word,behaving,5982,4
word,manner,5983,12
word,Coxon,5984,3
word,Cigna,5985,8
word,Philadelphia-based,5986,3
word,insurer,5987,36
word,Einhorn,5988,6
word,co-chairman,5989,5
word,tad,5990,4
word,single-digit,5991,2
word,weakening,5992,19
word,PaineWebber,5993,58
word,forecasting,5994,9
word,argument,5995,29
word,declare,5996,6
word,weaken,5997,13
word,bulls,5998,3
word,expenditures,5999,19
word,tally,6000,5
word,basically,6001,17
word,trailed,6002,8
word,slippage,6003,2
word,deliver,6004,40
word,appreciation,6005,24
word,vs.,6006,32
word,Having,6007,15
word,supportive,6008,5
word,element,6009,11
word,outlook,6010,42
word,upside,6011,8
word,page-one,6012,8
word,plight,6013,8
word,Alexander,6014,9
word,Graham,6015,9
word,invention,6016,3
word,supposedly,6017,6
word,communication,6018,6
word,replace,6019,44
word,father-in-law,6020,2
word,Gardner,6021,4
word,Hubbard,6022,8
word,wealthy,6023,11
word,microphone,6024,4
word,sued,6025,26
word,grandfather,6026,4
word,Berliner,6027,4
word,"50,000",6028,32
word,infringed,6029,4
word,established,6030,50
word,caveat,6031,2
word,enter,6032,30
word,Beverly,6033,19
word,Troubled,6034,5
word,NBI,6035,13
word,discontinuing,6036,3
word,quarters,6037,36
word,Altogether,6038,3
word,Boulder,6039,4
word,Kingdom,6040,16
word,Jerritts,6041,2
word,commit,6042,6
word,Further,6043,10
word,radically,6044,3
word,servicing,6045,3
word,word-processing,6046,3
word,Legend,6047,3
word,lacked,6048,9
word,Series,6049,121
word,hired,6050,30
word,Nixon,6051,35
word,historic,6052,11
word,spoke,6053,15
word,length,6054,10
word,nowhere,6055,4
word,easing,6056,19
word,strains,6057,4
word,afflicted,6058,2
word,Sino-U.S.,6059,3
word,relationship,6060,45
word,bloody,6061,6
word,suppression,6062,2
word,pro-democracy,6063,9
word,demonstrators,6064,12
word,outrage,6065,5
word,massacre,6066,12
word,interference,6067,4
word,Legal,6068,12
word,normally,6069,38
word,proponent,6070,4
word,peaceful,6071,7
word,phrase,6072,8
word,seduce,6073,2
word,socialist,6074,10
word,capitalist,6075,5
word,sphere,6076,3
word,tension,6077,10
word,evident,6078,14
word,toast,6079,3
word,reciting,6080,2
word,eternal,6081,4
word,friendship,6082,7
word,reminded,6083,5
word,Yang,6084,5
word,assault,6085,10
word,States,6086,37
word,crackdown,6087,7
word,ordering,6088,10
word,respect,6089,16
word,fashion,6090,32
word,killings,6091,9
word,prominently,6092,4
word,demonstrations,6093,14
word,supreme,6094,2
word,Deng,6095,9
word,Xiaoping,6096,2
word,Frankly,6097,5
word,speaking,6098,9
word,deeply,6099,14
word,turmoil,6100,29
word,counterrevolutionary,6101,5
word,rebellion,6102,4
word,occurred,6103,29
word,exchanges,6104,65
word,deteriorated,6105,6
word,greatest,6106,21
word,Relations,6107,13
word,dissident,6108,14
word,Fang,6109,3
word,Lizhi,6110,2
word,wife,6111,44
word,Li,6112,3
word,refuge,6113,8
word,Embassy,6114,10
word,Shortly,6115,7
word,afterwards,6116,4
word,suspension,6117,48
word,high-level,6118,4
word,traveling,6119,8
word,citizen,6120,8
word,unofficial,6121,4
word,Brent,6122,5
word,Scowcroft,6123,9
word,Saturday,6124,38
word,top-level,6125,3
word,participation,6126,27
word,pulled,6127,34
word,acknowledge,6128,8
word,welcome,6129,15
word,infusion,6130,3
word,contacts,6131,9
word,borders,6132,5
word,SDI,6133,4
word,weapon,6134,8
word,shoot,6135,6
word,minor,6136,30
word,concession,6137,4
word,Premier,6138,2
word,hoped,6139,26
word,encounter,6140,3
word,guards,6141,7
word,guns,6142,3
word,Sure,6143,4
word,arrived,6144,17
word,embassy,6145,3
word,blocks,6146,17
word,ambassador,6147,6
word,residence,6148,9
word,encircling,6149,2
word,discarded,6150,7
word,arms,6151,18
word,pistols,6152,2
word,contingent,6153,6
word,soldiers,6154,7
word,protests,6155,16
word,rifles,6156,3
word,diplomats,6157,6
word,loaded,6158,6
word,Firms,6159,6
word,Science,6160,12
word,accusing,6161,4
word,jeopardizing,6162,2
word,tree,6163,10
word,passing,6164,14
word,buck,6165,7
word,everything,6166,54
word,volunteer,6167,5
word,unethical,6168,4
word,Unfortunately,6169,12
word,compensation,6170,33
word,impression,6171,10
word,harder,6172,32
word,visited,6173,15
word,images,6174,12
word,changing,6175,32
word,perceptions,6176,10
word,salaries,6177,15
word,vacations,6178,3
word,accept,6179,63
word,Hiroshi,6180,2
word,Barbara,6181,12
word,Higher,6182,5
word,Ratings,6183,2
word,Than,6184,3
word,continually,6185,8
word,negatives,6186,4
word,liberals,6187,5
word,progressive,6188,3
word,Klein,6189,11
word,puts,6190,44
word,professionals,6191,20
word,favorable,6192,28
word,voters,6193,53
word,spouse,6194,4
word,imply,6195,4
word,three-quarters,6196,3
word,assumption,6197,26
word,distasteful,6198,2
word,newsworthy,6199,2
word,perspective,6200,12
word,defined,6201,15
word,Preston,6202,2
word,Birmingham,6203,11
word,Ala,6204,2
word,self-regulatory,6205,2
word,disciplined,6206,5
word,expelled,6207,6
word,NASD,6208,10
word,fined,6209,24
word,Fernando,6210,7
word,Vargas,6211,3
word,Marina,6212,22
word,del,6213,6
word,Rey,6214,31
word,listing,6215,14
word,J.L.,6216,3
word,Henry,6217,27
word,I.,6218,14
word,Otero,6219,3
word,"30,000",6220,13
word,improper,6221,8
word,unpublished,6222,7
word,Biscayne,6223,2
word,Rosenblum,6224,2
word,10-day,6225,5
word,suspensions,6226,4
word,Triton,6227,4
word,Danville,6228,2
word,settlement,6229,108
word,admitting,6230,12
word,denying,6231,10
word,consented,6232,12
word,connection,6233,32
word,limited-partnership,6234,2
word,Crane,6235,15
word,Mount,6236,3
word,Glenn,6237,12
word,escrow,6238,5
word,record-keeping,6239,4
word,Canepa,6240,3
word,two-week,6241,5
word,inaccurately,6242,2
word,inaccurate,6243,5
word,principals,6244,9
word,Dell,6245,15
word,Eugene,6246,9
word,Island,6247,20
word,Wash.,6248,8
word,McFall,6249,2
word,implication,6250,6
word,inappropriate,6251,9
word,timing,6252,23
word,Whelen,6253,4
word,Georgetown,6254,4
word,Del.,6255,9
word,N.,6256,11
word,transacting,6257,2
word,differ,6258,7
word,meaning,6259,19
word,markdown,6260,3
word,62%-owned,6261,3
word,Express,6262,98
word,timely,6263,8
word,requests,6264,16
word,Except,6265,5
word,Andrew,6266,12
word,Adams,6267,6
word,Francis,6268,9
word,Shores,6269,2
word,Anthony,6270,17
word,Arlington,6271,5
word,"7,500",6272,4
word,Fred,6273,10
word,"2,500",6274,11
word,Pa.,6275,26
word,Camille,6276,2
word,"25,000",6277,17
word,disgorge,6278,6
word,one-year,6279,36
word,Davis,6280,31
word,Miss.,6281,4
word,"200,000",6282,24
word,Jeffrey,6283,23
word,Gerard,6284,6
word,Felten,6285,2
word,Marion,6286,3
word,Stewart,6287,12
word,amounted,6288,17
word,parking,6289,16
word,ticket,6290,26
word,complaining,6291,10
word,sizable,6292,17
word,anybody,6293,26
word,Floyd,6294,2
word,Houston,6295,50
word,Bronx,6296,11
word,"60,000",6297,12
word,Deborah,6298,3
word,Renee,6299,2
word,Palisades,6300,2
word,Park,6301,35
word,Minn.,6302,8
word,Sr.,6303,7
word,Scott,6304,27
word,Mo.,6305,5
word,Leigh,6306,2
word,Md.,6307,11
word,"45,000",6308,7
word,Sandra,6309,6
word,Ann,6310,8
word,Spence,6311,2
word,Ore.,6312,9
word,Sun,6313,54
word,Jamaica,6314,8
word,Wong,6315,4
word,Enright,6316,2
word,Rolling,6317,3
word,Stuart,6318,11
word,Dahl,6319,2
word,screwed,6320,2
word,breaking,6321,23
word,agents,6322,34
word,compliance,6323,20
word,stupid,6324,10
word,mistakes,6325,10
word,Cole,6326,6
word,Jackson,6327,21
word,Rita,6328,3
word,Cross,6329,26
word,Denver,6330,16
word,"2,000",6331,28
word,five-day,6332,3
word,Cutrer,6333,2
word,Baton,6334,2
word,Rouge,6335,20
word,La.,6336,3
word,one-month,6337,3
word,Karl,6338,2
word,Grant,6339,8
word,Hale,6340,4
word,Utah,6341,20
word,Clinton,6342,10
word,Kane,6343,8
word,"250,000",6344,19
word,Aurora,6345,3
word,Miller,6346,37
word,Randolph,6347,5
word,Brian,6348,12
word,Pitcher,6349,2
word,Russo,6350,4
word,15-day,6351,2
word,"3,500",6352,5
word,Las,6353,34
word,Vegas,6354,30
word,Nev.,6355,9
word,Eric,6356,9
word,Gerhard,6357,2
word,Carson,6358,6
word,actively,6359,14
word,engaged,6360,30
word,blocked,6361,8
word,computer-driven,6362,12
word,plays,6363,22
word,hurdles,6364,8
word,loom,6365,2
word,resist,6366,9
word,onslaught,6367,3
word,furor,6368,10
word,marching,6369,4
word,abroad,6370,49
word,overlap,6371,2
word,American-style,6372,3
word,arbitrage,6373,105
word,exploit,6374,9
word,imagine,6375,8
word,racing,6376,7
word,scrutinizing,6377,3
word,cope,6378,15
word,Utsumi,6379,8
word,Osaka,6380,6
word,wary,6381,13
word,forgotten,6382,9
word,leap,6383,6
word,bout,6384,4
word,drove,6385,16
word,skyward,6386,2
word,mechanisms,6387,2
word,operators,6388,28
word,suspend,6389,10
word,Maybe,6390,29
word,tightened,6391,7
word,index-related,6392,2
word,catch-up,6393,2
word,Salomon,6394,68
word,reaped,6395,3
word,chunk,6396,14
word,Maughan,6397,2
word,S.,6398,43
word,futures-related,6399,5
word,strategies,6400,37
word,disruptive,6401,2
word,liquid,6402,13
word,impact,6403,105
word,serves,6404,15
word,conduit,6405,2
word,attractions,6406,5
word,counter,6407,26
word,tapes,6408,8
word,unwind,6409,3
word,begins,6410,31
word,pegged,6411,11
word,privacy,6412,6
word,brokerage,6413,111
word,index-arbitrage,6414,12
word,Assurance,6415,6
word,manages,6416,21
word,#,6417,127
word,Times-Stock,6418,7
word,100-share,6419,15
word,option,6420,60
word,Options,6421,18
word,FT-SE,6422,8
word,tenfold,6423,6
word,compares,6424,24
word,derivatives,6425,5
word,wage,6426,90
word,compromise,6427,45
word,backed,6428,71
word,replete,6429,3
word,proponents,6430,8
word,Advocates,6431,2
word,hour,6432,66
word,opponents,6433,18
word,reflected,6434,41
word,Republicans,6435,53
word,bend,6436,2
word,lifting,6437,6
word,four-year,6438,16
word,enacted,6439,13
word,smiles,6440,2
word,Pat,6441,7
word,Williams,6442,22
word,Roukema,6443,2
word,acceptance,6444,6
word,subminimum,6445,5
word,administrations,6446,2
word,sought,6447,67
word,Adopting,6448,2
word,nickel,6449,8
word,Policy,6450,9
word,lately,6451,16
word,touted,6452,5
word,skills,6453,16
word,Labor,6454,49
word,Democrats,6455,83
word,fought,6456,14
word,insistence,6457,8
word,Employers,6458,8
word,restriction,6459,10
word,covers,6460,21
word,Chamber,6461,10
word,impossible,6462,35
word,employers,6463,29
word,elimination,6464,8
word,Zenith,6465,6
word,Data,6466,72
word,Electronics,6467,21
word,Navy,6468,35
word,microcomputers,6469,3
word,Rockwell,6470,10
word,Air,6471,149
word,Force,6472,33
word,gunship,6473,2
word,replacement,6474,22
word,Marietta,6475,3
word,intelligence,6476,22
word,Hahn,6477,28
word,mode,6478,5
word,gentle,6479,5
word,Can,6480,8
word,hard-charging,6481,2
word,Teddy,6482,13
word,Roosevelt,6483,4
word,62-year-old,6484,2
word,unsolicited,6485,7
word,cold,6486,37
word,faced,6487,31
word,negotiated,6488,22
word,entice,6489,5
word,negotiating,6490,45
word,surrender,6491,8
word,tough,6492,68
word,completion,6493,17
word,opens,6494,11
word,war,6495,65
word,implies,6496,11
word,dilemma,6497,8
word,Given,6498,12
word,observers,6499,36
word,fold,6500,5
word,courage,6501,4
word,Correll,6502,2
word,pulp,6503,27
word,long-time,6504,2
word,Griffin,6505,2
word,consensus,6506,29
word,insiders,6507,15
word,onto,6508,27
word,knew,6509,23
word,picked,6510,19
word,careful,6511,14
word,Assuming,6512,4
word,universities,6513,9
word,willingness,6514,10
word,arrest,6515,15
word,protesters,6516,15
word,occupying,6517,2
word,impressed,6518,9
word,Pamplin,6519,2
word,fundraising,6520,2
word,joining,6521,24
word,administrator,6522,13
word,transition,6523,17
word,swiftly,6524,11
word,demonstrating,6525,2
word,raw,6526,23
word,son,6527,32
word,skipped,6528,2
word,classmates,6529,2
word,graduated,6530,3
word,Beta,6531,6
word,Kentucky,6532,18
word,doctorate,6533,2
word,physics,6534,4
word,understatement,6535,3
word,photographic,6536,7
word,engineered,6537,17
word,turnaround,6538,20
word,Taking,6539,3
word,inherited,6540,7
word,building-products,6541,2
word,vinyl,6542,2
word,checkbook,6543,2
word,refocusing,6544,2
word,repair,6545,26
word,remodeling,6546,8
word,new-home,6547,7
word,cycles,6548,10
word,formula,6549,16
word,reins,6550,5
word,attributes,6551,6
word,philosophy,6552,10
word,concentrating,6553,10
word,diversified,6554,19
word,impressive,6555,12
word,diversification,6556,10
word,match,6557,32
word,high-quality,6558,16
word,forest-products,6559,11
word,waters,6560,10
word,Kathryn,6561,3
word,McAuley,6562,2
word,House-Senate,6563,16
word,portions,6564,7
word,relies,6565,10
word,guarantees,6566,45
word,stimulating,6567,4
word,appropriators,6568,3
word,Overseas,6569,6
word,initiatives,6570,14
word,contrasts,6571,3
word,provoked,6572,6
word,veto,6573,94
word,confined,6574,5
word,shaping,6575,6
word,authorizing,6576,3
word,appropriations,6577,48
word,decisive,6578,5
word,Appropriations,6579,24
word,Pentagon,6580,66
word,separately,6581,19
word,planning,6582,66
word,Population,6583,3
word,portion,6584,55
word,warming,6585,9
word,African,6586,25
word,draws,6587,7
word,variety,6588,30
word,amendments,6589,12
word,exemption,6590,9
word,airplane,6591,3
word,intriguing,6592,5
word,struggle,6593,18
word,sugar,6594,39
word,fate,6595,13
word,quota,6596,9
word,stripped,6597,10
word,Noriega,6598,30
word,regime,6599,16
word,tons,6600,88
word,21-month,6601,2
word,growers,6602,14
word,pound,6603,94
word,Majority,6604,14
word,Whip,6605,2
word,Gray,6606,13
word,Pa,6607,10
word,English-speaking,6608,2
word,Caribbean,6609,13
word,conservative,6610,62
word,Bolivia,6611,3
word,broadened,6612,2
word,Basin,6613,6
word,initiate,6614,5
word,powerful,6615,57
word,Hawaii,6616,14
word,Inouye,6617,8
word,allies,6618,23
word,instructed,6619,5
word,lobbyist,6620,11
word,abandon,6621,11
word,drafted,6622,10
word,insert,6623,2
word,waived,6624,3
word,supplemental,6625,5
word,anti-drug,6626,7
word,airline,6627,128
word,flights,6628,30
word,leadership,6629,48
word,bounce,6630,6
word,departments,6631,22
word,Bridges,6632,4
word,bridges,6633,17
word,repaired,6634,7
word,disagreement,6635,8
word,ornamental,6636,3
word,railings,6637,4
word,crashing,6638,3
word,lose,6639,65
word,railing,6640,3
word,scenic,6641,2
word,planner,6642,21
word,prefer,6643,24
word,install,6644,12
word,F,6645,3
word,concrete,6646,26
word,openings,6647,4
word,Ind.,6648,8
word,arched,6649,3
word,G,6650,3
word,Bridge,6651,38
word,teaches,6652,7
word,structure,6653,50
word,ugly,6654,3
word,bridge,6655,27
word,Charter,6656,3
word,Oak,6657,5
word,cast-iron,6658,4
word,Citizens,6659,11
word,Peninsula,6660,2
word,upset,6661,18
word,floral,6662,2
word,Similarly,6663,13
word,highway,6664,35
word,sidewalk,6665,3
word,Bon,6666,2
word,beverage,6667,4
word,carrier,6668,67
word,trays,6669,2
word,outlets,6670,23
word,resembles,6671,5
word,loops,6672,2
word,beer,6673,36
word,hang,6674,6
word,cups,6675,3
word,Marvin,6676,14
word,carriers,6677,34
word,acknowledges,6678,14
word,driver,6679,8
word,sunlight,6680,2
word,Spirit,6681,2
word,Design,6682,3
word,AN,6683,5
word,designers,6684,6
word,promises,6685,22
word,gamut,6686,2
word,chairs,6687,10
word,Citicorp,6688,33
word,Carnegie-Mellon,6689,3
word,Droz,6690,2
word,sees,6691,33
word,learn,6692,23
word,maybe,6693,29
word,Fails,6694,2
word,IT,6695,4
word,'S,6696,14
word,TWO,6697,2
word,Eggers,6698,3
word,architects,6699,9
word,propose,6700,9
word,grain,6701,40
word,house,6702,102
word,prisoners,6703,2
word,preserving,6704,8
word,solutions,6705,19
word,cell,6706,23
word,Grain,6707,3
word,walls,6708,24
word,tubular,6709,2
word,cells,6710,38
word,muster,6711,4
word,visits,6712,11
word,aesthetic,6713,3
word,famed,6714,5
word,architect,6715,10
word,pyramids,6716,4
word,Egypt,6717,3
word,vacant,6718,10
word,altered,6719,9
word,inmates,6720,3
word,efficient,6721,29
word,USX,6722,69
word,fines,6723,15
word,penalty,6724,24
word,workplace,6725,6
word,employer,6726,18
word,Occupational,6727,4
word,Administration,6728,70
word,Fairless,6729,3
word,mill,6730,21
word,penalties,6731,24
word,OSHA,6732,11
word,"1,500",6733,17
word,electrical,6734,19
word,citation,6735,2
word,covering,6736,29
word,Clairton,6737,2
word,coke,6738,2
word,Dole,6739,16
word,citations,6740,4
word,hazards,6741,8
word,resulted,6742,34
word,indifference,6743,4
word,severe,6744,34
word,Scannell,6745,2
word,deficiencies,6746,7
word,Particularly,6747,2
word,failures,6748,19
word,properly,6749,15
word,injuries,6750,16
word,spite,6751,8
word,discrepancies,6752,11
word,evaluation,6753,12
word,cooperating,6754,4
word,corrected,6755,7
word,promised,6756,34
word,stiffer,6757,4
word,proved,6758,23
word,unwilling,6759,7
word,manpower,6760,3
word,removing,6761,13
word,contest,6762,19
word,Review,6763,9
word,Brands,6764,28
word,Cincinnati,6765,15
word,contesting,6766,2
word,Due,6767,5
word,error,6768,14
word,edition,6769,27
word,Hallett,6770,2
word,mistakenly,6771,7
word,Natural,6772,11
word,Resources,6773,38
word,Homeless,6774,2
word,implied,6775,6
word,homelessness,6776,9
word,numbers,6777,53
word,mentally,6778,5
word,ill,6779,8
word,alcoholics,6780,2
word,causes,6781,26
word,complex,6782,56
word,quoting,6783,3
word,emphasized,6784,10
word,illness,6785,7
word,alcoholism,6786,2
word,examined,6787,6
word,multitude,6788,2
word,disorders,6789,10
word,psychiatric,6790,8
word,chest,6791,4
word,cardiovascular,6792,3
word,infectious,6793,3
word,aftereffects,6794,2
word,assaults,6795,2
word,shelter,6796,7
word,elementary,6797,4
word,necessities,6798,2
word,nutrition,6799,3
word,predispose,6800,2
word,consequence,6801,6
word,composed,6802,6
word,lacks,6803,11
word,adequate,6804,21
word,defying,6805,3
word,possess,6806,5
word,M.D.,6807,3
word,Fischer,6808,5
word,Psychiatry,6809,2
word,Johns,6810,11
word,Hopkins,6811,8
word,Prof.,6812,11
word,Wright,6813,23
word,array,6814,17
word,thread,6815,2
word,poverty,6816,26
word,exhibits,6817,2
word,combination,6818,27
word,alcohol,6819,13
word,simultaneously,6820,7
word,housing,6821,67
word,welfare,6822,10
word,decay,6823,2
word,intimately,6824,2
word,connected,6825,15
word,persons,6826,9
word,quote,6827,6
word,regarded,6828,17
word,fear,6829,70
word,robbed,6830,6
word,scarcely,6831,4
word,unable,6832,31
word,fend,6833,18
word,yourself,6834,10
word,obviously,6835,15
word,addiction,6836,2
word,cracks,6837,9
word,grim,6838,10
word,brutal,6839,2
word,escape,6840,11
word,drugs,6841,61
word,R.D.,6842,4
word,N.Y,6843,12
word,dismiss,6844,7
word,sentimental,6845,3
word,sleeping,6846,4
word,Reagan-Bush,6847,2
word,bothered,6848,7
word,inverse,6849,2
word,logic,6850,8
word,namely,6851,6
word,consequences,6852,23
word,assertion,6853,3
word,Jenkins,6854,4
word,Cambridge,6855,13
word,sponsors,6856,12
word,chose,6857,14
word,Home,6858,61
word,Builders,6859,3
word,Allied,6860,12
word,self-serving,6861,2
word,crusade,6862,3
word,greed,6863,4
word,motive,6864,6
word,desire,6865,32
word,subscribe,6866,8
word,Catholic,6867,7
word,Charities,6868,2
word,USA,6869,21
word,nonprofit,6870,7
word,participated,6871,10
word,underwent,6872,3
word,examinations,6873,3
word,deprived,6874,7
word,families,6875,47
word,predict,6876,33
word,Thunderbird,6877,3
word,substitute,6878,11
word,Chivas,6879,11
word,Regal,6880,3
word,Ruth,6881,9
word,COMMUNICATIONS,6882,2
word,placement,6883,9
word,perpetual,6884,5
word,Rogers,6885,6
word,B,6886,30
word,conversion,6887,19
word,cable,6888,46
word,coupon,6889,52
word,leveraged,6890,83
word,buy-outs,6891,26
word,undesirable,6892,3
word,intrusion,6893,5
word,supporters,6894,29
word,override,6895,11
word,brakes,6896,5
word,impede,6897,3
word,Hammerschmidt,6898,2
word,Ark,6899,5
word,Works,6900,6
word,impaired,6901,5
word,diminished,6902,16
word,overriding,6903,3
word,benefit,6904,70
word,amendment,6905,41
word,criteria,6906,12
word,occasionally,6907,14
word,dubbed,6908,14
word,Lorenzo,6909,11
word,Voice,6910,15
word,text,6911,14
word,broadcasting,6912,17
word,tune,6913,7
word,extensive,6914,21
word,reporter,6915,19
word,scholar,6916,6
word,broadcasts,6917,5
word,ordinary,6918,20
word,democracy,6919,30
word,cousins,6920,3
word,censorship,6921,5
word,outrageous,6922,4
word,propaganda,6923,6
word,neat,6924,6
word,speeches,6925,5
word,briefings,6926,2
word,tours,6927,7
word,facilities,6928,70
word,publications,6929,15
word,sorts,6930,11
word,beauty,6931,11
word,enables,6932,6
word,hear,6933,33
word,mind,6934,56
word,viewing,6935,3
word,dissemination,6936,5
word,absurd,6937,4
word,inform,6938,6
word,columns,6939,10
word,clipped,6940,2
word,refrigerator,6941,3
word,facts,6942,19
word,languages,6943,5
word,listeners,6944,4
word,scholars,6945,9
word,reporters,6946,38
word,texts,6947,4
word,VOA,6948,5
word,copying,6949,9
word,How,6950,32
word,copy,6951,27
word,Nor,6952,15
word,Des,6953,6
word,Moines,6954,4
word,happened,6955,40
word,USIA,6956,12
word,absolute,6957,4
word,McCormick,6958,5
word,memo,6959,11
word,intend,6960,15
word,preclude,6961,4
word,plaintiffs,6962,21
word,domestically,6963,4
word,mentioned,6964,19
word,notwithstanding,6965,7
word,statutory,6966,6
word,credentials,6967,9
word,appearing,6968,10
word,requesting,6969,4
word,examine,6970,11
word,verbatim,6971,2
word,determine,6972,33
word,helpful,6973,9
word,disagreed,6974,7
word,Amendment,6975,11
word,O'Brien,6976,9
word,prescribe,6977,4
word,duty,6978,21
word,assure,6979,6
word,scripts,6980,8
word,surreptitiously,6981,2
word,Xerox,6982,16
word,public-relations,6983,8
word,sends,6984,7
word,stuff,6985,21
word,conclude,6986,12
word,Section,6987,31
word,Educational,6988,4
word,shall,6989,31
word,thanks,6990,14
word,trivial,6991,4
word,ought,6992,33
word,answered,6993,6
word,Z.,6994,4
word,Gartner,6995,4
word,Tribune,6996,6
word,Ames,6997,4
word,Gordon,6998,11
word,McGovern,6999,12
word,Dorrance,7000,9
word,reshaping,7001,5
word,Herbert,7002,11
word,Baum,7003,9
word,53-year-old,7004,2
word,Edwin,7005,8
word,Harper,7006,9
word,dividing,7007,2
word,responsibilities,7008,19
word,successor,7009,31
word,searching,7010,10
word,reacted,7011,17
word,favorably,7012,5
word,McMillin,7013,3
word,Prudential-Bache,7014,29
word,oriented,7015,4
word,distant,7016,8
word,foods,7017,8
word,operation,7018,81
word,overproduction,7019,3
word,skill,7020,5
word,seasoned,7021,4
word,rapport,7022,2
word,Pepperidge,7023,5
word,Farm,7024,17
word,veteran,7025,24
word,mediocre,7026,2
word,dominated,7027,18
word,heirs,7028,2
word,pushed,7029,38
word,profitability,7030,31
word,closing,7031,91
word,eliminating,7032,19
word,"3,600",7033,2
word,disappointing,7034,32
word,impatient,7035,4
word,CEO,7036,6
word,succession,7037,5
word,retirement,7038,57
word,agenda,7039,17
word,repeatedly,7040,18
word,stay,7041,75
word,pension,7042,78
word,"244,000",7043,2
word,fringe,7044,2
word,nine-year,7045,2
word,advocated,7046,3
word,convince,7047,12
word,tremendous,7048,15
word,duo,7049,6
word,naming,7050,7
word,bottom-line,7051,2
word,applaud,7052,3
word,champions,7053,3
word,sitting,7054,21
word,guide,7055,25
word,PRIME,7056,20
word,RATE,7057,21
word,FUNDS,7058,17
word,overnight,7059,23
word,Source,7060,36
word,Fulton,7061,11
word,Prebon,7062,10
word,U.S.A,7063,10
word,DISCOUNT,7064,10
word,depository,7065,13
word,CALL,7066,10
word,MONEY,7067,11
word,collateral,7068,20
word,COMMERCIAL,7069,20
word,PAPER,7070,20
word,Motors,7071,69
word,Acceptance,7072,15
word,High-grade,7073,10
word,unsecured,7074,36
word,multiples,7075,10
word,CERTIFICATES,7076,10
word,OF,7077,17
word,DEPOSIT,7078,10
word,negotiable,7079,12
word,C.D.s,7080,10
word,Typical,7081,14
word,BANKERS,7082,10
word,ACCEPTANCES,7083,10
word,Negotiable,7084,10
word,bank-backed,7085,10
word,LONDON,7086,20
word,LATE,7087,10
word,EURODOLLARS,7088,10
word,13\/16,7089,7
word,11\/16,7090,40
word,7\/16,7091,25
word,3\/8,7092,116
word,INTERBANK,7093,10
word,OFFERED,7094,10
word,RATES,7095,20
word,LIBOR,7096,13
word,quotations,7097,23
word,FOREIGN,7098,11
word,Switzerland,7099,41
word,indications,7100,19
word,lending,7101,57
word,location,7102,28
word,TREASURY,7103,9
word,BILLS,7104,9
word,Results,7105,18
word,HOME,7106,10
word,LOAN,7107,11
word,MORTGAGE,7108,20
word,CORP,7109,9
word,Freddie,7110,31
word,Mac,7111,32
word,Posted,7112,20
word,mortgages,7113,60
word,adjustable,7114,21
word,Telerate,7115,45
word,NATIONAL,7116,11
word,ASSOCIATION,7117,11
word,6\/2,7118,10
word,MERRILL,7119,10
word,LYNCH,7120,10
word,READY,7121,11
word,ASSETS,7122,10
word,TRUST,7123,10
word,Annualized,7124,12
word,clashed,7125,3
word,Newhouse,7126,10
word,Advance,7127,2
word,departures,7128,8
word,unheard,7129,3
word,empire,7130,15
word,evolved,7131,4
word,Sometimes,7132,17
word,gut,7133,4
word,unhappy,7134,7
word,tenure,7135,14
word,natural,7136,89
word,enjoyed,7137,10
word,spectacular,7138,7
word,smoothly,7139,10
word,succeeded,7140,27
word,Bennett,7141,15
word,Speculation,7142,8
word,Possible,7143,2
word,Susan,7144,7
word,Petersen,7145,3
word,Century,7146,6
word,Hutchinson,7147,8
word,powerhouse,7148,7
word,Gottlieb,7149,4
word,Alfred,7150,16
word,Knopf,7151,4
word,Yorker,7152,6
word,Joni,7153,2
word,Evans,7154,23
word,recruited,7155,5
word,Sonny,7156,3
word,Mehta,7157,2
word,divisions,7158,29
word,full-time,7159,7
word,rumored,7160,20
word,tall,7161,10
word,respected,7162,8
word,pretext,7163,4
word,guarding,7164,3
word,purse,7165,5
word,prerogatives,7166,6
word,specified,7167,24
word,Article,7168,12
word,species,7169,3
word,interpretation,7170,13
word,clause,7171,15
word,erroneous,7172,4
word,unconstitutional,7173,16
word,Law,7174,23
word,withhold,7175,3
word,Iran-Contra,7176,13
word,understand,7177,36
word,broadly,7178,17
word,construed,7179,4
word,emasculate,7180,2
word,presidency,7181,14
word,swallow,7182,2
word,separation,7183,9
word,powers,7184,22
word,supported,7185,30
word,framers,7186,5
word,Convention,7187,4
word,ensure,7188,41
word,accountability,7189,6
word,independence,7190,19
word,perform,7191,16
word,Confederation,7192,4
word,contradict,7193,2
word,technically,7194,5
word,placing,7195,4
word,breathtaking,7196,4
word,rewrite,7197,5
word,containing,7198,12
word,alternatively,7199,2
word,declaring,7200,11
word,violation,7201,22
word,void,7202,4
word,severable,7203,2
word,appointments,7204,10
word,nominate,7205,4
word,appoint,7206,3
word,empowers,7207,2
word,recess,7208,2
word,Power,7209,55
word,granting,7210,6
word,Commissions,7211,2
word,End,7212,9
word,appropriation,7213,4
word,filling,7214,13
word,nomination,7215,9
word,Thus,7216,41
word,imposes,7217,7
word,choosing,7218,10
word,rider,7219,6
word,nominee,7220,3
word,voluntary,7221,8
word,recommendation,7222,12
word,recommending,7223,9
word,discretion,7224,9
word,select,7225,15
word,inquiring,7226,2
word,market-oriented,7227,2
word,regulations,7228,42
word,Probably,7229,3
word,proviso,7230,3
word,prevents,7231,8
word,Office,7232,58
word,Budget,7233,23
word,agricultural,7234,14
word,cost-benefit,7235,2
word,prohibiting,7236,3
word,wasted,7237,6
word,Perhaps,7238,31
word,illustrates,7239,9
word,usurp,7240,2
word,implement,7241,7
word,administer,7242,4
word,disapproved,7243,4
word,disapproval,7244,3
word,duly,7245,3
word,applicable,7246,7
word,execution,7247,19
word,presentation,7248,8
word,signature,7249,6
word,v.,7250,5
word,vetoes,7251,2
word,kinds,7252,18
word,discharge,7253,2
word,invite,7254,4
word,purposes,7255,28
word,custom,7256,4
word,undo,7257,6
word,Mikhail,7258,19
word,Gorbachev,7259,87
word,ratified,7260,6
word,unworkable,7261,2
word,assert,7262,4
word,excision,7263,4
word,restricting,7264,4
word,expressly,7265,4
word,riders,7266,7
word,trespass,7267,6
word,prerogative,7268,2
word,line-item,7269,39
word,context,7270,11
word,characterized,7271,8
word,constitutional,7272,32
word,objectionable,7273,3
word,conflict,7274,18
word,item,7275,14
word,downside,7276,5
word,asserts,7277,10
word,establish,7278,36
word,sue,7279,7
word,vindication,7280,3
word,entrusted,7281,2
word,loses,7282,8
word,Morrison,7283,5
word,Olson,7284,4
word,valuable,7285,19
word,civics,7286,2
word,Federalist,7287,2
word,legislature,7288,17
word,extending,7289,11
word,analysis,7290,20
word,Duke,7291,8
word,droughts,7292,2
word,farmers,7293,60
word,pockets,7294,9
word,deducting,7295,2
word,gross,7296,41
word,drought,7297,15
word,crop,7298,41
word,farm,7299,29
word,Midwestern,7300,6
word,Corn,7301,4
word,northern,7302,24
word,Plains,7303,5
word,saved,7304,10
word,reclaim,7305,6
word,crops,7306,16
word,soaring,7307,16
word,parched,7308,2
word,profited,7309,3
word,Nebraska,7310,9
word,attributed,7311,63
word,confirms,7312,7
word,depression,7313,9
word,helps,7314,25
word,reluctance,7315,12
word,lobbies,7316,2
word,curtailed,7317,5
word,price-depressing,7318,2
word,surpluses,7319,7
word,wheat,7320,12
word,corn,7321,60
word,strengthened,7322,12
word,Keith,7323,10
word,Collins,7324,7
word,Farmers,7325,26
word,cattle,7326,18
word,inventory,7327,23
word,agriculture,7328,12
word,Minnesota,7329,15
word,log,7330,2
word,disaster,7331,60
word,relief,7332,49
word,farms,7333,14
word,soybeans,7334,5
word,cushioned,7335,2
word,Payments,7336,2
word,struggling,7337,23
word,Herald,7338,15
word,Examiner,7339,5
word,Hearst,7340,15
word,unsuccessful,7341,18
word,exceeding,7342,12
word,"700,000",7343,4
word,second-largest,7344,26
word,Times,7345,54
word,dominates,7346,6
word,Orange,7347,33
word,Register,7348,6
word,"300,000",7349,8
word,Nearby,7350,5
word,Pasadena,7351,8
word,Long,7352,13
word,Beach,7353,29
word,dailies,7354,5
word,attempted,7355,14
word,McCabe,7356,3
word,materialized,7357,8
word,stream,7358,8
word,prospective,7359,19
word,freeway,7360,14
word,inevitable,7361,9
word,sprawling,7362,5
word,mammoth,7363,2
word,limbo,7364,6
word,torn,7365,6
word,editorially,7366,3
word,old-time,7367,2
word,readership,7368,2
word,blue-collar,7369,5
word,upscale,7370,18
word,staid,7371,4
word,tabloid,7372,9
word,folded,7373,4
word,abandoned,7374,27
word,marginally,7375,9
word,fanciful,7376,2
word,Julia,7377,2
word,castle,7378,3
word,Spanish,7379,20
word,condition,7380,37
word,survivor,7381,3
word,Kendrick,7382,2
word,Noble,7383,4
word,Actually,7384,7
word,deterioration,7385,15
word,looks,7386,39
word,bitter,7387,17
word,decade-long,7388,4
word,recovered,7389,22
word,moments,7390,12
word,brightened,7391,2
word,restored,7392,13
word,accomplishments,7393,5
word,notable,7394,6
word,consistently,7395,22
word,much-larger,7396,4
word,disclosures,7397,6
word,Bradley,7398,6
word,dealings,7399,28
word,coverage,7400,46
word,arts,7401,4
word,criticism,7402,36
word,Newspapers,7403,3
word,newsroom,7404,2
word,Hours,7405,2
word,representatives,7406,36
word,recruiting,7407,10
word,emotional,7408,18
word,L.A.,7409,5
word,headline,7410,9
word,beers,7411,3
word,drunk,7412,4
word,Andy,7413,4
word,preference,7414,15
word,Outside,7415,8
word,Forget,7416,2
word,handed,7417,14
word,Olympia,7418,9
word,Broadcasting,7419,41
word,programmer,7420,2
word,lenders,7421,35
word,Buick,7422,19
word,slogan,7423,4
word,beleaguered,7424,4
word,promotion,7425,29
word,boosting,7426,22
word,encouraging,7427,18
word,four-day,7428,8
word,begun,7429,36
word,explaining,7430,17
word,disclose,7431,44
word,approached,7432,21
word,doctor,7433,22
word,broaden,7434,5
word,Traditionally,7435,4
word,entertainment,7436,39
word,Phillip,7437,4
word,Riese,7438,5
word,gasoline,7439,24
word,GM,7440,119
word,GMAC,7441,10
word,billing,7442,15
word,considers,7443,14
word,direct-mail,7444,6
word,marketers,7445,15
word,maximize,7446,11
word,capability,7447,8
word,nameplate,7448,5
word,incomes,7449,6
word,missed,7450,12
word,Visa,7451,7
word,cards,7452,26
word,tie-in,7453,2
word,establishment,7454,16
word,responsible,7455,52
word,accommodations,7456,2
word,tickets,7457,18
word,meals,7458,6
word,Honolulu,7459,3
word,Orlando,7460,4
word,buyer,7461,39
word,chooses,7462,6
word,fly,7463,27
word,destination,7464,3
word,companion,7465,8
word,Airlines,7466,105
word,lieu,7467,4
word,prizes,7468,7
word,clock,7469,5
word,stereo,7470,8
word,recorder,7471,3
word,Card,7472,3
word,sweepstakes,7473,3
word,test-drive,7474,2
word,calculator,7475,3
word,round-trip,7476,3
word,Trans,7477,12
word,Riviera,7478,3
word,luxury,7479,46
word,interest-rate,7480,34
word,borough,7481,12
word,cancellation,7482,4
word,Borough,7483,2
word,Hammersmith,7484,5
word,Fulham,7485,2
word,gilt,7486,2
word,recovering,7487,8
word,soured,7488,2
word,accounted,7489,29
word,sterling,7490,33
word,engage,7491,13
word,betting,7492,11
word,obligated,7493,6
word,swaps,7494,8
word,auditor,7495,3
word,councils,7496,5
word,vested,7497,8
word,capital-markets,7498,2
word,Already,7499,21
word,Barclays,7500,8
word,Midland,7501,13
word,Citibank,7502,7
word,avenues,7503,2
word,recover,7504,26
word,arrangements,7505,13
word,aftermath,7506,19
word,gut-wrenching,7507,2
word,190-point,7508,14
word,Kidder,7509,95
word,Peabody,7510,34
word,"1,400",7511,4
word,stockbrokers,7512,6
word,wrath,7513,2
word,minicrash,7514,2
word,shaken,7515,8
word,resentment,7516,5
word,baskets,7517,18
word,reeling,7518,5
word,reap,7519,5
word,academics,7520,3
word,labeled,7521,9
word,evil,7522,9
word,exacerbated,7523,5
word,Guard,7524,18
word,consisting,7525,14
word,immense,7526,3
word,pools,7527,8
word,fast-growing,7528,10
word,stock-picking,7529,3
word,tens,7530,8
word,successfully,7531,16
word,layer,7532,7
word,crapshoot,7533,2
word,refuse,7534,14
word,practitioners,7535,7
word,broad-based,7536,6
word,livelihood,7537,3
word,Neuberger,7538,6
word,Berman,7539,3
word,racket,7540,2
word,palace,7541,2
word,revolt,7542,3
word,Wohlstetter,7543,9
word,Contel,7544,15
word,rallying,7545,2
word,countless,7546,2
word,universally,7547,4
word,consistent,7548,13
word,wedded,7549,2
word,waited,7550,13
word,sneaked,7551,3
word,conceding,7552,2
word,headed,7553,58
word,curbed,7554,3
word,casino,7555,22
word,civil,7556,65
word,contradictions,7557,3
word,floors,7558,9
word,Corporations,7559,3
word,denounce,7560,3
word,premier,7561,8
word,entrenched,7562,6
word,nail,7563,4
word,basket,7564,28
word,facilitate,7565,6
word,Again,7566,5
word,theme,7567,24
word,greedy,7568,5
word,gambling,7569,14
word,den,7570,2
word,odds,7571,20
word,stacked,7572,4
word,Brean,7573,2
word,portray,7574,5
word,old-fashioned,7575,5
word,pickers,7576,9
word,witches,7577,2
word,Advanced,7578,17
word,unknown,7579,6
word,computer-assisted,7580,5
word,momentary,7581,5
word,divergence,7582,5
word,occurs,7583,11
word,constitute,7584,12
word,whichever,7585,5
word,cheaper,7586,25
word,seconds,7587,12
word,razor-thin,7588,2
word,seize,7589,15
word,movements,7590,14
word,frightened,7591,6
word,Vanderbilt,7592,2
word,Hans,7593,3
word,Stoll,7594,13
word,Volatility,7595,4
word,unraveling,7596,5
word,UAL,7597,238
word,Unable,7598,6
word,unload,7599,6
word,takeover-stock,7600,6
word,arbitragers,7601,9
word,blue-chip,7602,28
word,halted,7603,16
word,Del,7604,7
word,Signore,7605,3
word,Travelers,7606,14
word,speculator,7607,4
word,arbs,7608,5
word,apart,7609,23
word,traditionalists,7610,2
word,bundles,7611,2
word,derisively,7612,2
word,Traditional,7613,3
word,manage,7614,28
word,old-style,7615,2
word,indexers,7616,5
word,pennies,7617,5
word,pension-fund,7618,3
word,automated,7619,6
word,threatens,7620,7
word,dinosaurs,7621,2
word,virtue,7622,5
word,monopoly,7623,8
word,nonetheless,7624,14
word,striving,7625,4
word,dislike,7626,6
word,printers,7627,6
word,spooked,7628,4
word,swings,7629,44
word,Small,7630,21
word,absolutely,7631,18
word,dismayed,7632,4
word,stacking,7633,2
word,deck,7634,5
word,scaring,7635,5
word,Raymond,7636,20
word,broker,7637,47
word,Legg,7638,6
word,Stockbrokers,7639,2
word,resent,7640,2
word,transformed,7641,6
word,Index,7642,81
word,complains,7643,12
word,Sigler,7644,2
word,Champion,7645,7
word,Oh,7646,7
word,Brothers,7647,89
word,publicity,7648,16
word,orchestrated,7649,2
word,strategy,7650,125
word,psychology,7651,18
word,proven,7652,10
word,Too,7653,8
word,fastest-growing,7654,9
word,millionaires,7655,3
word,20s,7656,2
word,30s,7657,2
word,anti-programmers,7658,2
word,thunder,7659,3
word,Sit,7660,5
word,jeopardy,7661,4
word,unlikely,7662,35
word,anytime,7663,8
word,Short,7664,16
word,enjoy,7665,15
word,margin,7666,47
word,potentially,7667,25
word,speculative,7668,8
word,chase,7669,7
word,protects,7670,7
word,relentlessly,7671,2
word,sellers,7672,30
word,destroy,7673,13
word,efficiency,7674,20
word,Jihad,7675,3
word,stock-price,7676,4
word,picks,7677,12
word,impetus,7678,5
word,practiced,7679,9
word,locations,7680,14
word,widgets,7681,2
word,widget,7682,7
word,constantly,7683,15
word,performing,7684,14
word,Few,7685,12
word,index-fund,7686,3
word,owning,7687,18
word,cheapest,7688,6
word,fundamental,7689,23
word,vast,7690,22
word,fundamentalist,7691,2
word,contribute,7692,19
word,surrounding,7693,20
word,opportunities,7694,31
word,arise,7695,7
word,cumbersome,7696,4
word,inefficiencies,7697,3
word,evolve,7698,4
word,creature,7699,4
word,implemented,7700,10
word,harmful,7701,6
word,Reducing,7702,2
word,sufficient,7703,29
word,Arbitrage,7704,2
word,responds,7705,4
word,transfers,7706,12
word,functioning,7707,5
word,fundamentally,7708,6
word,ownership,7709,65
word,hypothetical,7710,6
word,sacrifice,7711,7
word,liquidity,7712,40
word,cleaner,7713,10
word,loathsome,7714,2
word,tablets,7715,3
word,cautious,7716,33
word,akin,7717,3
word,Buyers,7718,3
word,please,7719,5
word,ultimate,7720,17
word,sufficiently,7721,7
word,tolerate,7722,5
word,annualized,7723,9
word,deviation,7724,9
word,advent,7725,6
word,undergoing,7726,5
word,scream,7727,3
word,Could,7728,4
word,deeds,7729,3
word,boy,7730,9
word,wooing,7731,5
word,bringing,7732,33
word,damaging,7733,10
word,Getting,7734,5
word,merits,7735,7
word,loudest,7736,2
word,cater,7737,6
word,advise,7738,9
word,commissions,7739,29
word,amass,7740,5
word,somehow,7741,11
word,noble,7742,3
word,expert,7743,26
word,clippings,7744,2
word,Almost,7745,8
word,guy,7746,26
word,invariably,7747,4
word,spreads,7748,9
word,surely,7749,13
word,mutual-fund,7750,11
word,sad,7751,7
word,stellar,7752,3
word,performers,7753,7
word,grapple,7754,3
word,sexy,7755,4
word,roadblock,7756,2
word,high-volume,7757,5
word,Left,7758,4
word,profitably,7759,4
word,temporary,7760,49
word,friction,7761,3
word,taxation,7762,11
word,etc.,7763,4
word,loser,7764,4
word,inviting,7765,6
word,transfer,7766,36
word,executes,7767,2
word,antitrust,7768,45
word,agencies,7769,85
word,affect,7770,48
word,filings,7771,26
word,mergers,7772,28
word,Brooks,7773,38
word,cuts,7774,69
word,FTC,7775,17
word,augment,7776,3
word,Antitrust,7777,3
word,Division,7778,11
word,appropriated,7779,5
word,offsetting,7780,17
word,Hart-Scott-Rodino,7781,7
word,notify,7782,7
word,completing,7783,11
word,Proponents,7784,4
word,Don,7785,15
word,Edwards,7786,19
word,stifle,7787,3
word,staffs,7788,11
word,drastically,7789,7
word,dismal,7790,10
word,inhibit,7791,6
word,Though,7792,51
word,acquirers,7793,4
word,noticed,7794,12
word,ballot,7795,9
word,Patrick,7796,11
word,McGuigan,7797,2
word,Family,7798,10
word,Democracy,7799,4
word,ballots,7800,3
word,Ballot,7801,2
word,Maine,7802,18
word,initiative,7803,23
word,Cruise,7804,7
word,missiles,7805,8
word,Dakota,7806,5
word,Schmidt,7807,2
word,Citizen,7808,2
word,Lawmakers,7809,12
word,Oklahoma,7810,16
word,cue,7811,4
word,backing,7812,27
word,Brigham,7813,2
word,Christie,7814,8
word,prints,7815,4
word,Stieglitz,7816,2
word,"396,000",7817,3
word,variables,7818,3
word,documented,7819,3
word,anecdotal,7820,3
word,Sotheby,7821,13
word,stability,7822,23
word,masters,7823,5
word,Ray,7824,10
word,fetching,7825,2
word,Miles,7826,4
word,Barth,7827,2
word,DIALING,7828,2
word,million-a-year,7829,2
word,Joel,7830,10
word,Gross,7831,6
word,caller,7832,4
word,celebrity,7833,4
word,chatter,7834,2
word,lines,7835,100
word,Colleges,7836,2
word,eyeing,7837,3
word,break,7838,55
word,merchandising,7839,6
word,migrate,7840,2
word,predicts,7841,17
word,US,7842,6
word,Sprint,7843,5
word,recovery,7844,48
word,patients,7845,42
word,Hospital,7846,21
word,Milwaukee,7847,6
word,Patients,7848,3
word,blood,7849,34
word,appetite,7850,9
word,receptive,7851,2
word,therapy,7852,7
word,coordinator,7853,5
word,fiber-optic,7854,3
word,Christmas,7855,38
word,string,7856,15
word,"6,500",7857,3
word,continuously,7858,3
word,colored,7859,3
word,MEDICINE,7860,2
word,prompts,7861,2
word,Israel,7862,36
word,Marine,7863,27
word,Fire,7864,7
word,follow,7865,40
word,comeback,7866,9
word,Concerned,7867,5
word,shrinking,7868,9
word,landfills,7869,2
word,cloth,7870,3
word,diaper,7871,5
word,Tots,7872,2
word,"1,200",7873,5
word,Syracuse,7874,4
word,stresses,7875,3
word,awareness,7876,6
word,day-care,7877,2
word,spurned,7878,4
word,Diaper,7879,3
word,inquiries,7880,12
word,shortages,7881,11
word,Springfield,7882,4
word,spurring,7883,6
word,fasteners,7884,6
word,pins,7885,4
word,BRIEFS,7886,5
word,Yorkers,7887,3
word,viewership,7888,2
word,Impact,7889,3
word,Columbus,7890,9
word,Sigmund,7891,2
word,Freud,7892,4
word,marketed,7893,13
word,tool,7894,19
word,do-it-yourself,7895,5
word,Egnuss,7896,3
word,doubts,7897,15
word,echoed,7898,4
word,quantity,7899,7
word,heading,7900,15
word,blames,7901,10
word,junk,7902,217
word,Arighi,7903,2
word,interior,7904,6
word,Arnold,7905,14
word,creates,7906,15
word,inherent,7907,9
word,curbing,7908,7
word,Schwab,7909,5
word,skepticism,7910,8
word,Citing,7911,5
word,Anderson,7912,14
word,59-year-old,7913,2
word,fluctuations,7914,7
word,outlawing,7915,3
word,31-year-old,7916,2
word,disappear,7917,8
word,dealing,7918,30
word,decries,7919,2
word,limiting,7920,12
word,strictly,7921,6
word,denouncing,7922,5
word,capitalism,7923,11
word,adapting,7924,2
word,25-year-old,7925,3
word,factoring,7926,3
word,immune,7927,14
word,rigors,7928,3
word,Silverman,7929,2
word,insurance-company,7930,2
word,culprit,7931,3
word,leery,7932,5
word,defends,7933,3
word,Taccetta,7934,2
word,accountant,7935,4
word,recouped,7936,2
word,weather,7937,22
word,storm,7938,18
word,Gorman,7939,3
word,housewife,7940,2
word,jolts,7941,5
word,bargains,7942,6
word,sky,7943,5
word,wholesaler,7944,3
word,spirits,7945,28
word,corporation,7946,33
word,Underwood,7947,3
word,Researchers,7948,8
word,Laboratories,7949,11
word,current-carrying,7950,8
word,superconductor,7951,7
word,crystals,7952,6
word,crystal-lattice,7953,2
word,superconductors,7954,12
word,moderately,7955,11
word,magnetic,7956,15
word,cooled,7957,7
word,temperature,7958,4
word,journal,7959,12
word,Nature,7960,4
word,wires,7961,10
word,motors,7962,2
word,magnets,7963,2
word,generators,7964,5
word,Scientists,7965,10
word,ceramic,7966,6
word,technologies,7967,18
word,generation,7968,39
word,aspect,7969,15
word,overcome,7970,17
word,cautioned,7971,10
word,van,7972,11
word,Dover,7973,7
word,multi-crystal,7974,3
word,samples,7975,11
word,practical,7976,13
word,crystal,7977,6
word,neutrons,7978,7
word,feasible,7979,5
word,large-scale,7980,8
word,breathed,7981,2
word,collective,7982,9
word,sigh,7983,4
word,demonstrates,7984,7
word,pinning,7985,3
word,undercutting,7986,2
word,Determining,7987,2
word,enable,7988,17
word,combine,7989,16
word,processes,7990,11
word,Francisco-based,7991,4
word,Nationwide,7992,9
word,Citadel,7993,3
word,Fidelity,7994,21
word,Taylor,7995,14
word,versus,7996,3
word,write-downs,7997,9
word,after-tax,7998,35
word,offerings,7999,41
word,pricings,8000,11
word,non-U.S.,8001,11
word,syndicate,8002,28
word,Markets,8003,65
word,non-callable,8004,4
word,1\/8,8005,111
word,bellwether,8006,7
word,Rated,8007,19
word,triple-A,8008,18
word,Moody,8009,99
word,obligation,8010,37
word,distributable,8011,3
word,1991-2000,8012,2
word,tentatively,8013,29
word,Serial,8014,8
word,insured,8015,41
word,triple-A-rated,8016,3
word,Ana,8017,9
word,Community,8018,49
word,Redevelopment,8019,4
word,allocation,8020,11
word,A-D,8021,2
word,1991-1999,8022,2
word,rated,8023,36
word,single-A,8024,6
word,underwriter,8025,27
word,Housing,8026,33
word,1992-1999,8027,2
word,Fourth,8028,2
word,serial,8029,4
word,Bonds,8030,22
word,double-A,8031,10
word,rating,8032,67
word,Eurobonds,8033,6
word,equity-purchase,8034,11
word,indicating,8035,26
word,Fees,8036,28
word,Svenska,8037,2
word,Sweden,8038,9
word,Swiss,8039,69
word,francs,8040,93
word,Yamaichi,8041,15
word,franc,8042,12
word,Pencil,8043,5
word,Dai-Ichi,8044,5
word,Kangyo,8045,6
word,Guarantee,8046,7
word,Lurie,8047,3
word,fan,8048,9
word,proposition,8049,4
word,Candlestick,8050,12
word,wonder,8051,30
word,sink,8052,6
word,digs,8053,5
word,afford,8054,28
word,Something,8055,2
word,stadiums,8056,7
word,ranging,8057,30
word,Petersburg,8058,4
word,boosters,8059,3
word,complexes,8060,3
word,Dean,8061,28
word,scoffs,8062,3
word,looked,8063,27
word,Dodger,8064,2
word,Stadium,8065,10
word,wealth,8066,16
word,Voters,8067,4
word,ballpark,8068,4
word,Phoenix,8069,29
word,thumbs,8070,3
word,backers,8071,9
word,fielded,8072,3
word,concede,8073,12
word,polls,8074,19
word,endorse,8075,3
word,claimed,8076,30
word,spaces,8077,2
word,Robbie,8078,2
word,disagrees,8079,3
word,Bowl,8080,4
word,Moon,8081,22
word,cavernous,8082,2
word,money-losing,8083,5
word,Superdome,8084,2
word,faith,8085,9
word,Egyptian,8086,5
word,justified,8087,10
word,civilization,8088,2
word,schemes,8089,9
word,erect,8090,3
word,passions,8091,3
word,Reed,8092,8
word,pence,8093,71
word,discontinued,8094,16
word,Pretax,8095,6
word,Earnings,8096,19
word,disposal,8097,10
word,erodes,8098,2
word,downgrading,8099,5
word,CS,8100,16
word,downgrade,8101,8
word,shivers,8102,3
word,maintain,8103,70
word,issuers,8104,14
word,IOUs,8105,4
word,warned,8106,35
word,borrowings,8107,13
word,Mahoney,8108,2
word,Drexel,8109,121
word,Burnham,8110,50
word,Lambert,8111,46
word,difficulty,8112,23
word,credit-rating,8113,3
word,financings,8114,7
word,Whereas,8115,2
word,structured,8116,15
word,penchant,8117,3
word,stretch,8118,15
word,disarray,8119,9
word,longer-term,8120,9
word,delays,8121,30
word,Bowman,8122,2
word,downgraded,8123,9
word,Catch-22,8124,2
word,Merchant,8125,2
word,riskier,8126,10
word,collapse,8127,52
word,acquires,8128,9
word,expectation,8129,8
word,generated,8130,20
word,overcapacity,8131,8
word,managements,8132,5
word,reliance,8133,7
word,squeeze,8134,23
word,Campeau,8135,60
word,proving,8136,11
word,arranged,8137,18
word,high-risk,8138,23
word,Mattress,8139,3
word,Total,8140,20
word,Suisse,8141,16
word,participant,8142,7
word,rebounding,8143,3
word,overstated,8144,3
word,goodwill,8145,7
word,competes,8146,4
word,disadvantage,8147,8
word,rivals,8148,33
word,toll,8149,22
word,settlements,8150,15
word,plea,8151,22
word,felonies,8152,3
word,insider-trading,8153,6
word,scandal,8154,46
word,workforce,8155,2
word,Recently,8156,15
word,circulated,8157,6
word,moreover,8158,5
word,confident,8159,28
word,uncertainties,8160,11
word,Veraldi,8161,5
word,Taurus,8162,3
word,Mercury,8163,17
word,Sable,8164,2
word,experiencing,8165,8
word,creator,8166,4
word,midsized,8167,8
word,instrumental,8168,5
word,eclipse,8169,2
word,top-selling,8170,4
word,Team,8171,2
word,involvement,8172,22
word,cycle,8173,29
word,bureaucracy,8174,15
word,responsive,8175,8
word,demands,8176,29
word,Cougar,8177,2
word,American-made,8178,3
word,absurdity,8179,2
word,stretched,8180,8
word,notch,8181,3
word,defendants,8182,53
word,compassion,8183,2
word,stark,8184,5
word,policy-making,8185,4
word,innovation,8186,10
word,compelling,8187,5
word,1940s,8188,4
word,synthetic,8189,10
word,hormone,8190,5
word,diethylstilbestrol,8191,2
word,DES,8192,19
word,miscarriages,8193,3
word,Food,8194,34
word,Drug,8195,35
word,generic,8196,8
word,labels,8197,9
word,daughters,8198,10
word,mothers,8199,4
word,thousand,8200,16
word,recall,8201,14
word,brand,8202,91
word,Beginning,8203,5
word,common-law,8204,2
word,liable,8205,11
word,Courts,8206,3
word,pills,8207,15
word,assessed,8208,6
word,proportion,8209,12
word,duck,8210,12
word,liability,8211,50
word,identical,8212,6
word,slope,8213,4
word,alike,8214,10
word,differently,8215,10
word,warranties,8216,3
word,Hymowitz,8217,5
word,Lilly,8218,20
word,pill,8219,28
word,Van,8220,16
word,reasoning,8221,4
word,apple,8222,24
word,apples,8223,16
word,guarantee,8224,35
word,twisting,8225,2
word,doctrine,8226,3
word,reversed,8227,9
word,justices,8228,6
word,prescription,8229,7
word,hidden,8230,10
word,favors,8231,13
word,beneficial,8232,13
word,accompany,8233,4
word,pain,8234,8
word,unanimous,8235,4
word,Bendectin,8236,2
word,Huber,8237,3
word,introduces,8238,2
word,anti-miscarriage,8239,5
word,tort,8240,2
word,lousy,8241,3
word,anyway,8242,17
word,contingency-fee,8243,2
word,vaccines,8244,2
word,predictably,8245,2
word,Everyone,8246,14
word,understands,8247,9
word,utterly,8248,6
word,incapable,8249,4
word,billion-dollar,8250,6
word,morass,8251,3
word,trash,8252,9
word,Odyssey,8253,2
word,Limited,8254,21
word,Partnership,8255,18
word,Caldor,8256,2
word,Norwalk,8257,2
word,N.V,8258,6
word,DSM,8259,4
word,guilders,8260,17
word,outlay,8261,3
word,Allergan,8262,2
word,lens,8263,6
word,cataract,8264,3
word,surgery,8265,17
word,inserted,8266,5
word,refer,8267,9
word,EC,8268,45
word,Ackerman,8269,8
word,harmed,8270,4
word,El,8271,32
word,Salvador,8272,6
word,habit,8273,5
word,wrecking,8274,2
word,incentives,8275,31
word,unfocused,8276,4
word,Elco,8277,2
word,estimate,8278,108
word,Oshkosh,8279,4
word,Truck,8280,5
word,Wis.,8281,8
word,truck,8282,46
word,start-up,8283,23
word,chassis,8284,5
word,softer,8285,10
word,Deere,8286,6
word,anticipation,8287,24
word,larger-than-normal,8288,2
word,edged,8289,18
word,Nikkei,8290,32
word,selected,8291,26
word,Declining,8292,8
word,outnumbered,8293,8
word,incentive-backed,8294,3
word,rumors,8295,38
word,untrue,8296,3
word,ample,8297,8
word,directionless,8298,4
word,Institutions,8299,8
word,sidelines,8300,12
word,Topix,8301,2
word,Volume,8302,46
word,Nomura,8303,27
word,clearer,8304,3
word,comfortably,8305,3
word,participate,8306,26
word,Tokyu,8307,18
word,profit-taking,8308,11
word,dominant,8309,17
word,directed,8310,10
word,mining,8311,37
word,defensive,8312,29
word,Teikoku,8313,2
word,stimulated,8314,3
word,Showa,8315,2
word,Shell,8316,21
word,Sumitomo,8317,4
word,Metal,8318,8
word,Nippon,8319,14
word,winners,8320,13
word,bolstered,8321,10
word,affecting,8322,16
word,intraday,8323,8
word,tempted,8324,2
word,reversal,8325,10
word,FT,8326,2
word,30-share,8327,10
word,hugging,8328,2
word,indication,8329,23
word,shed,8330,14
word,waive,8331,10
word,protective,8332,2
word,golden,8333,24
word,waiver,8334,9
word,B.A.T,8335,51
word,Goldsmith,8336,11
word,Hoylake,8337,5
word,Investments,8338,16
word,sweeten,8339,4
word,highs,8340,17
word,Stocks,8341,28
word,market-makers,8342,10
word,shopping,8343,39
word,Carlton,8344,2
word,searched,8345,4
word,qualities,8346,5
word,Wellcome,8347,6
word,Glaxo,8348,3
word,Amsterdam,8349,12
word,Frankfurt,8350,51
word,Zurich,8351,15
word,Paris,8352,53
word,Brussels,8353,20
word,Milan,8354,16
word,holiday,8355,13
word,Elsewhere,8356,18
word,Wellington,8357,14
word,Sydney,8358,11
word,Manila,8359,15
word,calculated,8360,27
word,Perspective,8361,11
word,Geneva,8362,18
word,equaling,8363,15
word,Piper,8364,5
word,Jaffray,8365,4
word,Hopwood,8366,4
word,Water,8367,11
word,"150,000",8368,13
word,Walker,8369,11
word,Howard,8370,23
word,Weil,8371,8
word,"830,000",8372,2
word,Municipal,8373,18
word,Occidental,8374,11
word,shelf,8375,17
word,Inns,8376,3
word,zero,8377,11
word,Montgomery,8378,9
word,Mitchell,8379,37
word,Webb,8380,3
word,Garrison,8381,7
word,Blunt,8382,3
word,Ellis,8383,8
word,Loewi,8384,2
word,Gas,8385,32
word,"3,250,000",8386,2
word,"3,040,000",8387,2
word,"210,000",8388,2
word,Funding,8389,13
word,Hanifen,8390,2
word,Imhoff,8391,2
word,Hold,8392,4
word,liners,8393,2
word,tackle,8394,8
word,paint,8395,4
word,D'Amico,8396,2
word,Chatsworth,8397,2
word,charging,8398,28
word,Irvine,8399,8
word,Calif.-based,8400,7
word,disposed,8401,3
word,acid,8402,6
word,caustic,8403,2
word,containers,8404,6
word,Roland,8405,2
word,Matthews,8406,6
word,hearings,8407,32
word,inspection,8408,7
word,Consumer,8409,17
word,stayed,8410,12
word,unsettling,8411,4
word,Fabian,8412,2
word,Linden,8413,4
word,Conference,8414,13
word,Survey,8415,5
word,Confidence,8416,3
word,barely,8417,22
word,revised,8418,52
word,present,8419,48
word,worsen,8420,7
word,Fewer,8421,2
word,day-to-day,8422,10
word,Unemployment,8423,5
word,paycheck,8424,3
word,reasonably,8425,9
word,households,8426,14
word,conducted,8427,30
word,Opinion,8428,3
word,Toledo,8429,11
word,Buying,8430,18
word,respondents,8431,22
word,deluge,8432,2
word,Kathleen,8433,2
word,fixed-income,8434,12
word,investment-grade,8435,18
word,rare,8436,26
word,ranked,8437,7
word,infrequent,8438,2
word,scant,8439,4
word,Whether,8440,8
word,Lieberman,8441,4
word,Hanover,8442,27
word,blurred,8443,2
word,Open,8444,3
word,varied,8445,3
word,industries,8446,63
word,diverse,8447,7
word,enhances,8448,4
word,importance,8449,22
word,tomorrow,8450,51
word,non-farm,8451,2
word,"152,000",8452,2
word,unemployment,8453,34
word,nine-month,8454,10
word,22\/32,8455,5
word,12\/32,8456,3
word,16\/32,8457,3
word,three-month,8458,32
word,Issues,8459,16
word,debenture,8460,7
word,compare,8461,15
word,topped,8462,11
word,Junk,8463,4
word,risk-free,8464,3
word,wanting,8465,6
word,Mortgage-Backed,8466,6
word,Ginnie,8467,12
word,2\/32,8468,10
word,12-year,8469,9
word,Activity,8470,13
word,derivative,8471,13
word,Facilities,8472,2
word,Financing,8473,5
word,Authority,8474,22
word,relaunched,8475,2
word,drew,8476,17
word,unenthusiastic,8477,2
word,Rumors,8478,6
word,2003\/2007,8479,7
word,14\/32,8480,2
word,9\/32,8481,7
word,double-C,8482,2
word,clothing,8483,15
word,expense,8484,32
word,exceeds,8485,10
word,Hurricane,8486,67
word,Hugo,8487,84
word,earthquake,8488,217
word,fourth-quarter,8489,44
word,pre-tax,8490,3
word,property\/casualty,8491,5
word,Michelin,8492,6
word,Tyre,8493,5
word,tires,8494,9
word,BTR,8495,2
word,S.A,8496,7
word,referral,8497,2
word,clean-air,8498,5
word,unveil,8499,12
word,centerpiece,8500,6
word,rain,8501,15
word,lobbyists,8502,9
word,weaker,8503,29
word,emissions,8504,17
word,utilities,8505,38
word,chaos,8506,7
word,sulfur-dioxide,8507,2
word,cap,8508,21
word,hailed,8509,8
word,innovative,8510,9
word,market-based,8511,2
word,cost-sharing,8512,4
word,subsidize,8513,7
word,clean-up,8514,2
word,dirtiest,8515,2
word,coal-fired,8516,3
word,exorbitant,8517,3
word,jumps,8518,4
word,sticking,8519,7
word,avoiding,8520,8
word,staunchly,8521,4
word,acid-rain,8522,3
word,appease,8523,2
word,cleanup,8524,21
word,burn,8525,4
word,fuels,8526,7
word,quietly,8527,13
word,devise,8528,7
word,Russell,8529,11
word,resign,8530,10
word,relocate,8531,3
word,co-founded,8532,3
word,Shaw,8533,10
word,E.W.,8534,3
word,Scripps,8535,3
word,nickname,8536,4
word,coordinate,8537,10
word,deliberately,8538,11
word,disconnect,8539,2
word,heightened,8540,8
word,routes,8541,16
word,scans,8542,4
word,resumes,8543,4
word,falls,8544,16
word,DOT,8545,3
word,Order,8546,14
word,Turnaround,8547,2
word,high-speed,8548,3
word,processing,8549,37
word,SuperDot,8550,2
word,zip,8551,6
word,handles,8552,10
word,Contracts,8553,2
word,instrument,8554,14
word,opposite,8555,16
word,Indexing,8556,3
word,mix,8557,18
word,barometer,8558,6
word,swapping,8559,3
word,simultaneous,8560,5
word,Generally,8561,9
word,newest,8562,7
word,breed,8563,9
word,rocket,8564,6
word,backgrounds,8565,5
word,hedging,8566,5
word,Stock-index,8567,10
word,Traders,8568,46
word,fleeting,8569,5
word,arbitrager,8570,3
word,20-stock,8571,4
word,mimics,8572,4
word,indexes,8573,11
word,expression,8574,8
word,financier,8575,24
word,Saul,8576,6
word,Steinberg,8577,15
word,doubted,8578,4
word,Reliance,8579,14
word,labor-management,8580,27
word,clearance,8581,17
word,Takeover,8582,12
word,puzzled,8583,4
word,definitely,8584,10
word,Wolf,8585,19
word,Airways,8586,30
word,300-a-share,8587,11
word,formally,8588,18
word,twist,8589,7
word,Coniston,8590,17
word,notified,8591,12
word,skeptical,8592,16
word,tapping,8593,3
word,Tiger,8594,23
word,acquirer,8595,7
word,accord,8596,47
word,pilots,8597,99
word,machinists,8598,30
word,A.L.,8599,2
word,Primerica,8600,5
word,cleared,8601,23
word,financial-services,8602,17
word,liabilities,8603,20
word,Intelogic,8604,9
word,Trace,8605,2
word,unaffiliated,8606,3
word,Asher,8607,2
word,Edelman,8608,11
word,computer-services,8609,2
word,oust,8610,12
word,Datapoint,8611,7
word,explore,8612,11
word,specify,8613,16
word,above-market,8614,2
word,18-a-share,8615,2
word,p.m.,8616,42
word,EST,8617,22
word,"24,000",8618,3
word,tendered,8619,12
word,Barron,8620,6
word,Beall,8621,2
word,first-half,8622,9
word,trail,8623,7
word,heavy-truck,8624,2
word,adjustment,8625,19
word,B-1B,8626,2
word,bomber,8627,5
word,Overall,8628,14
word,emerged,8629,17
word,muscling,8630,2
word,graphics,8631,23
word,singled,8632,7
word,Aerospace,8633,11
word,sagged,8634,6
word,bombers,8635,2
word,resumption,8636,2
word,shuttle,8637,12
word,expendable,8638,2
word,engines,8639,18
word,hits,8640,23
word,fixed-price,8641,7
word,Austin,8642,10
word,40-megabyte,8643,2
word,monitor,8644,25
word,Intel,8645,42
word,microprocessor,8646,10
word,megabytes,8647,2
word,Personal,8648,13
word,microprocessors,8649,4
word,grower,8650,9
word,exporter,8651,10
word,ship,8652,29
word,Prices,8653,28
word,rumor,8654,6
word,Brazilian,8655,14
word,life-of-contract,8656,2
word,restraints,8657,5
word,permissible,8658,4
word,1989-90,8659,4
word,automobile,8660,18
word,Stevenson,8661,6
word,regardless,8662,13
word,third-largest,8663,8
word,fifth-largest,8664,3
word,shift,8665,54
word,drastic,8666,4
word,1988-89,8667,2
word,"645,000",8668,2
word,Judith,8669,3
word,Ganes,8670,4
word,granted,8671,14
word,licenses,8672,19
word,planting,8673,3
word,orange,8674,3
word,trees,8675,12
word,Oxnard,8676,4
word,am,8677,40
word,curtail,8678,10
word,Above,8679,3
word,confirm,8680,20
word,atmosphere,8681,14
word,fleet,8682,21
word,importer,8683,7
word,ENERGY,8684,6
word,gallon,8685,4
word,Gasoline,8686,3
word,Intermediate,8687,9
word,firmness,8688,3
word,GRAINS,8689,5
word,AND,8690,11
word,SOYBEANS,8691,5
word,muted,8692,3
word,observance,8693,2
word,Day,8694,18
word,Continued,8695,4
word,buys,8696,19
word,grains,8697,2
word,verge,8698,6
word,designation,8699,3
word,generous,8700,10
word,bushels,8701,4
word,COPPER,8702,4
word,ignored,8703,16
word,Chilean,8704,3
word,mine,8705,37
word,Disputado,8706,2
word,mines,8707,16
word,Papua-New,8708,2
word,emergency,8709,77
word,Bougainville,8710,6
word,copper,8711,51
word,native,8712,13
word,landowners,8713,4
word,Younkers,8714,6
word,Equitable,8715,8
word,Cos.,8716,21
word,fair,8717,29
word,Tony,8718,10
word,Lama,8719,5
word,Equus,8720,4
word,liquidation,8721,13
word,Paso,8722,8
word,boots,8723,2
word,leather,8724,10
word,accrue,8725,3
word,Reuters,8726,11
word,Reupke,8727,6
word,unspecified,8728,13
word,termed,8729,7
word,amicable,8730,2
word,27-year,8731,2
word,information-services,8732,2
word,stemmed,8733,16
word,UBS,8734,4
word,Drew,8735,7
word,irrelevant,8736,6
word,Nigel,8737,20
word,Holland,8738,2
word,DD,8739,8
word,partnership,8740,60
word,Unicorp,8741,4
word,Kingsbridge,8742,2
word,Cara,8743,3
word,45-a-share,8744,2
word,Dunkin',8745,4
word,Donuts,8746,7
word,diluted,8747,21
word,poison,8748,29
word,Delaware,8749,23
word,Dunkin,8750,7
word,deter,8751,8
word,receipt,8752,2
word,Savin,8753,3
word,magnified,8754,5
word,nonrecurring,8755,6
word,adjustments,8756,23
word,softening,8757,8
word,Hadson,8758,2
word,natural-gas,8759,6
word,reserve,8760,41
word,reimbursed,8761,2
word,write,8762,36
word,exploration,8763,34
word,amortization,8764,5
word,brunt,8765,6
word,500-Stock,8766,6
word,Equity,8767,19
word,Composite,8768,25
word,Advancing,8769,4
word,decliners,8770,10
word,"154,240,000",8771,2
word,subdued,8772,4
word,somewhat,8773,29
word,arrive,8774,9
word,firmed,8775,10
word,faltered,8776,5
word,pains,8777,3
word,Philip,8778,58
word,Puccio,8779,2
word,Uncertainty,8780,3
word,awaits,8781,5
word,reluctant,8782,23
word,stick,8783,14
word,necks,8784,4
word,Eakle,8785,2
word,revival,8786,10
word,Woolworth,8787,8
word,Avon,8788,5
word,Products,8789,27
word,Paramount,8790,25
word,Ferro,8791,4
word,Upjohn,8792,15
word,early-retirement,8793,2
word,AMR,8794,26
word,developer,8795,24
word,Trump,8796,20
word,mount,8797,12
word,withdrew,8798,14
word,Mead,8799,6
word,Paper,8800,33
word,Louisiana-Pacific,8801,5
word,Texaco,8802,26
word,ex-dividend,8803,4
word,Fe,8804,48
word,GenCorp,8805,5
word,Value,8806,13
word,Freeport-McMoRan,8807,7
word,convert,8808,29
word,adverse,8809,14
word,otherwise,8810,24
word,entity,8811,13
word,liquidated,8812,10
word,distributed,8813,27
word,unitholders,8814,4
word,Nissan,8815,83
word,backdrop,8816,6
word,continuous,8817,2
word,Atsushi,8818,4
word,Muramatsu,8819,3
word,experienced,8820,27
word,remarkable,8821,13
word,difficulties,8822,26
word,firmly,8823,11
word,Depending,8824,6
word,in-store,8825,2
word,customized,8826,3
word,simulates,8827,2
word,accident,8828,21
word,unexpected,8829,14
word,Ohio-based,8830,3
word,full-year,8831,13
word,Harry,8832,17
word,Millis,8833,4
word,McDonald,8834,28
word,unanticipated,8835,7
word,government-owned,8836,9
word,assembly,8837,27
word,subcontractor,8838,2
word,cluster,8839,2
word,bombs,8840,4
word,Aerojet,8841,2
word,Transamerica,8842,4
word,RMS,8843,3
word,waivers,8844,3
word,distributes,8845,7
word,produces,8846,24
word,literature,8847,9
word,displays,8848,15
word,Meridian,8849,13
word,"750,000",8850,5
word,multinational,8851,8
word,jeweler,8852,4
word,outbid,8853,2
word,mid-afternoon,8854,3
word,acceptances,8855,3
word,derived,8856,7
word,Carnival,8857,26
word,Lines,8858,17
word,cruise,8859,8
word,Finland,8860,18
word,averted,8861,2
word,Miami-based,8862,8
word,Waertsilae,8863,29
word,Finnish,8864,16
word,shipyard,8865,19
word,shipbuilding,8866,7
word,Fantasy,8867,5
word,slated,8868,13
word,delivered,8869,28
word,Nuys,8870,3
word,"132,000",8871,2
word,write-off,8872,9
word,capitalized,8873,8
word,Peoria,8874,3
word,adopt,8875,19
word,Kalamazoo,8876,3
word,Mich.-based,8877,3
word,severance,8878,7
word,staying,8879,8
word,Coleco,8880,4
word,high-flying,8881,2
word,toy,8882,11
word,peaked,8883,8
word,reorganized,8884,4
word,Ranger,8885,2
word,unveiled,8886,22
word,Adam,8887,2
word,plagued,8888,7
word,glitches,8889,3
word,fortunes,8890,9
word,bounced,8891,6
word,Cabbage,8892,2
word,Patch,8893,2
word,dolls,8894,3
word,winner,8895,13
word,bankruptcy-law,8896,22
word,Contras,8897,18
word,Nicaraguan,8898,15
word,U.S.-backed,8899,5
word,rebels,8900,19
word,19-month-old,8901,3
word,cease-fire,8902,9
word,reaffirmed,8903,2
word,Ortega,8904,33
word,thwart,8905,6
word,balloting,8906,5
word,demobilize,8907,2
word,deplorable,8908,2
word,brushed,8909,4
word,renewing,8910,10
word,insurgents,8911,4
word,Contra,8912,13
word,Honduras,8913,6
word,Sandinista,8914,7
word,troops,8915,14
word,offensive,8916,12
word,rebel,8917,5
word,Krenz,8918,48
word,freedoms,8919,8
word,socialism,8920,10
word,Communist,8921,40
word,Party,8922,48
word,Thousands,8923,5
word,fled,8924,12
word,Berlin,8925,27
word,cross-border,8926,6
word,massive,8927,35
word,exodus,8928,9
word,emigres,8929,2
word,discussion,8930,16
word,conferees,8931,9
word,Africa,8932,45
word,armed,8933,9
word,Namibian,8934,2
word,guerrillas,8935,8
word,neighboring,8936,7
word,violating,8937,11
word,peace,8938,26
word,territory,8939,14
word,Pretoria,8940,7
word,alert,8941,10
word,sabotage,8942,6
word,Namibia,8943,5
word,Lebanon,8944,22
word,Arabian,8945,4
word,Islamic,8946,4
word,terrorists,8947,3
word,Beirut,8948,3
word,Moslem,8949,2
word,rulers,8950,2
word,Salinas,8951,11
word,pledged,8952,11
word,modernization,8953,5
word,Pakistan,8954,5
word,Bhutto,8955,2
word,defeated,8956,11
word,votes,8957,41
word,rigged,8958,2
word,2-3,8959,2
word,trafficking,8960,4
word,coffee,8961,35
word,Pan,8962,14
word,Am,8963,12
word,CIA,8964,23
word,FBI,8965,26
word,bomb,8966,6
word,planted,8967,6
word,aboard,8968,7
word,exploded,8969,8
word,Scotland,8970,7
word,Died,8971,6
word,Mutual,8972,13
word,acute,8973,3
word,anemic,8974,2
word,tendering,8975,3
word,studio,8976,38
word,unresolved,8977,2
word,Jon,8978,13
word,Peters,8979,87
word,Guber,8980,89
word,Guber\/Peters,8981,2
word,Crum,8982,4
word,Forster,8983,4
word,laying,8984,9
word,centralized,8985,2
word,cost-cutting,8986,12
word,comparison,8987,24
word,disasters,8988,20
word,Komatsu,8989,2
word,unconsolidated,8990,9
word,Per-share,8991,18
word,Domestic,8992,8
word,bulldozers,8993,2
word,Demand,8994,10
word,climb,8995,15
word,outlays,8996,14
word,shrank,8997,6
word,apparent,8998,29
word,drops,8999,9
word,crises,9000,9
word,minimum-wage,9001,5
word,resigning,9002,8
word,depends,9003,16
word,Light,9004,5
word,Commodities,9005,12
word,markdowns,9006,3
word,fizzled,9007,2
word,pall,9008,5
word,43-year-old,9009,3
word,Spiegel,9010,22
word,Bears,9011,3
word,shaky,9012,8
word,flies,9013,5
word,planes,9014,26
word,reaching,9015,19
word,cushion,9016,9
word,Carl,9017,26
word,Jacobs,9018,7
word,latter,9019,17
word,mulling,9020,5
word,mitigate,9021,3
word,distinct,9022,7
word,reserved,9023,6
word,till,9024,3
word,issuer,9025,7
word,bust,9026,5
word,restructures,9027,3
word,longtime,9028,19
word,battered,9029,11
word,Gillett,9030,15
word,Possibly,9031,2
word,unrealized,9032,3
word,restructurings,9033,4
word,balloon,9034,16
word,floated,9035,3
word,Mellon,9036,10
word,shopped,9037,2
word,spun,9038,7
word,capitalize,9039,7
word,bread-and-butter,9040,6
word,Jonathan,9041,12
word,Sanford,9042,9
word,Pauline,9043,3
word,NYSE,9044,6
word,Symbol,9045,6
word,Third,9046,27
word,Note,9047,4
word,per-share,9048,28
word,Genetics,9049,7
word,Interleukin-3,9050,4
word,bone,9051,6
word,morphogenetic,9052,2
word,protein,9053,11
word,recombinant,9054,3
word,DNA,9055,9
word,treating,9056,11
word,induce,9057,11
word,formation,9058,11
word,cartilage,9059,2
word,BMP-1,9060,2
word,proteins,9061,11
word,compositions,9062,2
word,defects,9063,12
word,BMP,9064,2
word,healing,9065,4
word,cancers,9066,10
word,Clarence,9067,2
word,qualified,9068,9
word,Judiciary,9069,8
word,liberal,9070,17
word,Equal,9071,2
word,Employment,9072,3
word,Opportunity,9073,3
word,advocating,9074,5
word,narrowed,9075,14
word,discrimination,9076,19
word,jurisdiction,9077,6
word,EEOC,9078,5
word,judgment,9079,20
word,Runkel,9080,12
word,nominees,9081,5
word,bench,9082,19
word,vacancy,9083,10
word,Metallgesellschaft,9084,2
word,Lentjes,9085,5
word,Ferdinand,9086,5
word,specialized,9087,6
word,boilers,9088,3
word,pipes,9089,6
word,G.m.b,9090,5
word,shedding,9091,5
word,backlog,9092,17
word,rulings,9093,6
word,anti-dumping,9094,5
word,sweaters,9095,5
word,injuring,9096,4
word,investigate,9097,9
word,sweater,9098,2
word,defines,9099,4
word,ITC,9100,4
word,assess,9101,9
word,apparel,9102,22
word,agreements,9103,41
word,Wilmington,9104,6
word,rubber,9105,8
word,"1,100",9106,6
word,implementation,9107,2
word,Theodore,9108,3
word,questioned,9109,13
word,Wertheim,9110,6
word,Schroder,9111,5
word,trim,9112,12
word,"21,000",9113,2
word,bidder,9114,14
word,shareholder-rights,9115,2
word,unwanted,9116,6
word,suitors,9117,8
word,cost-control,9118,2
word,trimmed,9119,15
word,Chapman,9120,2
word,Feeding,9121,4
word,Frenzy,9122,4
word,Holt,9123,5
word,Wedtech,9124,20
word,reassuring,9125,5
word,co-author,9126,5
word,Sternberg,9127,2
word,integrity,9128,11
word,trip,9129,31
word,mindful,9130,2
word,plaintive,9131,2
word,high-minded,9132,2
word,assurance,9133,11
word,fingers,9134,4
word,scammers,9135,4
word,bribe,9136,8
word,Matthew,9137,4
word,Harrison,9138,6
word,path,9139,18
word,traveled,9140,6
word,inception,9141,6
word,full-fledged,9142,4
word,vital,9143,9
word,Army,9144,21
word,revolves,9145,2
word,Mariotta,9146,4
word,rolling,9147,18
word,mandates,9148,2
word,born,9149,16
word,Puerto,9150,20
word,Rico,9151,19
word,falsify,9152,2
word,races,9153,10
word,minority-owned,9154,2
word,famous,9155,23
word,Jimmy,9156,4
word,Carter,9157,13
word,plugged,9158,2
word,rebuilding,9159,6
word,'80s,9160,8
word,Starting,9161,2
word,Congressman,9162,2
word,Mario,9163,8
word,Biaggi,9164,2
word,sentence,9165,16
word,Wallach,9166,2
word,Attorney,9167,19
word,fashioned,9168,2
word,bribery,9169,9
word,peddling,9170,8
word,politically,9171,14
word,respectable,9172,6
word,confidant,9173,3
word,bribed,9174,5
word,corrupt,9175,4
word,scheme,9176,22
word,bag,9177,8
word,crook,9178,2
word,sensational,9179,5
word,revelations,9180,3
word,gripping,9181,3
word,scams,9182,11
word,Auditors,9183,2
word,crookery,9184,2
word,garden-variety,9185,2
word,Mercedes,9186,8
word,clothes,9187,12
word,wrestling,9188,5
word,intelligent,9189,4
word,Irving,9190,13
word,pediatrician,9191,2
word,gambler,9192,3
word,arrested,9193,14
word,doling,9194,2
word,gloss,9195,2
word,root,9196,7
word,rigid,9197,10
word,affirmative,9198,4
word,Programs,9199,4
word,expressing,9200,3
word,thieves,9201,8
word,scandals,9202,11
word,HUD,9203,48
word,characteristics,9204,2
word,tailor-made,9205,2
word,insider,9206,17
word,whenever,9207,11
word,brokering,9208,2
word,bloc,9209,23
word,Stern,9210,7
word,Urban,9211,24
word,bankrupt,9212,6
word,Oy,9213,8
word,Everything,9214,11
word,Andersson,9215,15
word,finalized,9216,3
word,state-appointed,9217,3
word,receivers,9218,3
word,lease,9219,20
word,Subcontractors,9220,2
word,swift,9221,6
word,avert,9222,3
word,skilled,9223,5
word,shipyards,9224,3
word,injecting,9225,3
word,markkaa,9226,3
word,Customers,9227,3
word,undelivered,9228,2
word,Helsinki,9229,3
word,dashed,9230,4
word,repay,9231,17
word,Nichol,9232,3
word,Karns,9233,2
word,Norfolk,9234,15
word,Ralston,9235,7
word,Purina,9236,2
word,pet,9237,9
word,seafood,9238,2
word,battery,9239,11
word,cake,9240,3
word,bakery,9241,2
word,rechargeable,9242,2
word,carbon,9243,12
word,zinc,9244,4
word,ingredients,9245,2
word,cereal,9246,10
word,Continental,9247,46
word,bread,9248,7
word,Companies,9249,23
word,five-cent,9250,9
word,percent,9251,14
word,Otherwise,9252,11
word,300-day,9253,9
word,binge,9254,6
word,pipeline,9255,34
word,exporters,9256,11
word,river,9257,11
word,barges,9258,4
word,trains,9259,9
word,harvested,9260,4
word,ports,9261,6
word,loading,9262,2
word,barge,9263,3
word,Railroad,9264,4
word,windfall,9265,2
word,strain,9266,14
word,Mississippi,9267,19
word,upper,9268,13
word,trimming,9269,5
word,south,9270,21
word,Corps,9271,7
word,Engineers,9272,6
word,Missouri,9273,22
word,feeds,9274,4
word,sank,9275,13
word,alleviate,9276,6
word,slowed,9277,21
word,Similar,9278,5
word,hamstrung,9279,3
word,budding,9280,5
word,logistical,9281,2
word,bushel,9282,13
word,harvest,9283,16
word,rebuild,9284,12
word,stockpiles,9285,5
word,depleted,9286,4
word,winding,9287,4
word,speculating,9288,2
word,gather,9289,7
word,storage,9290,25
word,permits,9291,11
word,one-fifth,9292,3
word,port,9293,7
word,Lakes,9294,3
word,Coast,9295,32
word,relieve,9296,8
word,hauling,9297,2
word,compressed,9298,2
word,delayed,9299,30
word,refinery,9300,23
word,tightening,9301,6
word,Heating,9302,2
word,sell-off,9303,30
word,PRECIOUS,9304,5
word,METALS,9305,5
word,silver,9306,39
word,platinum,9307,13
word,Precious,9308,2
word,influenced,9309,10
word,O'Neill,9310,4
word,Elders,9311,6
word,equities,9312,17
word,Silver,9313,10
word,warehouses,9314,5
word,miners,9315,6
word,Bronces,9316,2
word,Soldado,9317,2
word,Exxon-owned,9318,2
word,Minera,9319,2
word,walkout,9320,2
word,procedural,9321,11
word,metal,9322,25
word,upbeat,9323,5
word,mood,9324,17
word,readings,9325,3
word,NCR,9326,2
word,Tower,9327,15
word,midrange,9328,2
word,networking,9329,3
word,hub,9330,5
word,Novell,9331,4
word,riding,9332,9
word,industrywide,9333,13
word,chunks,9334,5
word,Marcus,9335,6
word,appliance,9336,3
word,steelmakers,9337,13
word,Lorain,9338,2
word,50-50,9339,7
word,Kobe,9340,6
word,earning,9341,16
word,Bethlehem,9342,25
word,Inland,9343,6
word,plummeted,9344,21
word,exceeded,9345,23
word,projections,9346,27
word,Bradford,9347,6
word,richer,9348,6
word,pipe,9349,3
word,galvanized,9350,11
word,coated,9351,5
word,lower-priced,9352,3
word,structural,9353,24
word,Marathon,9354,9
word,soliciting,9355,7
word,Proceeds,9356,19
word,Icahn,9357,32
word,Barrett,9358,4
word,Leon,9359,5
word,container,9360,4
word,Kurland,9361,2
word,Laurence,9362,6
word,Tribe,9363,5
word,procedure,9364,14
word,scuttle,9365,9
word,implicitly,9366,2
word,Kennedy,9367,24
word,professors,9368,4
word,spectrum,9369,5
word,partial,9370,23
word,Civil,9371,9
word,shared,9372,16
word,supports,9373,14
word,reckless,9374,10
word,Trinity,9375,9
word,platforms,9376,2
word,Train,9377,3
word,Theatre,9378,4
word,Stage,9379,3
word,Leisure,9380,2
word,Arts,9381,5
word,Kim,9382,6
word,Haag,9383,2
word,Rolls-Royce,9384,2
word,Cars,9385,4
word,INDUSTRIES,9386,4
word,undermine,9387,8
word,usefulness,9388,3
word,contend,9389,23
word,exercises,9390,6
word,prompt,9391,10
word,ideal,9392,12
word,Apparently,9393,8
word,streamline,9394,6
word,shots,9395,6
word,counsel,9396,31
word,Regulation,9397,2
word,lengthy,9398,10
word,realities,9399,5
word,object,9400,7
word,vehemently,9401,4
word,tougher,9402,16
word,compelled,9403,4
word,proxy,9404,9
word,statements,9405,33
word,Gabele,9406,2
word,Invest\/Net,9407,3
word,worded,9408,3
word,regulates,9409,2
word,files,9410,8
word,oversees,9411,14
word,Retirement,9412,8
word,Equities,9413,2
word,socially,9414,4
word,relax,9415,8
word,Ireland,9416,10
word,excluded,9417,5
word,weapons,9418,27
word,alcoholic,9419,2
word,beverages,9420,4
word,Sixty,9421,2
word,high-grade,9422,6
word,asset-backed,9423,31
word,choices,9424,15
word,annuity,9425,5
word,Scientific,9426,7
word,biotechnology,9427,22
word,instrumentation,9428,4
word,abusive,9429,3
word,Tyler,9430,6
word,printing,9431,25
word,Solo,9432,3
word,creative,9433,27
word,repertoire,9434,2
word,Heinz,9435,2
word,splendidly,9436,2
word,Strauss,9437,3
word,Stoltzman,9438,10
word,Years,9439,2
word,gurus,9440,2
word,Tashi,9441,2
word,audiences,9442,11
word,dreaded,9443,3
word,clarinetist,9444,3
word,survives,9445,3
word,piano,9446,4
word,ranges,9447,14
word,jazz,9448,5
word,pop,9449,14
word,exceptions,9450,9
word,yuppie,9451,2
word,embraced,9452,10
word,Age,9453,3
word,listening,9454,11
word,lightweight,9455,2
word,appearance,9456,14
word,Museum,9457,9
word,polished,9458,2
word,concert,9459,4
word,velvet,9460,3
word,soft-spoken,9461,2
word,album,9462,2
word,Inner,9463,4
word,Voices,9464,2
word,birthday,9465,5
word,Saint-Saens,9466,2
word,Animals,9467,2
word,glossy,9468,4
word,bite,9469,2
word,Sonata,9470,4
word,puckish,9471,3
word,flip,9472,3
word,personality,9473,5
word,disturb,9474,4
word,listener,9475,2
word,buddy,9476,2
word,Eddie,9477,9
word,Gomez,9478,3
word,Golden,9479,28
word,Sky,9480,4
word,register,9481,7
word,Bach,9482,2
word,composer,9483,4
word,18th,9484,2
word,two-part,9485,8
word,inventions,9486,2
word,cleverly,9487,2
word,clarinet,9488,2
word,Keeping,9489,4
word,chanted,9490,4
word,singer,9491,11
word,Judy,9492,3
word,sang,9493,7
word,street-corner,9494,2
word,lush,9495,3
word,Deep,9496,4
word,Peace,9497,3
word,beaches,9498,5
word,etc,9499,4
word,mellow,9500,2
word,Amazing,9501,2
word,warm,9502,14
word,Was,9503,4
word,departed,9504,2
word,Stolzman,9505,2
word,Reich,9506,6
word,Counterpoint,9507,2
word,performer,9508,4
word,lasts,9509,5
word,unfortunately,9510,7
word,illustrated,9511,4
word,Pearson,9512,4
word,repeating,9513,3
word,objects,9514,3
word,musical,9515,8
word,thoroughly,9516,3
word,distracting,9517,3
word,elegant,9518,4
word,Parker,9519,13
word,pictures,9520,14
word,enjoyable,9521,2
word,accomplished,9522,5
word,Managers,9523,10
word,concerts,9524,2
word,purged,9525,3
word,threatening,9526,16
word,elements,9527,10
word,accompanied,9528,14
word,illustrate,9529,8
word,talents,9530,4
word,selections,9531,5
word,deep,9532,22
word,passes,9533,5
word,liberated,9534,2
word,UNESCO,9535,8
word,U.N.,9536,8
word,charter,9537,20
word,culture,9538,36
word,Ever,9539,8
word,desperate,9540,8
word,rejoin,9541,3
word,apologists,9542,2
word,lobbying,9543,14
word,foreseeable,9544,5
word,ideology,9545,3
word,Director,9546,17
word,M'Bow,9547,3
word,uncovered,9548,10
word,KGB,9549,6
word,mysterious,9550,3
word,extreme,9551,11
word,ridiculous,9552,9
word,obliged,9553,6
word,founding,9554,7
word,peoples,9555,3
word,conferences,9556,6
word,chew,9557,5
word,totally,9558,23
word,principles,9559,11
word,Glasnost,9560,2
word,Eduard,9561,6
word,Shevardnadze,9562,16
word,exaggerated,9563,4
word,undermined,9564,6
word,tolerance,9565,5
word,intrinsic,9566,2
word,biennial,9567,2
word,references,9568,4
word,doomed,9569,6
word,failure,9570,51
word,educating,9571,3
word,manipulation,9572,8
word,tribunal,9573,2
word,executions,9574,6
word,hard-line,9575,5
word,communist,9576,12
word,exile,9577,3
word,directs,9578,8
word,human-rights,9579,6
word,literacy,9580,2
word,oceanographic,9581,2
word,statist,9582,2
word,restrictive,9583,9
word,nondemocratic,9584,2
word,delegates,9585,3
word,19th-century,9586,5
word,Tiananmen,9587,5
word,Square,9588,13
word,unencumbered,9589,3
word,servants,9590,2
word,functionaries,9591,2
word,minds,9592,12
word,governments,9593,34
word,obfuscation,9594,2
word,allure,9595,2
word,concepts,9596,2
word,Plant,9597,17
word,Genetic,9598,7
word,Belgium,9599,11
word,genetic,9600,30
word,hybrid,9601,16
word,isolated,9602,11
word,gene,9603,56
word,pollen,9604,5
word,male-sterile,9605,4
word,fertilized,9606,4
word,thereby,9607,10
word,seed,9608,23
word,flourishing,9609,2
word,high-production,9610,2
word,trait,9611,4
word,vigor,9612,2
word,Robinson,9613,11
word,Delta,9614,20
word,Pine,9615,3
word,Land,9616,14
word,sorghum,9617,3
word,ear,9618,3
word,distance,9619,12
word,sterile,9620,2
word,sow,9621,2
word,male-fertile,9622,2
word,pollinate,9623,2
word,seeds,9624,15
word,1930s,9625,7
word,naturally,9626,11
word,pollinated,9627,2
word,rice,9628,14
word,anthers,9629,4
word,inch,9630,6
word,clip,9631,2
word,organs,9632,2
word,pollen-inhibiting,9633,2
word,confer,9634,2
word,Jan,9635,2
word,Leemans,9636,3
word,oil-producing,9637,4
word,promoter,9638,4
word,Goldberg,9639,11
word,sterilizing,9640,3
word,flower,9641,3
word,trick,9642,3
word,herbicide,9643,5
word,greenhouse,9644,8
word,heredity,9645,2
word,dictate,9646,2
word,springing,9647,2
word,susceptible,9648,5
word,output,9649,60
word,modifications,9650,7
word,experimenting,9651,3
word,hybrids,9652,3
word,Monsanto,9653,5
word,Eli,9654,13
word,spray,9655,3
word,supposed,9656,32
word,sprays,9657,2
word,reproductive,9658,2
word,animals,9659,14
word,insects,9660,3
word,sciences,9661,2
word,Biosource,9662,2
word,virus,9663,8
word,Erwin,9664,2
word,complementary,9665,2
word,hungry,9666,3
word,genetically,9667,7
word,automatically,9668,14
word,wind,9669,13
word,breeding,9670,9
word,erupted,9671,6
word,clash,9672,8
word,divisiveness,9673,2
word,once-cozy,9674,2
word,circles,9675,9
word,clout,9676,10
word,squaring,9677,2
word,unprecedented,9678,15
word,organize,9679,2
word,pressuring,9680,2
word,defunct,9681,4
word,roles,9682,7
word,embarrassed,9683,5
word,postpone,9684,9
word,Aside,9685,10
word,injured,9686,18
word,aligned,9687,6
word,Eurobond,9688,2
word,suggestions,9689,16
word,80%-owned,9690,4
word,Provident,9691,4
word,bail,9692,5
word,irresponsible,9693,9
word,confrontation,9694,14
word,jealously,9695,3
word,captain,9696,5
word,opposing,9697,11
word,suspicions,9698,3
word,credit-card,9699,24
word,non-Japanese,9700,2
word,face-to-face,9701,6
word,CORP.,9702,3
word,Quarterly,9703,4
word,Surprises,9704,2
word,Itel,9705,5
word,plastics,9706,26
word,robots,9707,4
word,Conlon,9708,2
word,investment-banking,9709,7
word,Nikko,9710,9
word,Yogi,9711,2
word,Berra,9712,2
word,deja,9713,2
word,vu,9714,2
word,Bert,9715,5
word,Campaneris,9716,4
word,Oakland,9717,40
word,thief,9718,3
word,effortlessly,9719,2
word,scoops,9720,2
word,outfield,9721,2
word,Blair,9722,9
word,mound,9723,4
word,Sox,9724,3
word,Luis,9725,3
word,Tiant,9726,2
word,kiddies,9727,2
word,Earl,9728,5
word,Weaver,9729,3
word,Suns,9730,3
word,summers,9731,2
word,Indian,9732,16
word,Baseball,9733,4
word,pro,9734,20
word,modeled,9735,3
word,tennis,9736,6
word,golf,9737,16
word,greats,9738,3
word,unknowns,9739,3
word,Someone,9740,5
word,quit,9741,16
word,legendary,9742,8
word,centerfielder,9743,2
word,league,9744,19
word,commissioner,9745,13
word,heroes,9746,5
word,developers,9747,25
word,shoes,9748,13
word,Gene,9749,4
word,Autry,9750,2
word,Fingers,9751,3
word,Nothing,9752,9
word,Sider,9753,2
word,Palm,9754,5
word,Tropics,9755,3
word,Early,9756,14
word,pores,9757,2
word,dons,9758,3
word,uniform,9759,8
word,fun,9760,11
word,Dave,9761,11
word,dream,9762,17
word,kid,9763,4
word,Alex,9764,17
word,Castro,9765,4
word,salesman,9766,8
word,workout,9767,6
word,autographed,9768,3
word,promoters,9769,4
word,retirees,9770,3
word,tourists,9771,20
word,die-hard,9772,3
word,seniors,9773,4
word,brainchild,9774,2
word,beach,9775,9
word,"1,250",9776,2
word,Eventually,9777,10
word,Players,9778,3
word,Others,9779,18
word,majors,9780,4
word,sun,9781,9
word,cheer,9782,2
word,recapture,9783,2
word,seasons,9784,10
word,fastball,9785,3
word,Real,9786,21
word,39-year-old,9787,3
word,Pete,9788,5
word,Broberg,9789,3
word,midday,9790,5
word,heat,9791,41
word,camp,9792,5
word,now-defunct,9793,3
word,Senators,9794,7
word,nagging,9795,4
word,Gideon,9796,2
word,lean,9797,9
word,four-month,9798,4
word,pitching,9799,5
word,proves,9800,6
word,innings,9801,2
word,walked,9802,7
word,Will,9803,9
word,McEnaney,9804,2
word,stopper,9805,2
word,Machine,9806,5
word,Chevy,9807,8
word,pickup,9808,10
word,vividly,9809,4
word,recounts,9810,3
word,feat,9811,5
word,Roy,9812,23
word,reigning,9813,3
word,philosophers,9814,3
word,middle-aged,9815,4
word,sport,9816,13
word,remember,9817,18
word,Angell,9818,3
word,resident,9819,6
word,Worse,9820,5
word,Lawrence,9821,37
word,vows,9822,2
word,baseman,9823,2
word,brow,9824,3
word,prepares,9825,9
word,47-year-old,9826,5
word,malice,9827,4
word,Men,9828,7
word,habits,9829,6
word,45-year-old,9830,4
word,adjusts,9831,2
word,crowds,9832,3
word,anymore,9833,15
word,bounces,9834,3
word,wall,9835,22
word,pitchers,9836,3
word,laughs,9837,4
word,reliever,9838,2
word,Expect,9839,3
word,stolen,9840,18
word,wiry,9841,2
word,48-year-old,9842,4
word,throwing,9843,14
word,mph,9844,6
word,throw,9845,15
word,wad,9846,5
word,cheek,9847,2
word,velocity,9848,2
word,love,9849,23
word,Alltel,9850,3
word,Company,9851,26
word,cellular,9852,25
word,franchise,9853,35
word,S.C.,9854,8
word,Ga,9855,3
word,Paragould,9856,2
word,Ark.,9857,4
word,PSE,9858,8
word,powered,9859,3
word,diesel,9860,5
word,turbines,9861,5
word,Liberty,9862,5
word,Florence,9863,4
word,Deposit,9864,13
word,exchanged,9865,8
word,"5,600",9866,2
word,Zayadi,9867,2
word,Bay,9868,112
word,15\/16,9869,2
word,9\/16,9870,29
word,5\/16,9871,6
word,inflation-adjusted,9872,12
word,service-industry,9873,3
word,Statistics,9874,19
word,GDP,9875,4
word,goods-producing,9876,2
word,raw-materials,9877,2
word,recreational,9878,7
word,undervalued,9879,7
word,loan-loss,9880,15
word,"410,000",9881,2
word,Oct,9882,4
word,"425,000",9883,4
word,obstacle,9884,10
word,Ridley,9885,9
word,Commons,9886,8
word,relinquish,9887,4
word,pistol,9888,2
word,luxury-car,9889,9
word,unwelcome,9890,7
word,lobbied,9891,4
word,eventual,9892,10
word,flat-footed,9893,2
word,Reitman,9894,4
word,UBS-Phillips,9895,4
word,whopping,9896,5
word,Depositary,9897,2
word,Receipts,9898,2
word,languishing,9899,4
word,Barber,9900,6
word,Capel,9901,12
word,British-owned,9902,2
word,rivalry,9903,4
word,pays,9904,22
word,packet,9905,3
word,Lawson,9906,74
word,GM-Jaguar,9907,4
word,silly,9908,9
word,consulted,9909,2
word,defenses,9910,6
word,weakened,9911,12
word,Our,9912,53
word,intensive,9913,8
word,invitation,9914,6
word,cooperative,9915,11
word,secure,9916,20
word,shocked,9917,6
word,Thatcher,9918,66
word,privatized,9919,6
word,Conservative,9920,9
word,Wales,9921,3
word,buffeted,9922,3
word,shake-up,9923,2
word,allowing,9924,33
word,hinted,9925,10
word,answering,9926,3
word,Elanco,9927,2
word,combining,9928,10
word,pest-control,9929,2
word,research-based,9930,3
word,projected,9931,23
word,first-year,9932,2
word,Travis,9933,3
word,Petty,9934,2
word,Tomash,9935,3
word,67-year-old,9936,4
word,Dataproducts,9937,16
word,DPC,9938,18
word,Crescott,9939,3
word,emeritus,9940,5
word,Q.,9941,2
word,Marston,9942,2
word,mandatory,9943,14
word,SFE,9944,3
word,Technologies,9945,22
word,Kuehn,9946,3
word,background,9947,11
word,Rubendall,9948,3
word,Jerome,9949,4
word,Jahn,9950,2
word,soften,9951,3
word,retreating,9952,5
word,non-communist,9953,3
word,registrations,9954,2
word,rebounded,9955,13
word,Wako,9956,3
word,destabilizing,9957,3
word,Lower,9958,6
word,Institutional,9959,7
word,topic,9960,15
word,Properties,9961,3
word,Realty,9962,12
word,shifted,9963,6
word,losers,9964,16
word,sketchy,9965,4
word,appalling,9966,2
word,dealer,9967,28
word,dragged,9968,7
word,neck,9969,10
word,narrower,9970,6
word,abolish,9971,6
word,stalked,9972,2
word,dates,9973,9
word,alter,9974,12
word,parliamentary,9975,8
word,Chancellor,9976,33
word,Exchequer,9977,20
word,selective,9978,6
word,propel,9979,3
word,DAX,9980,8
word,dull,9981,5
word,Additionally,9982,5
word,beef,9983,7
word,pork,9984,8
word,southern,9985,22
word,Planning,9986,4
word,performances,9987,9
word,durables,9988,2
word,contraction,9989,5
word,Metromedia,9990,9
word,Distance,9991,2
word,renamed,9992,5
word,ITT,9993,18
word,provider,9994,10
word,long-distance,9995,11
word,Kluge,9996,2
word,Korean,9997,25
word,projecting,9998,5
word,Postal,9999,6
word,postal,10000,6
word,capable,10001,14
word,parcels,10002,3
word,Donovan,10003,4
word,Canonie,10004,2
word,Brissette,10005,2
word,savings-type,10006,2
word,CD,10007,42
word,Banxquote,10008,9
word,Norberto,10009,2
word,Mehl,10010,4
word,fractional,10011,2
word,edge,10012,21
word,lag,10013,10
word,jumbo,10014,5
word,denominations,10015,11
word,"90,000",10016,3
word,jumbos,10017,3
word,respectively,10018,20
word,broker-dealer,10019,8
word,specifically,10020,17
word,flagship,10021,11
word,BankAmerica,10022,22
word,clipboard,10023,2
word,leaned,10024,2
word,ride,10025,23
word,last-minute,10026,5
word,journalism,10027,6
word,convention,10028,10
word,festivities,10029,2
word,embody,10030,2
word,blase,10031,2
word,athletics,10032,7
word,diners,10033,2
word,Gauloises,10034,4
word,suggestion,10035,10
word,interrupting,10036,2
word,ballooning,10037,8
word,brothers,10038,13
word,hot-air,10039,3
word,balloonists,10040,3
word,airborne,10041,3
word,Forbes,10042,3
word,heady,10043,3
word,Aviation,10044,14
word,swelled,10045,7
word,Balloon,10046,2
word,"800,000",10047,10
word,enthusiasts,10048,4
word,balloons,10049,3
word,shaped,10050,4
word,resemble,10051,6
word,Miranda,10052,2
word,Garfield,10053,3
word,condom,10054,2
word,entry,10055,19
word,gray,10056,11
word,adjacent,10057,6
word,Vosges,10058,2
word,mountain,10059,16
word,aloft,10060,3
word,a.m.,10061,29
word,attraction,10062,6
word,sunrise,10063,2
word,root-canal,10064,2
word,Feeling,10065,2
word,prowess,10066,4
word,derring-do,10067,2
word,hate,10068,10
word,heights,10069,4
word,ascending,10070,2
word,wet,10071,2
word,champagne,10072,3
word,canal,10073,3
word,wicker,10074,3
word,pilot,10075,34
word,maiden,10076,2
word,noon,10077,8
word,soggy,10078,3
word,winds,10079,4
word,lightest,10080,3
word,lots,10081,21
word,inflate,10082,2
word,deciding,10083,18
word,passengers,10084,17
word,stretches,10085,3
word,attendant,10086,4
word,drifting,10087,3
word,cows,10088,4
word,plaid,10089,5
word,See,10090,6
word,thumb,10091,5
word,steer,10092,5
word,propane,10093,3
word,burner,10094,3
word,Which,10095,8
word,seldom,10096,5
word,leisurely,10097,2
word,altitude,10098,2
word,Attention,10099,2
word,yelled,10100,3
word,bet,10101,26
word,leaping,10102,4
word,atop,10103,4
word,tanks,10104,15
word,wearing,10105,13
word,loafers,10106,2
word,laughed,10107,4
word,blast,10108,7
word,flame,10109,3
word,oh,10110,2
word,scuttled,10111,3
word,patch,10112,4
word,pleasure,10113,6
word,mud,10114,4
word,Barely,10115,2
word,half-an-hour,10116,2
word,ditch,10117,2
word,enlisted,10118,2
word,farmer,10119,25
word,trailer,10120,4
word,dirt,10121,3
word,clutch,10122,2
word,precision,10123,7
word,yanking,10124,2
word,punching,10125,3
word,cramming,10126,2
word,nearest,10127,5
word,watering,10128,3
word,sat,10129,18
word,nursing,10130,7
word,ego,10131,3
word,figured,10132,11
word,rearing,10133,2
word,Vries,10134,2
word,Undersecretary,10135,2
word,minimize,10136,7
word,Testifying,10137,2
word,intervened,10138,3
word,foreign-exchange,10139,24
word,unhinged,10140,2
word,recognized,10141,19
word,restrain,10142,7
word,resurfaced,10143,3
word,Manuel,10144,11
word,dissented,10145,2
word,fundamentals,10146,14
word,disorderly,10147,3
word,LaFalce,10148,2
word,testimony,10149,22
word,insisting,10150,9
word,nuances,10151,4
word,solution,10152,17
word,monetary,10153,54
word,acknowledged,10154,26
word,Garrett,10155,3
word,38-year-old,10156,2
word,correspondent,10157,5
word,treasurer,10158,20
word,conventional-arms,10159,3
word,Concerns,10160,2
word,Vienna,10161,9
word,destruction,10162,11
word,Treaty,10163,5
word,persuading,10164,2
word,Europeans,10165,13
word,short-range,10166,2
word,soil,10167,10
word,armored,10168,3
word,thinned,10169,2
word,NATO,10170,17
word,treaty,10171,19
word,retains,10172,12
word,residual,10173,3
word,arms-control,10174,8
word,ally,10175,15
word,parity,10176,10
word,bargaining,10177,10
word,timetable,10178,10
word,seemingly,10179,11
word,tank,10180,9
word,negotiation,10181,7
word,"1,800",10182,7
word,blocking,10183,16
word,exempting,10184,2
word,budged,10185,2
word,Accounting,10186,11
word,suspected,10187,8
word,arsenals,10188,5
word,sloppy,10189,5
word,theirs,10190,10
word,Pact,10191,5
word,danger,10192,18
word,conciliatory,10193,4
word,miss,10194,10
word,somewhere,10195,17
word,superiority,10196,3
word,unraveled,10197,5
word,Lease,10198,2
word,757-200s,10199,2
word,jets,10200,5
word,spares,10201,2
word,Delivery,10202,2
word,Norway,10203,7
word,excludes,10204,2
word,Directorate,10205,3
word,Including,10206,4
word,Norwegians,10207,2
word,jobless,10208,7
word,"65,200",10209,2
word,soft-drink,10210,7
word,Fraser,10211,6
word,Neave,10212,3
word,bottling,10213,3
word,franchisee,10214,10
word,Coke,10215,16
word,eagerness,10216,6
word,disposable,10217,9
word,populations,10218,2
word,aging,10219,10
word,proportions,10220,3
word,heaviest,10221,4
word,tended,10222,4
word,per-capita,10223,3
word,soda,10224,3
word,untapped,10225,4
word,boards,10226,24
word,AMERICAN,10227,3
word,sharing,10228,5
word,distilled,10229,4
word,Giovanni,10230,10
word,Agnelli,10231,15
word,strengthen,10232,17
word,Fiat,10233,21
word,admit,10234,9
word,Prince,10235,12
word,Aga,10236,6
word,Khan,10237,6
word,Istituto,10238,2
word,private-sector,10239,14
word,Maria,10240,6
word,sister,10241,13
word,IFI,10242,6
word,Ifint,10243,3
word,S.A.,10244,41
word,lire,10245,25
word,nonvoting,10246,2
word,strengthens,10247,2
word,Agnellis,10248,2
word,Moslems,10249,3
word,sailing,10250,4
word,collaboration,10251,7
word,Mediobanca,10252,2
word,weekend,10253,50
word,readers,10254,22
word,dangerous,10255,20
word,frivolous,10256,4
word,cavalier,10257,2
word,Conrail,10258,4
word,MCI,10259,25
word,Congressional,10260,11
word,impasse,10261,3
word,vetoed,10262,7
word,softened,10263,2
word,institutes,10264,2
word,newcomers,10265,6
word,delighted,10266,4
word,shorter,10267,6
word,low-paid,10268,2
word,wealthier,10269,4
word,Domenici,10270,2
word,N.M,10271,2
word,ranking,10272,10
word,afterward,10273,8
word,compromised,10274,2
word,Murphy,10275,13
word,AFL-CIO,10276,5
word,safeguards,10277,3
word,Seib,10278,4
word,Lighting,10279,5
word,pollution-control,10280,4
word,single-A-3,10281,9
word,single-A-2,10282,11
word,collateralized,10283,5
word,Prime-1,10284,2
word,Units,10285,3
word,Project,10286,8
word,generating,10287,6
word,title,10288,27
word,Armstrong,10289,17
word,carpet,10290,9
word,disposing,10291,5
word,tile,10292,2
word,reassure,10293,2
word,upgraded,10294,6
word,hovered,10295,3
word,Dalton,10296,5
word,raw-material,10297,2
word,brands,10298,46
word,worsened,10299,2
word,dilution,10300,3
word,Applied,10301,8
word,Color,10302,9
word,first-quarter,10303,7
word,economic-forecasting,10304,2
word,slight,10305,17
word,lend,10306,19
word,noticeably,10307,3
word,clue,10308,5
word,horizon,10309,6
word,Witter,10310,21
word,Reynolds,10311,16
word,pronounced,10312,5
word,reliable,10313,4
word,sample,10314,7
word,component,10315,10
word,components,10316,16
word,vendor,10317,7
word,deliveries,10318,6
word,poll,10319,30
word,sometime,10320,9
word,inflation-fighting,10321,2
word,Pilgrim,10322,2
word,Nuclear,10323,7
word,Station,10324,2
word,accountable,10325,4
word,91-day,10326,2
word,Bids,10327,4
word,submitted,10328,21
word,Accepted,10329,7
word,182-day,10330,2
word,Clifford,10331,4
word,unnecessary,10332,13
word,surreal,10333,3
word,astronomer,10334,2
word,Berkeley,10335,19
word,ragged,10336,3
word,jeans,10337,6
word,thicket,10338,2
word,rejection,10339,16
word,marriage,10340,7
word,sweetheart,10341,2
word,Martha,10342,4
word,wisecracks,10343,2
word,programmatic,10344,2
word,explanations,10345,3
word,Egg,10346,15
word,Doubleday,10347,4
word,spins,10348,2
word,tale,10349,10
word,spy,10350,8
word,stealing,10351,9
word,Markus,10352,2
word,Hess,10353,11
word,secrets,10354,7
word,cuckoo,10355,2
word,eggs,10356,26
word,nests,10357,2
word,birds,10358,4
word,surrogate,10359,2
word,Gnu-Emacs,10360,2
word,tricks,10361,3
word,Unix,10362,6
word,Using,10363,13
word,bogus,10364,4
word,routinely,10365,14
word,cleans,10366,2
word,egg,10367,20
word,Laboratory,10368,10
word,discrepancy,10369,4
word,user,10370,17
word,Hunter,10371,9
word,valid,10372,12
word,hacker,10373,7
word,Finding,10374,4
word,discovering,10375,3
word,dormant,10376,2
word,legitimate,10377,17
word,Sventek,10378,2
word,alarm,10379,6
word,portable,10380,12
word,beeper,10381,5
word,nights,10382,11
word,slept,10383,2
word,desk,10384,16
word,boss,10385,11
word,neglect,10386,5
word,chores,10387,7
word,accessible,10388,5
word,Sands,10389,3
word,missile,10390,11
word,suspicion,10391,3
word,drag,10392,13
word,terminal,10393,9
word,quarry,10394,2
word,tangled,10395,3
word,tape,10396,34
word,Finally,10397,20
word,linking,10398,11
word,hunt,10399,5
word,tracing,10400,3
word,invited,10401,15
word,high-ranking,10402,2
word,theft,10403,12
word,humor,10404,8
word,violently,10405,2
word,left-wing,10406,2
word,grudging,10407,2
word,spooks,10408,3
word,fascinating,10409,3
word,Melloan,10410,5
word,Mips,10411,18
word,general-purpose,10412,4
word,Microsystems,10413,12
word,Digital,10414,92
word,Equipment,10415,26
word,Sunnyvale,10416,6
word,RC6280,10417,2
word,instructions,10418,14
word,instruction-set,10419,2
word,RISC,10420,6
word,Sandy,10421,3
word,Gant,10422,2
word,InfoCorp,10423,2
word,wedge,10424,5
word,boon,10425,3
word,five-year-old,10426,2
word,Hewlett-Packard,10427,45
word,Motorola,10428,20
word,speeds,10429,5
word,simplifying,10430,2
word,essential,10431,19
word,Nixdorf,10432,4
word,Groupe,10433,4
word,Bull,10434,3
word,Tandem,10435,7
word,Computers,10436,9
word,MIPS,10437,4
word,Siemens,10438,6
word,A.G.,10439,5
word,Logan,10440,4
word,computer-market,10441,3
word,Aberdeen,10442,2
word,Suddenly,10443,5
word,processor,10444,5
word,floating-point,10445,2
word,brewing,10446,23
word,bailout,10447,31
word,Ways,10448,7
word,Means,10449,8
word,counted,10450,16
word,Resolution,10451,19
word,GAO,10452,4
word,RTC,10453,15
word,deficit-reduction,10454,17
word,Gramm-Rudman,10455,15
word,sick,10456,12
word,allows,10457,23
word,off-budget,10458,2
word,Fortney,10459,2
word,insolvent,10460,12
word,S&Ls,10461,5
word,meantime,10462,15
word,Mullins,10463,5
word,distort,10464,3
word,exemptions,10465,3
word,dump,10466,12
word,Panhandle,10467,4
word,Okla.,10468,5
word,Miss,10469,17
word,cubic,10470,16
word,Transmission,10471,5
word,Trunkline,10472,2
word,connect,10473,3
word,Arkoma,10474,2
word,pipelines,10475,2
word,cup,10476,6
word,pastry,10477,4
word,chef,10478,3
word,Chez,10479,5
word,Panisse,10480,5
word,priceless,10481,2
word,notebook,10482,8
word,recipes,10483,4
word,bands,10484,2
word,Shere,10485,6
word,leads,10486,20
word,driven,10487,18
word,wallet,10488,3
word,tips,10489,4
word,looseleaf,10490,2
word,Alice,10491,5
word,inventor,10492,4
word,cooking,10493,6
word,cuisine,10494,2
word,subjected,10495,5
word,vanilla,10496,3
word,ice,10497,12
word,cookbook,10498,4
word,teeming,10499,3
word,specialties,10500,3
word,fool,10501,5
word,dish,10502,4
word,stewed,10503,2
word,ever-changing,10504,2
word,menu,10505,3
word,dinners,10506,2
word,repeated,10507,19
word,constant,10508,13
word,Area,10509,16
word,express,10510,8
word,moral,10511,16
word,Dozen,10512,16
word,regularly,10513,11
word,bovine,10514,2
word,butter,10515,5
word,scratch,10516,3
word,overwhelming,10517,10
word,Newport,10518,23
word,incumbent,10519,5
word,Milton,10520,22
word,Hollander,10521,8
word,Weekes,10522,7
word,Conn.-based,10523,3
word,ousted,10524,10
word,Wakeman,10525,5
word,titles,10526,8
word,Engineering,10527,12
word,Crozier,10528,2
word,Virtue,10529,2
word,2-for-1,10530,7
word,garment,10531,2
word,UniFirst,10532,2
word,lumber,10533,4
word,insulation,10534,3
word,timber,10535,4
word,Healthcare,10536,19
word,120-day,10537,4
word,standstill,10538,9
word,HealthVest,10539,22
word,health-care,10540,39
word,overdue,10541,6
word,rent,10542,20
word,remedies,10543,3
word,arrears,10544,2
word,completes,10545,4
word,owes,10546,10
word,bind,10547,4
word,Greenery,10548,2
word,Rehabilitation,10549,3
word,loaned,10550,2
word,Centennial,10551,2
word,20th,10552,6
word,creators,10553,4
word,myself,10554,11
word,redemptions,10555,6
word,painfully,10556,6
word,O'Kicki,10557,13
word,Cambria,10558,11
word,potted,10559,2
word,palms,10560,3
word,adorned,10561,2
word,guard,10562,9
word,marched,10563,5
word,aisle,10564,3
word,flowing,10565,7
word,heralded,10566,2
word,trumpet,10567,2
word,ceremony,10568,4
word,king,10569,10
word,seated,10570,3
word,behaved,10571,2
word,arrogant,10572,6
word,vulnerability,10573,5
word,communities,10574,18
word,indicted,10575,12
word,oppression,10576,2
word,western,10577,11
word,grand-jury,10578,3
word,dummy,10579,2
word,secretaries,10580,6
word,imperial,10581,3
word,lawn,10582,11
word,chop,10583,2
word,wood,10584,17
word,fix,10585,6
word,bizarre,10586,5
word,chambers,10587,3
word,occasions,10588,9
word,dictation,10589,2
word,underwear,10590,6
word,testified,10591,9
word,ludicrous,10592,5
word,feuding,10593,3
word,courthouse,10594,6
word,vendetta,10595,2
word,investigators,10596,16
word,toes,10597,2
word,buttons,10598,2
word,awesome,10599,3
word,abused,10600,5
word,jurisdictions,10601,2
word,corrective,10602,2
word,urban,10603,23
word,Fear,10604,4
word,alienating,10605,4
word,pervasive,10606,8
word,Maurice,10607,6
word,Geiger,10608,3
word,Rural,10609,6
word,Vt.,10610,2
word,challenges,10611,15
word,loath,10612,6
word,stonemason,10613,2
word,descent,10614,2
word,Ebensburg,10615,5
word,Thornburgh,10616,8
word,divorced,10617,5
word,married,10618,12
word,daughter,10619,12
word,clerk,10620,9
word,Clearly,10621,8
word,re-elected,10622,3
word,Six,10623,5
word,Trial,10624,4
word,appellate,10625,11
word,vacancies,10626,3
word,smartest,10627,3
word,150-member,10628,2
word,tack,10629,3
word,grasp,10630,6
word,blink,10631,3
word,bedrock,10632,2
word,columnist,10633,12
word,Johnstown,10634,3
word,spoken,10635,9
word,taint,10636,2
word,Inquiry,10637,2
word,investigates,10638,2
word,misconduct,10639,6
word,Nobody,10640,17
word,guts,10641,2
word,shelled,10642,2
word,verdict,10643,8
word,unexpectedly,10644,11
word,retribution,10645,3
word,allegation,10646,2
word,residents,10647,54
word,biting,10648,3
word,lip,10649,2
word,dance,10650,8
word,coffin,10651,2
word,lid,10652,4
word,sealed,10653,4
word,tightly,10654,5
word,abrasive,10655,3
word,sipped,10656,2
word,honey,10657,3
word,chair,10658,5
word,spectators,10659,4
word,whispering,10660,3
word,hats,10661,10
word,jailed,10662,7
word,defied,10663,3
word,Visitors,10664,4
word,aside,10665,23
word,seniority,10666,8
word,county,10667,9
word,fiercely,10668,10
word,proud,10669,7
word,Pontiac,10670,2
word,Sunbird,10671,2
word,dealership,10672,9
word,dutifully,10673,2
word,Bognato,10674,2
word,unrelated,10675,11
word,Laurel,10676,8
word,precaution,10677,2
word,stationery,10678,3
word,farther,10679,4
word,intervene,10680,4
word,adversary,10681,5
word,inclined,10682,12
word,reconsider,10683,7
word,unfortunate,10684,9
word,extort,10685,2
word,refinanced,10686,3
word,Citation,10687,2
word,resold,10688,3
word,onerous,10689,7
word,defend,10690,29
word,cedar,10691,2
word,brick,10692,7
word,pre-trial,10693,5
word,intact,10694,10
word,innocent,10695,8
word,Cockburn,10696,5
word,comic,10697,13
word,Built,10698,2
word,Sand,10699,2
word,evidenced,10700,3
word,sand,10701,21
word,Armenian,10702,5
word,metaphor,10703,3
word,sublime,10704,2
word,satirical,10705,2
word,muse,10706,3
word,await,10707,5
word,sequel,10708,3
word,resiliency,10709,4
word,charitable,10710,8
word,metaphors,10711,2
word,whatever,10712,20
word,grass-roots,10713,2
word,"220,000",10714,3
word,newsprint,10715,10
word,overflowing,10716,2
word,excellent,10717,14
word,Please,10718,4
word,impeccable,10719,3
word,Gardiner,10720,2
word,FINANCIAL,10721,2
word,Shareholders,10722,9
word,title-insurance,10723,2
word,Cablevision,10724,4
word,single-B-1,10725,2
word,single-B,10726,3
word,Beatrice,10727,11
word,scaled,10728,9
word,reset,10729,24
word,float,10730,9
word,single-B-plus,10731,3
word,Wastewater,10732,5
word,Treatment,10733,5
word,wastewater,10734,5
word,uninsured,10735,6
word,2008-2009,10736,2
word,Matagorda,10737,3
word,Navigation,10738,60
word,Interest,10739,21
word,calculating,10740,3
word,Remic,10741,25
word,20-year,10742,9
word,weighted,10743,9
word,Fitch,10744,2
word,J.C.,10745,12
word,Penney,10746,13
word,JCP,10747,2
word,Railway,10748,2
word,Monte,10749,7
word,di,10750,3
word,Siena,10751,2
word,Debenture,10752,4
word,IBJ,10753,3
word,EG&G,10754,5
word,Berthold,10755,3
word,Deutsche,10756,15
word,Transgenic,10757,3
word,Sciences,10758,25
word,Worcester,10759,2
word,Tax,10760,24
word,Hunt,10761,33
word,owe,10762,8
word,tycoon,10763,3
word,removes,10764,4
word,D.C,10765,4
word,Minpeco,10766,17
word,Peruvian,10767,4
word,minerals,10768,7
word,Abramson,10769,9
word,Regarding,10770,3
word,liquidating,10771,4
word,demanded,10772,12
word,Grover,10773,2
word,Hartt,10774,3
word,pottery,10775,2
word,condominium,10776,4
word,dice,10777,2
word,gamble,10778,9
word,outlet,10779,2
word,pooled,10780,2
word,packaged,10781,10
word,snap,10782,3
word,courses,10783,10
word,shunned,10784,2
word,tidal,10785,3
word,headway,10786,2
word,drum,10787,4
word,Kato,10788,2
word,Ultimately,10789,4
word,dipped,10790,7
word,prepaid,10791,7
word,headache,10792,2
word,reinvest,10793,5
word,homeowners,10794,12
word,posed,10795,6
word,steered,10796,5
word,uninvited,10797,3
word,takeovers,10798,21
word,premature,10799,5
word,Therefore,10800,3
word,rage,10801,2
word,academia,10802,2
word,colors,10803,6
word,shapes,10804,3
word,Supporters,10805,4
word,adoption,10806,10
word,Recent,10807,6
word,Georgeson,10808,2
word,reduces,10809,15
word,evaluate,10810,11
word,Does,10811,10
word,viable,10812,12
word,chances,10813,15
word,forever,10814,8
word,time-limited,10815,4
word,Pennzoil,10816,11
word,prudent,10817,9
word,Pittsburgh-based,10818,4
word,Intergroup,10819,9
word,Wisconsin,10820,18
word,informal,10821,14
word,abstract,10822,3
word,Enfield,10823,10
word,Ontario,10824,8
word,libel,10825,8
word,Hees,10826,8
word,Holders,10827,4
word,overturned,10828,3
word,"720,000",10829,3
word,financiers,10830,7
word,Bronfman,10831,8
word,alley,10832,2
word,similarly,10833,5
word,tony,10834,6
word,uncharacteristically,10835,2
word,beloved,10836,2
word,tensions,10837,5
word,all-time,10838,5
word,dismissing,10839,2
word,backlash,10840,3
word,reactions,10841,13
word,avoided,10842,14
word,criticize,10843,4
word,heels,10844,10
word,Officially,10845,2
word,refrain,10846,4
word,mid-1980s,10847,7
word,Building,10848,14
word,Arco,10849,5
word,partnerships,10850,20
word,landmark,10851,6
word,Secondly,10852,2
word,philosophies,10853,2
word,cooperate,10854,10
word,interfere,10855,9
word,rely,10856,17
word,meters,10857,3
word,incredibly,10858,3
word,Marunouchi,10859,3
word,samurai,10860,2
word,Imperial,10861,22
word,Palace,10862,4
word,east,10863,8
word,twisted,10864,3
word,alleys,10865,3
word,isolation,10866,4
word,Western-style,10867,3
word,locate,10868,5
word,railway,10869,4
word,dubious,10870,6
word,moniker,10871,2
word,literally,10872,10
word,cautiousness,10873,2
word,tenants,10874,8
word,Graeme,10875,3
word,robust,10876,17
word,catapult,10877,2
word,lagged,10878,10
word,Yoshio,10879,2
word,finances,10880,8
word,tallest,10881,2
word,budgeted,10882,5
word,enemies,10883,7
word,Hollywood,10884,43
word,Bros.,10885,6
word,signaled,10886,14
word,Superior,10887,4
word,injunction,10888,20
word,Guber-Peters,10889,15
word,breach-of-contract,10890,2
word,accusations,10891,11
word,duplicity,10892,2
word,posturing,10893,4
word,on-again,10894,3
word,off-again,10895,3
word,Records,10896,14
word,surpassed,10897,2
word,MGM,10898,27
word,Lorimar,10899,2
word,Telepictures,10900,2
word,sworn,10901,5
word,affidavits,10902,9
word,Walter,10903,32
word,Yetnikoff,10904,6
word,affidavit,10905,14
word,anti-Japanese,10906,2
word,co-chief,10907,6
word,baseless,10908,2
word,enjoys,10909,7
word,relationships,10910,20
word,acrimony,10911,2
word,alongside,10912,2
word,fray,10913,6
word,unravel,10914,3
word,fulfill,10915,9
word,declarations,10916,2
word,exclude,10917,12
word,Bonfire,10918,2
word,Vanities,10919,2
word,Bright,10920,3
word,studios,10921,6
word,sequels,10922,2
word,Batman,10923,10
word,blockbuster,10924,3
word,conspiracy,10925,19
word,evasion,10926,7
word,wide-ranging,10927,5
word,conspired,10928,4
word,spare,10929,9
word,evade,10930,4
word,Barr,10931,5
word,Utility,10932,6
word,Addison,10933,4
word,plead,10934,10
word,proper,10935,16
word,Appleyard,10936,3
word,guise,10937,3
word,hiding,10938,4
word,Jake,10939,5
word,Horton,10940,4
word,Leonard,10941,8
word,Yates,10942,2
word,oversaw,10943,3
word,governmental-affairs,10944,2
word,mysteriously,10945,2
word,uncovering,10946,2
word,irregularities,10947,4
word,Frequent,10948,2
word,Up,10949,8
word,Debate,10950,2
word,scotch,10951,2
word,Seagram,10952,20
word,frequent,10953,11
word,drinker,10954,2
word,upgrade,10955,6
word,seating,10956,3
word,mounting,10957,12
word,liquor,10958,17
word,risky,10959,21
word,Penn,10960,7
word,Johnnie,10961,2
word,soaking,10962,2
word,Rich,10963,14
word,Greene,10964,7
word,TWA,10965,2
word,flier,10966,3
word,Scottish,10967,7
word,scope,10968,8
word,leg,10969,7
word,12-month,10970,8
word,Goya,10971,5
word,Milk,10972,2
word,Hispanic,10973,12
word,cholesterol,10974,13
word,health-conscious,10975,2
word,bucking,10976,2
word,Secaucus,10977,3
word,Lecheria,10978,2
word,Leche,10979,3
word,Fresca,10980,3
word,Hispanics,10981,6
word,butterfat,10982,3
word,Borden,10983,4
word,grocery,10984,12
word,Greg,10985,4
word,tastes,10986,3
word,Jewelry,10987,3
word,Makers,10988,3
word,Cosmetics,10989,3
word,FOR,10990,6
word,costume,10991,2
word,jewelry,10992,14
word,uninspired,10993,3
word,fake,10994,7
word,fashionable,10995,9
word,cosmetics,10996,31
word,honed,10997,4
word,Karen,10998,6
word,Accessories,10999,3
word,Trifari,11000,3
word,Swank,11001,2
word,launching,11002,15
word,fragrance,11003,4
word,hiring,11004,20
word,stroll,11005,3
word,sporting,11006,3
word,jewels,11007,2
word,borrow,11008,18
word,perennial,11009,2
word,Renk,11010,2
word,animal,11011,16
word,motifs,11012,2
word,tamer,11013,2
word,focuses,11014,6
word,motivate,11015,2
word,Odds,11016,6
word,Ends,11017,6
word,DESPITE,11018,2
word,refillable,11019,2
word,Procter,11020,16
word,Gamble,11021,16
word,Tide,11022,3
word,Clean,11023,11
word,Marketers,11024,5
word,convenience,11025,7
word,trade-off,11026,2
word,oat,11027,5
word,bran,11028,6
word,Called,11029,4
word,Otto,11030,3
word,Beer,11031,3
word,brew,11032,4
word,Northwest,11033,14
word,jetliner,11034,5
word,NWA,11035,9
word,McDonnell,11036,10
word,pursuing,11037,16
word,counterclaims,11038,2
word,Airport,11039,9
word,Cook,11040,5
word,defect,11041,3
word,improperly,11042,9
word,flown,11043,3
word,wing,11044,3
word,flaps,11045,2
word,slats,11046,2
word,takeoff,11047,2
word,detected,11048,9
word,cockpit,11049,3
word,survived,11050,10
word,Tempe,11051,4
word,brother,11052,16
word,relatives,11053,5
word,Alabama,11054,5
word,Unification,11055,5
word,mystery,11056,11
word,multimillion-dollar,11057,6
word,catering,11058,3
word,unified,11059,8
word,spreading,11060,9
word,religion,11061,4
word,enterprises,11062,18
word,religious,11063,2
word,missions,11064,3
word,airport,11065,15
word,solicitations,11066,3
word,economically,11067,8
word,infrastructure,11068,10
word,Throughout,11069,4
word,spokesmen,11070,5
word,legacy,11071,2
word,"80,000",11072,6
word,Yankee,11073,6
word,bicentennial,11074,2
word,income-tax,11075,7
word,abduction,11076,2
word,graying,11077,2
word,enthusiastic,11078,7
word,Moonies,11079,2
word,Father,11080,5
word,reputed,11081,2
word,contention,11082,4
word,spree,11083,9
word,Alaska,11084,16
word,monastery,11085,3
word,mansion,11086,2
word,situated,11087,2
word,Spanish-language,11088,3
word,misleading,11089,16
word,fund-raisers,11090,2
word,flowers,11091,7
word,peanuts,11092,4
word,pittance,11093,2
word,lavish,11094,4
word,assorted,11095,3
word,factories,11096,22
word,employing,11097,3
word,followers,11098,4
word,marble,11099,5
word,westward,11100,2
word,sociologist,11101,6
word,Bromley,11102,2
word,Unificationist,11103,2
word,Likewise,11104,6
word,Burgess,11105,9
word,transferred,11106,23
word,English-language,11107,5
word,Insiders,11108,2
word,fishing,11109,12
word,vessels,11110,11
word,budgets,11111,20
word,exotic,11112,8
word,locales,11113,3
word,dual,11114,6
word,investigator,11115,7
word,hosts,11116,5
word,Study,11117,5
word,concentrates,11118,2
word,retreat,11119,7
word,converts,11120,4
word,Panda,11121,2
word,Guangdong,11122,2
word,Province,11123,2
word,Whatever,11124,14
word,respectability,11125,4
word,intellectuals,11126,6
word,salvage,11127,6
word,goals,11128,29
word,Cult,11129,2
word,Strange,11130,3
word,Manville,11131,58
word,Injury,11132,3
word,Settlement,11133,4
word,forest,11134,15
word,recapitalization,11135,30
word,Pravda,11136,6
word,bloated,11137,4
word,Kirgizia,11138,2
word,republics,11139,5
word,border,11140,13
word,rioting,11141,3
word,slashed,11142,16
word,continent,11143,2
word,tourist,11144,15
word,flying,11145,22
word,Tourist,11146,4
word,agent,11147,31
word,flight,11148,40
word,Transport,11149,7
word,TNT,11150,5
word,Nahas,11151,3
word,closure,11152,4
word,predicament,11153,2
word,Sao,11154,3
word,Paulo,11155,4
word,drafting,11156,4
word,constitution,11157,5
word,unfit,11158,3
word,formulating,11159,2
word,reverts,11160,4
word,nullify,11161,5
word,Sino-British,11162,3
word,Israeli,11163,15
word,Moshe,11164,2
word,reactor,11165,2
word,Tel,11166,2
word,Aviv,11167,2
word,protocol,11168,3
word,Venezuela,11169,6
word,debt-equity,11170,3
word,participating,11171,18
word,disbursed,11172,2
word,tourism,11173,15
word,Venezuelan,11174,3
word,song,11175,12
word,Tracy,11176,2
word,praising,11177,3
word,Mandela,11178,2
word,Freedom,11179,6
word,soccer,11180,3
word,identity,11181,10
word,deprive,11182,3
word,Lords,11183,2
word,Marcos,11184,26
word,marital,11185,5
word,privileges,11186,3
word,spouses,11187,6
word,Keenan,11188,9
word,pleadings,11189,2
word,racketeering,11190,21
word,obstruction,11191,3
word,homeland,11192,5
word,fraudulently,11193,2
word,Marcoses,11194,2
word,crimes,11195,22
word,unsupported,11196,4
word,affirmation,11197,2
word,testimonial,11198,2
word,utterances,11199,2
word,threw,11200,12
word,objections,11201,8
word,self-incrimination,11202,3
word,Fifth,11203,12
word,LAW,11204,4
word,Sidley,11205,5
word,Chicago-based,11206,14
word,Ashurst,11207,5
word,Morris,11208,48
word,advising,11209,12
word,one-stop,11210,3
word,Bruce,11211,9
word,tap,11212,9
word,UNITED,11213,2
word,WORKERS,11214,2
word,rehearing,11215,2
word,UAW,11216,3
word,intentionally,11217,5
word,predominantly,11218,3
word,determining,11219,6
word,discriminatory,11220,4
word,Norris,11221,3
word,McLaughlin,11222,3
word,McBride,11223,3
word,legislator,11224,11
word,proposes,11225,11
word,authorize,11226,5
word,probation,11227,3
word,Senator,11228,19
word,embarrassment,11229,8
word,Liberties,11230,4
word,gimmickry,11231,4
word,Oberstar,11232,2
word,aviation,11233,6
word,governed,11234,5
word,suburbs,11235,2
word,Employees,11236,8
word,wore,11237,7
word,identification,11238,4
word,badges,11239,2
word,abolished,11240,6
word,cultural,11241,13
word,revolution,11242,14
word,freight,11243,22
word,schedules,11244,11
word,dress,11245,12
word,forbidding,11246,4
word,staffers,11247,17
word,sung,11248,2
word,Fukuyama,11249,4
word,glasnost,11250,14
word,sleek,11251,4
word,Maxima,11252,2
word,sedan,11253,10
word,300ZX,11254,3
word,nostalgic,11255,4
word,Pao,11256,3
word,minicar,11257,2
word,lessons,11258,4
word,awry,11259,3
word,postwar,11260,7
word,discover,11261,8
word,Yutaka,11262,2
word,Kume,11263,8
word,fourth-largest,11264,4
word,Toyota,11265,29
word,Honda,11266,21
word,dropping,11267,22
word,Worst,11268,2
word,preoccupied,11269,3
word,infighting,11270,3
word,rigidity,11271,2
word,30-year-old,11272,2
word,interiors,11273,3
word,tasks,11274,15
word,dashboard,11275,2
word,speedometer,11276,2
word,boring,11277,7
word,boxy,11278,4
word,hoping,11279,22
word,dealerships,11280,7
word,rookie,11281,4
word,chic,11282,3
word,insights,11283,2
word,excursions,11284,2
word,trendy,11285,5
word,fearing,11286,5
word,trips,11287,9
word,productive,11288,6
word,liked,11289,5
word,lobby,11290,9
word,exhibit,11291,6
word,sideways,11292,3
word,shifts,11293,4
word,resisted,11294,11
word,neglected,11295,5
word,Technical,11296,5
word,revamped,11297,6
word,sedans,11298,4
word,sporty,11299,2
word,coupe,11300,4
word,restyled,11301,3
word,"33,000",11302,3
word,squared,11303,2
word,styling,11304,3
word,predecessors,11305,2
word,grabbed,11306,8
word,canvas,11307,2
word,S-Cargo,11308,2
word,clocks,11309,3
word,oversized,11310,3
word,depressing,11311,4
word,eight-year,11312,3
word,tide,11313,3
word,recoup,11314,5
word,optimistic,11315,24
word,designs,11316,16
word,new-model,11317,2
word,batch,11318,6
word,successes,11319,6
word,compact,11320,8
word,subcompact,11321,4
word,Stanza,11322,5
word,hugely,11323,2
word,Accord,11324,5
word,engine,11325,30
word,rebates,11326,8
word,rebate,11327,2
word,Mignanelli,11328,2
word,Sentra,11329,2
word,Corolla,11330,3
word,launches,11331,5
word,Infiniti,11332,11
word,pioneered,11333,4
word,Lexus,11334,11
word,showrooms,11335,3
word,rocks,11336,7
word,"38,000",11337,3
word,Q45,11338,2
word,"49,000",11339,2
word,confesses,11340,5
word,Takashi,11341,2
word,Oka,11342,3
word,21st,11343,3
word,hurry,11344,8
word,gap,11345,30
word,managerial,11346,2
word,headaches,11347,4
word,Tennessee,11348,22
word,Auto,11349,8
word,organizing,11350,7
word,transitional,11351,2
word,overseeing,11352,7
word,momentum,11353,19
word,unstoppable,11354,2
word,Bros,11355,5
word,MCA,11356,50
word,Azoff,11357,16
word,purposely,11358,2
word,summit,11359,17
word,alternating,11360,2
word,naval,11361,11
word,vessel,11362,5
word,Mediterranean,11363,2
word,seaborne,11364,2
word,disrupt,11365,8
word,announcing,11366,18
word,diversion,11367,5
word,ethnic,11368,9
word,unrest,11369,7
word,reacting,11370,7
word,communism,11371,3
word,damp,11372,11
word,Leader,11373,15
word,critic,11374,11
word,arranging,11375,6
word,sea,11376,11
word,advisers,11377,36
word,appearances,11378,6
word,full-scale,11379,2
word,U.S.-Soviet,11380,7
word,terrorism,11381,22
word,Nation,11382,2
word,tariffs,11383,10
word,perestroika,11384,14
word,grow,11385,60
word,recurring,11386,3
word,Kremlin,11387,6
word,comparisons,11388,8
word,loosely,11389,2
word,superpower,11390,5
word,gathering,11391,17
word,Iceland,11392,2
word,alliance,11393,35
word,readily,11394,8
word,get-together,11395,2
word,transform,11396,10
word,loosen,11397,5
word,grip,11398,9
word,suggesting,11399,15
word,Gumbel,11400,2
word,Banca,11401,4
word,Nazionale,11402,4
word,Lavoro,11403,2
word,Iraq,11404,5
word,marking,11405,10
word,BNL,11406,10
word,topping,11407,5
word,fiduciary,11408,3
word,in-depth,11409,3
word,outlining,11410,2
word,suitable,11411,5
word,Rome,11412,9
word,outlined,11413,6
word,dragging,11414,5
word,anti-nuclear,11415,2
word,activists,11416,22
word,racism,11417,4
word,anti-apartheid,11418,3
word,dissatisfied,11419,4
word,Gandhi,11420,8
word,recognizable,11421,2
word,non-violent,11422,13
word,disobedience,11423,14
word,passive,11424,7
word,Webster,11425,29
word,Dictionary,11426,2
word,riots,11427,2
word,disturbances,11428,2
word,imprisonment,11429,3
word,occupation,11430,5
word,Indians,11431,3
word,affected,11432,49
word,recourse,11433,3
word,truly,11434,17
word,excuse,11435,13
word,pinpointed,11436,2
word,non-invasive,11437,3
word,Rosa,11438,2
word,Parks,11439,3
word,bus,11440,12
word,illustration,11441,9
word,tendency,11442,9
word,equate,11443,2
word,lawful,11444,3
word,nuisance,11445,2
word,violent,11446,5
word,intentional,11447,2
word,grievances,11448,3
word,delight,11449,3
word,slogans,11450,3
word,bullhorns,11451,2
word,militant,11452,2
word,gestures,11453,5
word,emotionally,11454,3
word,posture,11455,6
word,superficial,11456,2
word,interviews,11457,13
word,stimuli,11458,2
word,apt,11459,6
word,site,11460,35
word,grievance,11461,4
word,criminals,11462,11
word,excitement,11463,8
word,attach,11464,5
word,fringes,11465,2
word,trashing,11466,2
word,arson,11467,2
word,looting,11468,2
word,demonstration,11469,9
word,mob,11470,3
word,galvanizing,11471,2
word,Assume,11472,3
word,speeding,11473,5
word,careless,11474,2
word,lie,11475,12
word,ambulance,11476,4
word,dies,11477,4
word,airing,11478,11
word,politician,11479,9
word,cameras,11480,6
word,chickens,11481,4
word,Phil,11482,5
word,Let,11483,15
word,indirectly,11484,10
word,irreparable,11485,2
word,Vietnam,11486,23
word,hide,11487,9
word,cloak,11488,2
word,immoral,11489,2
word,fabric,11490,9
word,defections,11491,3
word,enemy,11492,6
word,amazing,11493,8
word,ensuing,11494,3
word,mass,11495,12
word,Cambodia,11496,11
word,morally,11497,5
word,naive,11498,3
word,wounds,11499,4
word,draft,11500,9
word,evaders,11501,2
word,dignity,11502,4
word,extraordinarily,11503,6
word,visibility,11504,3
word,Give,11505,5
word,spotlight,11506,3
word,informed,11507,19
word,probable,11508,7
word,thorough,11509,4
word,calm,11510,4
word,rational,11511,10
word,Deukmejian,11512,8
word,repairs,11513,13
word,quake,11514,89
word,bipartisan,11515,10
word,outline,11516,5
word,six-cent,11517,2
word,sales-tax,11518,3
word,Kimberly-Clark,11519,4
word,consumer-products,11520,4
word,diapers,11521,2
word,Newsprint,11522,2
word,discounting,11523,21
word,guinea,11524,4
word,pigs,11525,7
word,filers,11526,3
word,randomly,11527,4
word,audits,11528,8
word,update,11529,3
word,selection,11530,12
word,Compliance,11531,2
word,deductions,11532,9
word,dependents,11533,6
word,allowable,11534,3
word,satisfied,11535,8
word,TCMP,11536,3
word,audited,11537,3
word,Rewards,11538,2
word,simplify,11539,3
word,enactment,11540,7
word,modified,11541,4
word,Pryor,11542,5
word,backs,11543,11
word,negligence,11544,5
word,misstatements,11545,2
word,faulty,11546,2
word,urges,11547,8
word,deterrents,11548,2
word,spelling,11549,4
word,assessment,11550,16
word,Oregon,11551,15
word,Administrators,11552,3
word,Taxation,11553,5
word,comprises,11554,3
word,advises,11555,9
word,Chambers,11556,6
word,patterned,11557,2
word,mile,11558,6
word,IRA,11559,12
word,Reps.,11560,4
word,Wash,11561,7
word,Andrews,11562,4
word,violates,11563,6
word,timberlands,11564,2
word,delegation,11565,13
word,hurricane,11566,16
word,weighs,11567,5
word,nondeductible,11568,2
word,hobby,11569,3
word,Givens,11570,3
word,Vernon,11571,4
word,bred,11572,4
word,businesslike,11573,2
word,conservation,11574,3
word,sideline,11575,6
word,deduct,11576,4
word,horse,11577,18
word,inspector,11578,7
word,ratification,11579,3
word,arbitrator,11580,8
word,examining,11581,4
word,long-simmering,11582,4
word,predates,11583,2
word,arbitration,11584,6
word,Burton,11585,5
word,collect,11586,13
word,acceptable,11587,13
word,unwarranted,11588,7
word,Line,11589,21
word,Pilots,11590,3
word,delicate,11591,7
word,Machinists,11592,9
word,supervisors,11593,7
word,sided,11594,2
word,mid-November,11595,4
word,Ironically,11596,7
word,hackles,11597,2
word,Achenbaum,11598,19
word,infamous,11599,4
word,beating,11600,6
word,Worldwide,11601,8
word,Canter,11602,2
word,hesitate,11603,6
word,echoing,11604,2
word,shrewd,11605,3
word,Saatchi,11606,46
word,Hyundai,11607,8
word,searches,11608,6
word,seminars,11609,3
word,hallmark,11610,2
word,invites,11611,6
word,strokes,11612,5
word,intimacy,11613,2
word,retire,11614,23
word,merging,11615,4
word,outfit,11616,3
word,Thompson,11617,36
word,best-known,11618,6
word,clauses,11619,3
word,frustrated,11620,9
word,struck,11621,21
word,pointedly,11622,3
word,integrate,11623,6
word,pure,11624,8
word,towards,11625,3
word,mission,11626,14
word,accomplish,11627,9
word,wishing,11628,2
word,Advertising,11629,16
word,Johnston,11630,4
word,price-cutting,11631,4
word,Cotton,11632,8
word,Thanksgiving,11633,4
word,outspoken,11634,5
word,Lives,11635,3
word,replaces,11636,5
word,Comfort,11637,3
word,towels,11638,2
word,spots,11639,12
word,opted,11640,5
word,laughter,11641,2
word,tears,11642,2
word,Good,11643,8
word,Macy,11644,7
word,Parade,11645,2
word,NFL,11646,16
word,Mingo,11647,5
word,pioneers,11648,4
word,stroke,11649,3
word,Clients,11650,2
word,Brewing,11651,14
word,hospitalized,11652,4
word,EARNINGS,11653,3
word,Omnicom,11654,3
word,statesmen,11655,2
word,dare,11656,3
word,66-year-old,11657,2
word,plainly,11658,5
word,furnished,11659,2
word,pleasantries,11660,3
word,orthodox,11661,5
word,plurality,11662,2
word,scene,11663,22
word,missing,11664,24
word,similarities,11665,2
word,inefficiency,11666,2
word,liberalize,11667,4
word,deeper,11668,13
word,Regardless,11669,2
word,Asia-Pacific,11670,5
word,prosperity,11671,8
word,sustain,11672,9
word,encouraged,11673,20
word,Mosbacher,11674,6
word,rounded,11675,3
word,circumspect,11676,2
word,deficits,11677,12
word,satisfy,11678,9
word,consumed,11679,9
word,turbulence,11680,7
word,preserve,11681,14
word,Filipinos,11682,5
word,dispose,11683,5
word,Filipino,11684,16
word,occasional,11685,4
word,tries,11686,17
word,airs,11687,2
word,pretend,11688,3
word,suppose,11689,3
word,royalties,11690,7
word,Cambodian,11691,5
word,Sihanouk,11692,5
word,Vietnamese-backed,11693,2
word,Hun,11694,5
word,Sen,11695,5
word,knock,11696,4
word,Khmer,11697,17
word,bluntly,11698,2
word,discard,11699,3
word,neurosurgeon,11700,2
word,Levy,11701,11
word,spinal,11702,4
word,tumor,11703,8
word,Clinic,11704,2
word,shocks,11705,7
word,sensory,11706,2
word,nerves,11707,10
word,nerve,11708,4
word,impulses,11709,2
word,woke,11710,4
word,paralyzed,11711,5
word,monitored,11712,10
word,tragedy,11713,6
word,probe,11714,14
word,safer,11715,10
word,diagnosis,11716,4
word,multiple,11717,13
word,thrusting,11718,2
word,workings,11719,6
word,motor-control,11720,2
word,hand-held,11721,6
word,muscles,11722,2
word,finger,11723,6
word,circuits,11724,6
word,measuring,11725,9
word,function,11726,14
word,neurologist,11727,3
word,clinical,11728,8
word,subjective,11729,2
word,1900s,11730,2
word,flashes,11731,4
word,visual,11732,5
word,stimulate,11733,7
word,limbs,11734,2
word,unwieldy,11735,2
word,Reginald,11736,2
word,Diego,11737,14
word,handy,11738,9
word,magnet,11739,2
word,stimulation,11740,2
word,mapping,11741,4
word,brains,11742,6
word,awake,11743,2
word,Tator,11744,2
word,preserved,11745,4
word,stimulators,11746,6
word,retrieve,11747,5
word,seizures,11748,6
word,besides,11749,7
word,invisible,11750,4
word,Sam,11751,23
word,"12,500",11752,2
word,inexpensive,11753,4
word,legs,11754,2
word,probes,11755,5
word,conjunction,11756,4
word,muscle,11757,7
word,contractions,11758,3
word,wasting,11759,2
word,Tacker,11760,3
word,cardiac,11761,3
word,someday,11762,6
word,pacemakers,11763,3
word,hearts,11764,6
word,possibilities,11765,9
word,reveal,11766,14
word,regroup,11767,2
word,rehabilitation,11768,4
word,exploring,11769,9
word,flash,11770,3
word,Between,11771,6
word,jolted,11772,5
word,jolt,11773,8
word,timed,11774,2
word,exclaims,11775,2
word,SUNY,11776,2
word,Trying,11777,3
word,theories,11778,9
word,incoming,11779,2
word,jeopardize,11780,6
word,potent,11781,4
word,forth,11782,8
word,neurologists,11783,2
word,Alamos,11784,3
word,commercializing,11785,2
word,consortia,11786,2
word,Ridge,11787,3
word,Palo,11788,12
word,Alto,11789,11
word,laboratory,11790,10
word,laboratories,11791,6
word,foster,11792,8
word,industry-government,11793,2
word,receivables,11794,14
word,thereafter,11795,11
word,trustee,11796,7
word,countrymen,11797,3
word,boatload,11798,2
word,blown,11799,3
word,ashore,11800,2
word,dizzying,11801,6
word,after-hours,11802,3
word,karaoke,11803,2
word,sing,11804,5
word,musicians,11805,6
word,Matsushita,11806,4
word,Components,11807,3
word,Baja,11808,3
word,Ernesto,11809,2
word,Ruffo,11810,4
word,perfect,11811,12
word,separated,11812,2
word,wider,11813,15
word,ocean,11814,8
word,Mexicans,11815,2
word,vaunted,11816,2
word,methodical,11817,2
word,Gortari,11818,3
word,discipline,11819,24
word,urgently,11820,2
word,unpopular,11821,8
word,Revolutionary,11822,2
word,PRI,11823,2
word,consume,11824,7
word,inflows,11825,7
word,Suzuki,11826,4
word,External,11827,2
word,fruit,11828,11
word,ripe,11829,4
word,Pressed,11830,2
word,presumption,11831,3
word,gate,11832,3
word,appreciate,11833,8
word,breakthrough,11834,5
word,petrochemicals,11835,6
word,stems,11836,15
word,congress,11837,4
word,leftist,11838,5
word,trusts,11839,5
word,non-strategic,11840,3
word,domain,11841,4
word,certainty,11842,3
word,bosses,11843,7
word,Nakamura,11844,2
word,grandson,11845,3
word,catching,11846,5
word,maquiladoras,11847,2
word,Action,11848,5
word,pledge,11849,5
word,protectionism,11850,4
word,tumbling,11851,7
word,pessimistic,11852,12
word,assessments,11853,4
word,near-term,11854,14
word,mildly,11855,5
word,Half,11856,4
word,midmorning,11857,3
word,bullish,11858,17
word,bears,11859,13
word,Owen,11860,10
word,Kleinwort,11861,11
word,Benson,11862,17
word,narrowing,11863,8
word,Interstate,11864,34
word,influences,11865,6
word,draining,11866,3
word,marked,11867,18
word,tumble,11868,11
word,differentials,11869,5
word,Lombard,11870,2
word,Bundesbank,11871,5
word,widening,11872,7
word,knocking,11873,8
word,predictions,11874,9
word,Seven,11875,4
word,G-7,11876,2
word,Kakita,11877,3
word,treasury,11878,15
word,damping,11879,2
word,regain,11880,12
word,dollar-yen,11881,2
word,contended,11882,15
word,Zapfel,11883,2
word,dash,11884,4
word,Julius,11885,3
word,Baer,11886,3
word,description,11887,2
word,bear,11888,16
word,skid,11889,3
word,culmination,11890,6
word,gloomier,11891,2
word,chancellor,11892,8
word,Hastings,11893,22
word,Erik,11894,4
word,repeal,11895,11
word,Helmut,11896,6
word,Haussmann,11897,2
word,tends,11898,11
word,taxed,11899,5
word,levy,11900,4
word,budgetary,11901,8
word,abolition,11902,2
word,coalition,11903,16
word,teen-age,11904,3
word,compromises,11905,4
word,stray,11906,3
word,Edelson,11907,4
word,entertained,11908,2
word,straighten,11909,2
word,mess,11910,13
word,forward-rate,11911,4
word,second-quarter,11912,10
word,incidents,11913,7
word,echo,11914,5
word,restated,11915,18
word,monitoring,11916,20
word,custom-tailored,11917,2
word,interestrate,11918,2
word,mushroomed,11919,5
word,importantly,11920,4
word,2-to-1,11921,2
word,lopsided,11922,3
word,vulnerable,11923,17
word,assumptions,11924,8
word,methodologies,11925,2
word,Wathen,11926,18
word,Pinkerton,11927,28
word,poster,11928,4
word,Jesse,11929,2
word,Never,11930,11
word,Sleep,11931,2
word,Allan,11932,4
word,encountered,11933,7
word,detective,11934,4
word,brand-name,11935,4
word,unforeseen,11936,2
word,rats,11937,3
word,60-year-old,11938,2
word,mom-and-pop,11939,2
word,patrol,11940,2
word,Summer,11941,4
word,Olympics,11942,10
word,divestiture,11943,8
word,demonstrate,11944,8
word,LBO,11945,16
word,hitches,11946,2
word,proceeded,11947,4
word,diligence,11948,2
word,receivable,11949,3
word,unprofitable,11950,6
word,Sutro,11951,3
word,nondescript,11952,2
word,rid,11953,11
word,low-margin,11954,4
word,boasts,11955,12
word,refinance,11956,2
word,alleges,11957,14
word,misrepresented,11958,3
word,controversies,11959,2
word,concerning,11960,12
word,memorabilia,11961,2
word,forked,11962,2
word,Brand,11963,3
word,artifact,11964,2
word,glamorous,11965,7
word,Falcon,11966,10
word,Commercial,11967,17
word,vegetables,11968,4
word,fruits,11969,4
word,calves,11970,2
word,Soybeans,11971,2
word,long-awaited,11972,6
word,repel,11973,3
word,Together,11974,4
word,Describing,11975,2
word,ferry,11976,5
word,mid-August,11977,2
word,method,11978,13
word,Tucker,11979,8
word,proceed,11980,13
word,lifts,11981,4
word,modifies,11982,2
word,restraining,11983,2
word,stories,11984,30
word,well-heeled,11985,3
word,tighten,11986,4
word,subsidies,11987,29
word,affluent,11988,13
word,enlarge,11989,2
word,pot,11990,6
word,FHA,11991,18
word,insure,11992,6
word,persuaded,11993,9
word,"124,875",11994,3
word,deepening,11995,5
word,sour,11996,10
word,idle,11997,17
word,defaults,11998,16
word,Cranston,11999,10
word,ensuring,12000,7
word,ink,12001,7
word,busted,12002,3
word,Kemp,12003,18
word,toying,12004,3
word,Cranston-Mitchell,12005,2
word,tar,12006,2
word,Members,12007,16
word,shove,12008,2
word,lies,12009,26
word,Lantos,12010,2
word,forget,12011,11
word,Pierce,12012,4
word,pork-barrel,12013,8
word,hemorrhaging,12014,6
word,solving,12015,4
word,Gillette,12016,13
word,toiletries,12017,2
word,Twins,12018,2
word,Pharmaceuticals,12019,11
word,Anglo,12020,3
word,halves,12021,2
word,Tass,12022,6
word,rubles,12023,15
word,ruble,12024,11
word,sequester,12025,2
word,thoughts,12026,6
word,frustration,12027,9
word,fury,12028,2
word,pros,12029,7
word,Zarett,12030,2
word,Daffynition,12031,5
word,Rodeo,12032,2
word,applause,12033,6
word,Ocean,12034,9
word,Drilling,12035,9
word,Exploration,12036,6
word,contract-drilling,12037,3
word,diving,12038,3
word,Arkansas,12039,16
word,overhaul,12040,24
word,Seidman,12041,15
word,free-market,12042,12
word,re-examine,12043,4
word,government-sponsored,12044,4
word,Agreement,12045,5
word,rush,12046,12
word,radical,12047,9
word,champion,12048,8
word,revision,12049,6
word,senators,12050,35
word,GNP,12051,26
word,eroding,12052,6
word,deductibles,12053,2
word,deflect,12054,2
word,surging,12055,6
word,contentious,12056,6
word,strikes,12057,19
word,Pittston,12058,11
word,Nynex,12059,12
word,cynical,12060,4
word,Schramm,12061,2
word,capitalists,12062,9
word,false,12063,21
word,revamping,12064,5
word,dismantle,12065,2
word,Catastrophic,12066,3
word,W.Va,12067,4
word,Medicare,12068,9
word,Medicaid,12069,11
word,magic,12070,6
word,bullet,12071,7
word,Sharon,12072,11
word,NAM,12073,3
word,availability,12074,12
word,embraces,12075,5
word,effectiveness,12076,6
word,treatments,12077,5
word,guidelines,12078,54
word,trade-offs,12079,3
word,ceilings,12080,4
word,federation,12081,7
word,Stelco,12082,2
word,fastener,12083,2
word,leased,12084,9
word,Brantford,12085,2
word,nuts,12086,3
word,bolts,12087,3
word,employ,12088,7
word,Deseret,12089,5
word,Bancorp.,12090,4
word,Grove,12091,3
word,Salt,12092,4
word,reception,12093,7
word,Laidig,12094,3
word,hopeful,12095,6
word,paper-company,12096,2
word,Camp,12097,5
word,Paperboard,12098,2
word,unwritten,12099,2
word,taboo,12100,3
word,landscape,12101,12
word,Palmero,12102,4
word,Oppenheimer,12103,17
word,Added,12104,3
word,Based,12105,7
word,Weyerhaeuser,12106,10
word,presents,12107,8
word,dive,12108,5
word,strengthening,12109,11
word,containerboard,12110,3
word,boxes,12111,9
word,exported,12112,8
word,Rod,12113,2
word,Resource,12114,4
word,Bedford,12115,2
word,subtracted,12116,2
word,higher-cost,12117,2
word,dilute,12118,3
word,stock-repurchase,12119,2
word,precarious,12120,2
word,Wachtel,12121,3
word,Lipton,12122,6
word,Rosen,12123,17
word,Katz,12124,21
word,Wasserstein,12125,2
word,Perella,12126,2
word,staggered,12127,2
word,barring,12128,8
word,rescind,12129,5
word,MacMillan,12130,2
word,Bloedel,12131,2
word,pencil,12132,6
word,rallied,12133,23
word,Bowater,12134,2
word,flurry,12135,7
word,capacity-expansion,12136,2
word,attractiveness,12137,4
word,consolidation,12138,15
word,Devario,12139,2
word,Schneider,12140,5
word,Duff,12141,7
word,Phelps,12142,7
word,Rodgers,12143,3
word,quicker,12144,4
word,most-recent,12145,2
word,Lyphomed,12146,4
word,Medco,12147,2
word,beats,12148,4
word,typical,12149,20
word,soar,12150,7
word,Freedman,12151,3
word,underscored,12152,7
word,severity,12153,5
word,leaped,12154,7
word,nonunion,12155,2
word,variations,12156,9
word,DeSoto,12157,2
word,coatings,12158,8
word,flexible,12159,11
word,adhesives,12160,2
word,resin,12161,2
word,refocused,12162,3
word,StatesWest,12163,15
word,Mesa,12164,18
word,Farmington,12165,2
word,abandoning,12166,2
word,pursuit,12167,16
word,Nevada,12168,10
word,Wyoming,12169,6
word,shiny,12170,3
word,foremost,12171,2
word,bond-price,12172,2
word,depress,12173,6
word,bolstering,12174,2
word,laboring,12175,3
word,"1,111",12176,2
word,Bouygues,12177,3
word,consolidated,12178,17
word,indicative,12179,3
word,QVC,12180,4
word,Network,12181,12
word,CVN,12182,3
word,Shopping,12183,6
word,video,12184,24
word,comply,12185,11
word,tangible,12186,5
word,ratio,12187,40
word,namesake,12188,2
word,patriotic,12189,2
word,celebration,12190,9
word,anniversary,12191,9
word,Rights,12192,20
word,anti-smoking,12193,2
word,wrapping,12194,3
word,cornerstone,12195,3
word,Kraft,12196,13
word,roots,12197,7
word,Marlboro,12198,3
word,blanket,12199,5
word,shelves,12200,4
word,prime-time,12201,10
word,airwaves,12202,5
word,broadest,12203,3
word,sponsorship,12204,2
word,Tucson,12205,7
word,Guy,12206,8
word,themes,12207,6
word,innocence,12208,2
word,portraying,12209,6
word,killer,12210,6
word,Pertschuk,12211,2
word,mafia,12212,3
word,King,12213,33
word,unmistakable,12214,2
word,clever,12215,5
word,Ries,12216,4
word,Trout,12217,2
word,wagons,12218,2
word,Consulting,12219,9
word,drape,12220,2
word,RJR,12221,43
word,Nabisco,12222,20
word,touting,12223,4
word,yanked,12224,4
word,tube,12225,8
word,lighting,12226,4
word,legitimacy,12227,5
word,doldrums,12228,7
word,forefront,12229,2
word,Microsoft,12230,13
word,Oracle,12231,3
word,phenomenon,12232,13
word,bore,12233,3
word,Robin,12234,6
word,Ladenburg,12235,4
word,Thalmann,12236,3
word,dominate,12237,8
word,rallies,12238,11
word,dips,12239,3
word,pummeled,12240,2
word,matures,12241,2
word,slows,12242,3
word,year-to-date,12243,2
word,halved,12244,4
word,outperform,12245,5
word,churn,12246,2
word,faults,12247,3
word,Hambrecht,12248,11
word,Quist,12249,11
word,appreciated,12250,4
word,stalled,12251,11
word,in-house,12252,10
word,suitor,12253,15
word,Gen-Probe,12254,18
word,Chugai,12255,12
word,Pharmaceutical,12256,9
word,Priam,12257,4
word,5\/32,12258,5
word,3\/32,12259,7
word,multiyear,12260,2
word,Stuart-James,12261,3
word,delaying,12262,8
word,outcome,12263,25
word,low-income,12264,9
word,Willamette,12265,2
word,sessions,12266,13
word,prohibition,12267,5
word,lingering,12268,3
word,Faced,12269,5
word,prescribed,12270,6
word,incorporates,12271,4
word,far-reaching,12272,9
word,refinancing,12273,15
word,high-interest,12274,4
word,subsidized,12275,10
word,lower-income,12276,2
word,disruptions,12277,6
word,forge,12278,6
word,Aeronautics,12279,6
word,Space,12280,13
word,satellite,12281,12
word,NASA,12282,21
word,Voyager,12283,4
word,room,12284,66
word,disorder,12285,5
word,legerdemain,12286,2
word,Byrd,12287,5
word,Sante,12288,4
word,Neb.,12289,7
word,jealousy,12290,4
word,confusion,12291,15
word,absence,12292,17
word,authorization,12293,9
word,Claiborne,12294,5
word,Pell,12295,2
word,R.I,12296,2
word,Coda,12297,6
word,consolidate,12298,7
word,repurchase,12299,15
word,D,12300,10
word,Ted,12301,12
word,Eubank,12302,2
word,dedicated,12303,6
word,F-16,12304,4
word,Loral,12305,9
word,F-15,12306,2
word,trainer,12307,2
word,Projects,12308,6
word,propulsion,12309,4
word,rosy,12310,3
word,scenarios,12311,9
word,Bear,12312,35
word,Stearns,12313,32
word,presumed,12314,5
word,Zell,12315,4
word,contemplating,12316,6
word,poorer,12317,6
word,intangible,12318,4
word,CNW,12319,8
word,spin,12320,19
word,Krebs,12321,3
word,reverses,12322,2
word,realty,12323,5
word,recalculating,12324,2
word,belief,12325,17
word,Lidgerwood,12326,4
word,zoning,12327,3
word,O&Y,12328,2
word,earthquakes,12329,15
word,fetch,12330,8
word,maximizing,12331,2
word,Orkem,12332,13
word,state-controlled,12333,9
word,Coates,12334,6
word,computer-servicing,12335,2
word,Marks,12336,9
word,Spencer,12337,10
word,Operating,12338,17
word,examiners,12339,4
word,Lincoln,12340,39
word,regulator,12341,15
word,whitewash,12342,4
word,deputies,12343,7
word,Danny,12344,5
word,riveting,12345,2
word,shredded,12346,3
word,Panamanian,12347,11
word,funneled,12348,3
word,complacent,12349,2
word,Investigation,12350,11
word,solicited,12351,3
word,examiner,12352,7
word,luxurious,12353,2
word,Meek,12354,4
word,Keating,12355,10
word,allege,12356,3
word,Newsom,12357,2
word,smells,12358,4
word,sampled,12359,2
word,meat,12360,8
word,suspicious,12361,5
word,Bickwit,12362,4
word,Gonzalez,12363,31
word,Kevin,12364,6
word,O'Connell,12365,3
word,Stelzer,12366,2
word,fraudulent,12367,12
word,Riley,12368,3
word,oddly,12369,5
word,donated,12370,12
word,recycling,12371,6
word,depositors,12372,3
word,aroused,12373,6
word,Bahamas,12374,3
word,erosion,12375,7
word,discounted,12376,9
word,electrogalvanized,12377,2
word,tin,12378,3
word,footing,12379,5
word,Dallas-based,12380,6
word,modernize,12381,8
word,reverse,12382,14
word,Steelmakers,12383,2
word,hot-dipped,12384,9
word,assurances,12385,4
word,13-week,12386,5
word,26-week,12387,4
word,Tenders,12388,5
word,televised,12389,6
word,Shop,12390,7
word,Channel,12391,18
word,Idaho,12392,5
word,potato,12393,6
word,commercially,12394,3
word,Twenty,12395,3
word,Cohen,12396,26
word,Boyer,12397,6
word,toad,12398,2
word,bacteria,12399,11
word,Swanson,12400,3
word,injection,12401,8
word,Genentech,12402,13
word,gene-splicing,12403,2
word,insulin,12404,14
word,diabetics,12405,13
word,snags,12406,4
word,applying,12407,7
word,Patent,12408,2
word,integral,12409,3
word,Lyonnais,12410,9
word,"43,000",12411,3
word,Cie.,12412,6
word,Mixte,12413,58
word,Societe,12414,16
word,"160,000",12415,3
word,Cie,12416,12
word,Financiere,12417,11
word,"1,850",12418,7
word,Unocal,12419,15
word,Petroleos,12420,5
word,refining,12421,14
word,revolving,12422,5
word,underwritten,12423,7
word,terminals,12424,9
word,blending,12425,3
word,company-owned,12426,6
word,"3,300",12427,2
word,brisk,12428,9
word,stumbling,12429,3
word,streamlining,12430,12
word,accompanying,12431,10
word,deficit-cutting,12432,2
word,catastrophic-illness,12433,2
word,employee-benefit,12434,2
word,popularity,12435,14
word,child-care,12436,6
word,weary,12437,3
word,12:01,12438,3
word,Rostenkowski,12439,3
word,Sept,12440,3
word,corresponding,12441,6
word,discontinuation,12442,2
word,write-offs,12443,8
word,non-recurring,12444,5
word,principally,12445,3
word,assisting,12446,3
word,Levin,12447,3
word,deal-making,12448,2
word,"176,100,000",12449,2
word,averages,12450,10
word,surface,12451,18
word,Nearly,12452,17
word,psychological,12453,9
word,renews,12454,2
word,Argus,12455,2
word,cease,12456,6
word,instability,12457,3
word,manipulated,12458,2
word,Within,12459,23
word,Stone,12460,22
word,Container,12461,7
word,Temple-Inland,12462,3
word,Boise,12463,4
word,Cascade,12464,4
word,Pfizer,12465,9
word,Schering-Plough,12466,10
word,SmithKline,12467,5
word,Beecham,12468,5
word,Eminase,12469,2
word,Chevron,12470,19
word,accumulating,12471,3
word,preferred-stock,12472,2
word,common-stock,12473,2
word,ERC,12474,4
word,definitively,12475,7
word,Ogden,12476,8
word,reorganize,12477,4
word,drilling,12478,17
word,Cilcorp,12479,6
word,"390,000",12480,3
word,GORBACHEV,12481,2
word,WILL,12482,2
word,army,12483,15
word,blockade,12484,3
word,occupied,12485,7
word,seizing,12486,5
word,crush,12487,12
word,boycott,12488,2
word,confiscated,12489,6
word,unpaid,12490,6
word,legalizing,12491,3
word,Forum,12492,3
word,staged,12493,8
word,Nicaragua,12494,29
word,condemn,12495,5
word,cancel,12496,8
word,Managua,12497,4
word,gripped,12498,2
word,Afghanistan,12499,6
word,guerrilla,12500,4
word,Kabul,12501,3
word,Ozal,12502,2
word,civilian,12503,5
word,right-wing,12504,3
word,Conservatives,12505,10
word,dissent,12506,6
word,whites,12507,26
word,outskirts,12508,3
word,Soweto,12509,4
word,possessing,12510,3
word,hall,12511,8
word,wrecked,12512,4
word,10-year-old,12513,2
word,Socialists,12514,4
word,Nov,12515,3
word,Vietnamese,12516,11
word,tanker,12517,6
word,seas,12518,2
word,Rhode,12519,3
word,Fairfield,12520,5
word,solid-waste,12521,2
word,hazardous-waste,12522,2
word,indifferent,12523,2
word,circumvent,12524,3
word,ceased,12525,4
word,preparing,12526,19
word,diplomat,12527,5
word,solidly,12528,4
word,factions,12529,3
word,heck,12530,3
word,constituents,12531,10
word,representation,12532,8
word,constituency,12533,8
word,convincing,12534,8
word,mimic,12535,4
word,fleeing,12536,2
word,revisions,12537,9
word,geared,12538,3
word,stressful,12539,2
word,fine-tuning,12540,4
word,persists,12541,2
word,pro-active,12542,2
word,hunky-dory,12543,2
word,Craig,12544,17
word,Torres,12545,2
word,teen-agers,12546,2
word,reviving,12547,2
word,coolly,12548,3
word,gloom,12549,4
word,Leading,12550,9
word,looms,12551,6
word,pleading,12552,2
word,reversing,12553,3
word,disk-drive,12554,5
word,seesaw,12555,3
word,strategist,12556,18
word,sharpest,12557,4
word,pave,12558,2
word,tapped,12559,6
word,pinpoint,12560,5
word,trough,12561,7
word,triggering,12562,5
word,drill,12563,9
word,arrives,12564,5
word,7\/32,12565,6
word,Short-term,12566,8
word,bond-equivalent,12567,3
word,floating,12568,10
word,Offered,12569,2
word,Carmichael,12570,2
word,contemplated,12571,5
word,stricter,12572,3
word,Underwriters,12573,4
word,18\/32,12574,2
word,oversold,12575,4
word,lists,12576,24
word,calendar,12577,8
word,tunnel,12578,3
word,municipals,12579,9
word,overwhelm,12580,3
word,tax-exempt,12581,15
word,reoffered,12582,6
word,Schlesinger,12583,4
word,interpreted,12584,13
word,awaited,12585,5
word,21\/32,12586,3
word,Schuster,12587,3
word,Prentice,12588,5
word,Hall,12589,26
word,electronically,12590,4
word,delivers,12591,3
word,Corporation,12592,2
word,governing,12593,8
word,Standards,12594,3
word,FASB,12595,8
word,entities,12596,14
word,GASB,12597,6
word,depreciation,12598,12
word,for-profit,12599,3
word,Avery,12600,18
word,Uniroyal,12601,10
word,intends,12602,40
word,burdened,12603,3
word,Peltz,12604,4
word,Triangle,12605,3
word,Pechiney,12606,3
word,handsomely,12607,2
word,Clarcor,12608,4
word,inadequately,12609,2
word,one-half,12610,4
word,anti-monopoly,12611,3
word,Eight,12612,6
word,Newmark,12613,5
word,consumer-electronics,12614,4
word,discount-retailing,12615,2
word,volumes,12616,6
word,shelters,12617,9
word,gold-mining,12618,2
word,glance,12619,3
word,strange,12620,9
word,thrive,12621,4
word,havens,12622,2
word,breath,12623,5
word,firmer,12624,9
word,Sass,12625,2
word,aftershocks,12626,7
word,stomachs,12627,2
word,Beyond,12628,7
word,creeping,12629,6
word,fever,12630,7
word,cart,12631,5
word,rescue,12632,24
word,recessions,12633,7
word,PepsiCo,12634,6
word,cheap,12635,25
word,Granville,12636,2
word,flamboyant,12637,4
word,Anyone,12638,4
word,lows,12639,13
word,Stovall,12640,4
word,favorites,12641,4
word,Echo,12642,2
word,Mines,12643,5
word,emphasizes,12644,5
word,price-earnings,12645,5
word,ratios,12646,7
word,puny,12647,3
word,restricted,12648,20
word,hops,12649,3
word,Abby,12650,3
word,bunch,12651,6
word,likes,12652,14
word,Battle,12653,5
word,Mountain,12654,8
word,Gain,12655,2
word,Driving,12656,2
word,ozone,12657,17
word,negligible,12658,5
word,shortsighted,12659,2
word,birth,12660,8
word,solar,12661,7
word,radiation,12662,15
word,unacceptable,12663,4
word,doubtful,12664,5
word,toxic,12665,7
word,ploy,12666,3
word,mankind,12667,4
word,Rowland-Molina,12668,2
word,chlorofluorocarbons,12669,5
word,depletion,12670,6
word,earth,12671,9
word,Montreal,12672,17
word,Protocol,12673,3
word,Scotto,12674,3
word,UV-B,12675,6
word,fauna,12676,2
word,measurements,12677,9
word,Russians,12678,5
word,Max,12679,6
word,Planck,12680,2
word,unchanging,12681,2
word,validity,12682,2
word,hence,12683,6
word,Earth,12684,19
word,greeted,12685,5
word,derision,12686,3
word,discredited,12687,3
word,amazement,12688,4
word,credible,12689,9
word,ironically,12690,2
word,CFCs,12691,21
word,CFC,12692,3
word,Subsequently,12693,2
word,underground,12694,7
word,EPA,12695,13
word,intellectually,12696,2
word,honest,12697,6
word,stratospheric,12698,3
word,discovery,12699,12
word,Antarctica,12700,5
word,ground-based,12701,2
word,experiments,12702,29
word,concentrations,12703,4
word,Graedel,12704,2
word,Crutzen,12705,2
word,chemistry,12706,7
word,culprits,12707,3
word,quotes,12708,14
word,Teagan,12709,6
word,atmospheric,12710,6
word,expertise,12711,14
word,chemist,12712,3
word,insulting,12713,3
word,Fine,12714,5
word,Publisher,12715,2
word,Global,12716,7
word,MiniScribe,12717,16
word,Rifenburgh,12718,6
word,Longmont,12719,2
word,one-inch,12720,4
word,thinner,12721,3
word,80-megabyte,12722,2
word,announcements,12723,13
word,questioning,12724,8
word,wait-and-see,12725,3
word,delisting,12726,2
word,detailing,12727,7
word,outlines,12728,2
word,shipment,12729,4
word,defective,12730,10
word,auditors,12731,5
word,Coopers,12732,10
word,Lybrand,12733,4
word,flags,12734,5
word,restatement,12735,3
word,Guide,12736,3
word,Should,12737,7
word,overlooked,12738,2
word,flaws,12739,6
word,shortcomings,12740,5
word,fast-moving,12741,2
word,axiom,12742,2
word,Journalism,12743,3
word,operative,12744,2
word,definition,12745,15
word,intimate,12746,11
word,knowing,12747,9
word,gossip,12748,4
word,inclusion,12749,5
word,sexual,12750,5
word,vivid,12751,4
word,arouse,12752,2
word,underwriting,12753,13
word,underwrite,12754,10
word,challenged,12755,12
word,approvals,12756,9
word,separating,12757,3
word,Treasurys,12758,18
word,BT,12759,4
word,placements,12760,4
word,Bonnie,12761,3
word,Travel,12762,10
word,56-year-old,12763,2
word,Sinyard,12764,10
word,cycling,12765,4
word,bike,12766,10
word,Specialized,12767,14
word,Bicycle,12768,4
word,desks,12769,9
word,bikes,12770,11
word,bicycles,12771,2
word,mountain-bike,12772,8
word,entrepreneurial,12773,5
word,Schwinn,12774,2
word,Peugeot,12775,5
word,Nishiki,12776,2
word,biking,12777,2
word,balancing,12778,3
word,Eidsmo,12779,6
word,free-wheeling,12780,2
word,tighter,12781,9
word,painful,12782,11
word,Hoping,12783,2
word,emphasizing,12784,5
word,lined,12785,7
word,frame,12786,7
word,titanium,12787,4
word,frames,12788,2
word,revolutionary,12789,7
word,wheel,12790,3
word,Made,12791,5
word,space-age,12792,2
word,Competition,12793,6
word,intensifying,12794,4
word,invade,12795,3
word,Cycling,12796,2
word,monstrous,12797,2
word,coveted,12798,4
word,Nike,12799,2
word,Beaverton,12800,2
word,Trek,12801,4
word,one-quarter,12802,2
word,Burke,12803,6
word,Rancho,12804,2
word,Taiwanese,12805,5
word,niche,12806,10
word,Luxembourg,12807,3
word,internationalization,12808,3
word,distributors,12809,8
word,wholly,12810,6
word,middleman,12811,3
word,consolidating,12812,8
word,Pfeiffer,12813,11
word,manufactures,12814,5
word,data-storage,12815,2
word,mainframes,12816,25
word,minicomputers,12817,8
word,Riordan,12818,3
word,builder,12819,3
word,Franco,12820,9
word,Accumulation,12821,4
word,I.C.H.,12822,2
word,Hicks,12823,3
word,Denver-based,12824,4
word,virtual,12825,5
word,Satellite,12826,11
word,satellite-TV,12827,3
word,Simonds-Gooding,12828,4
word,consortium,12829,15
word,conceded,12830,18
word,unveiling,12831,4
word,channels,12832,8
word,installation,12833,6
word,Rupert,12834,6
word,Murdoch,12835,7
word,Shares,12836,8
word,thinnest,12837,2
word,second-consecutive,12838,2
word,Turnover,12839,4
word,outbreak,12840,2
word,registering,12841,2
word,sidelined,12842,2
word,Courtaulds,12843,13
word,textiles,12844,4
word,Daimler-Benz,12845,10
word,interviewer,12846,2
word,Daimler,12847,3
word,underlined,12848,2
word,gainer,12849,2
word,advancers,12850,4
word,foreign-currency,12851,5
word,streamed,12852,3
word,Store,12853,5
word,Construction,12854,9
word,nonferrous,12855,2
word,unstable,12856,4
word,crude-oil,12857,3
word,listless,12858,2
word,IG,12859,6
word,Metall,12860,6
word,tentative,12861,12
word,Horicon,12862,2
word,month-old,12863,2
word,extends,12864,4
word,capitalization,12865,9
word,valuing,12866,4
word,raiders,12867,7
word,Anglo-French,12868,3
word,divested,12869,2
word,logical,12870,6
word,enhance,12871,12
word,Kerry,12872,6
word,Packer,12873,2
word,Blake,12874,2
word,Zoete,12875,7
word,Wedd,12876,7
word,appropriately,12877,4
word,autonomy,12878,4
word,Chief,12879,19
word,Executive,12880,22
word,Sanwa,12881,4
word,affiliated,12882,9
word,Sin,12883,2
word,concurrent,12884,2
word,prevention,12885,5
word,Franklin,12886,19
word,vacated,12887,5
word,one-megabit,12888,2
word,Iron,12889,7
word,markedly,12890,3
word,busy,12891,24
word,burst,12892,8
word,Chandross,12893,4
word,Lloyds,12894,5
word,market-moving,12895,2
word,Sung,12896,6
word,Won,12897,3
word,Sohn,12898,3
word,Tomorrow,12899,7
word,chain-store,12900,3
word,tonight,12901,8
word,propped,12902,3
word,Comptroller,12903,6
word,hammered,12904,4
word,11\/32,12905,5
word,93-day,12906,2
word,hastily,12907,4
word,Rates,12908,9
word,narrows,12909,6
word,widens,12910,6
word,360-day,12911,3
word,365-day,12912,3
word,dated,12913,12
word,51-day,12914,4
word,Upper,12915,3
word,sinking,12916,7
word,new-issue,12917,8
word,Portfolio,12918,12
word,Kohlberg,12919,5
word,Kravis,12920,13
word,Roberts,12921,20
word,4\/32,12922,5
word,19\/32,12923,3
word,conduits,12924,4
word,Carolinas,12925,6
word,issuance,12926,13
word,PACs,12927,3
word,Beneficial,12928,4
word,home-equity,12929,8
word,MNC,12930,3
word,offshoot,12931,3
word,T-bond,12932,2
word,10\/32,12933,4
word,So-called,12934,4
word,KPMG,12935,3
word,Peat,12936,5
word,Marwick,12937,5
word,Adler,12938,4
word,Large,12939,8
word,Rymer,12940,2
word,Seasonal,12941,2
word,Dempsey,12942,4
word,beside,12943,3
word,Joshua,12944,4
word,Ivern,12945,2
word,Ball,12946,7
word,heighten,12947,3
word,foothold,12948,3
word,diagnostic,12949,7
word,Bologna,12950,6
word,know-how,12951,8
word,Godown,12952,2
word,Biotechnology,12953,3
word,piggybacking,12954,2
word,Mich,12955,7
word,pump,12956,10
word,technological,12957,9
word,detect,12958,5
word,quantify,12959,3
word,organisms,12960,2
word,deficiency,12961,4
word,courtesy,12962,2
word,half-dozen,12963,3
word,Would,12964,5
word,Shapovalov,12965,2
word,pitch,12966,14
word,bumpy,12967,2
word,decreasing,12968,3
word,fighter-plane,12969,2
word,weaknesses,12970,9
word,televisions,12971,4
word,recorders,12972,10
word,tractors,12973,3
word,food-processing,12974,3
word,theoretical,12975,5
word,journalist,12976,7
word,orbit,12977,3
word,hooked,12978,3
word,bets,12979,3
word,exhibitions,12980,3
word,Out,12981,7
word,experimentation,12982,3
word,artificial,12983,2
word,fraught,12984,2
word,complications,12985,3
word,stinging,12986,3
word,Toshiba,12987,16
word,hurdle,12988,6
word,post-World,12989,2
word,islands,12990,6
word,McChesney,12991,2
word,rife,12992,2
word,kickbacks,12993,3
word,junkets,12994,2
word,all-out,12995,4
word,wars,12996,15
word,breadth,12997,4
word,depth,12998,3
word,Bang,12999,3
word,non-Communist,13000,2
word,Clayton,13001,3
word,Yeutter,13002,4
word,Advisers,13003,7
word,chided,13004,2
word,Geffen,13005,2
word,pulse,13006,2
word,41-year-old,13007,2
word,'n',13008,4
word,credited,13009,8
word,bored,13010,2
word,Panelli,13011,3
word,rowing,13012,2
word,ate,13013,2
word,tuna,13014,3
word,sandwich,13015,4
word,poisoning,13016,2
word,grease,13017,3
word,horrible,13018,8
word,three-fourths,13019,3
word,Way,13020,11
word,Roper,13021,9
word,gear,13022,9
word,fitness,13023,9
word,swimming,13024,5
word,aerobics,13025,4
word,health-club,13026,2
word,memberships,13027,2
word,intentions,13028,10
word,Doyle,13029,6
word,garages,13030,2
word,Electronic,13031,11
word,gimmicks,13032,3
word,stationary,13033,2
word,rides,13034,3
word,desert,13035,14
word,Igdaloff,13036,2
word,roommate,13037,4
word,inconsistencies,13038,2
word,potatoes,13039,9
word,bound,13040,7
word,exaggerate,13041,3
word,Physical,13042,2
word,Fitness,13043,3
word,Sports,13044,16
word,applauds,13045,3
word,garden,13046,34
word,fudge,13047,2
word,vigorous,13048,11
word,aerobic,13049,2
word,skiing,13050,6
word,ebb,13051,2
word,fad,13052,3
word,serene,13053,3
word,wiped,13054,7
word,homemaker,13055,3
word,walks,13056,6
word,relaxing,13057,5
word,Leslie,13058,6
word,librarian,13059,2
word,attends,13060,2
word,Working,13061,3
word,Bryant,13062,11
word,macho,13063,2
word,girls,13064,5
word,yuppies,13065,4
word,skipping,13066,2
word,Quality,13067,3
word,Clubs,13068,3
word,bodies,13069,7
word,bowling,13070,9
word,endangered,13071,5
word,bowl,13072,5
word,bowls,13073,2
word,commissioned,13074,7
word,dowdy,13075,3
word,dissatisfaction,13076,2
word,cab,13077,2
word,leagues,13078,2
word,lanes,13079,2
word,thwarted,13080,5
word,Retailers,13081,3
word,Future,13082,2
word,Jos.,13083,2
word,Clothiers,13084,2
word,Owings,13085,2
word,Mills,13086,18
word,Md,13087,8
word,gon,13088,5
word,na,13089,5
word,ghosts,13090,7
word,Monroe,13091,3
word,demons,13092,2
word,poltergeists,13093,2
word,haunts,13094,7
word,devils,13095,2
word,identifies,13096,2
word,haunted,13097,4
word,skeptics,13098,5
word,Busch,13099,2
word,musician,13100,3
word,Paranormal,13101,2
word,explanation,13102,18
word,pizza,13103,5
word,bed,13104,9
word,dreams,13105,7
word,ghostbusting,13106,4
word,horrors,13107,2
word,proliferating,13108,2
word,Hyman,13109,6
word,Magazine,13110,13
word,Buffalo,13111,4
word,chapters,13112,4
word,nod,13113,2
word,celebrating,13114,5
word,Halloween,13115,5
word,ghostbusters,13116,2
word,occasion,13117,4
word,ghost,13118,7
word,eyebrows,13119,3
word,arch,13120,2
word,bested,13121,3
word,aliens,13122,6
word,Skeptics,13123,4
word,Ghostbusters,13124,3
word,Cadillac,13125,5
word,suits,13126,37
word,jacket,13127,5
word,forays,13128,2
word,haunting,13129,4
word,rat,13130,3
word,demon,13131,5
word,Ky,13132,4
word,Stinnett,13133,4
word,Lexington,13134,11
word,phoned,13135,2
word,happenings,13136,2
word,vacuum,13137,6
word,flew,13138,8
word,slammed,13139,4
word,inexplicably,13140,3
word,footsteps,13141,2
word,kitchen,13142,6
word,laundry,13143,3
word,upstairs,13144,4
word,hears,13145,4
word,pokes,13146,2
word,dog,13147,10
word,tangle,13148,2
word,cord,13149,2
word,receiver,13150,5
word,stubborn,13151,2
word,bones,13152,3
word,sprinkle,13153,2
word,investigated,13154,5
word,cats,13155,3
word,bouncing,13156,5
word,plausible,13157,5
word,Omni,13158,6
word,debunk,13159,2
word,burial,13160,2
word,shrink,13161,8
word,disproportionately,13162,2
word,shrinkage,13163,5
word,illusion,13164,5
word,nevertheless,13165,5
word,Trabold,13166,2
word,exorcism,13167,2
word,unruly,13168,3
word,therapeutic,13169,2
word,wrestle,13170,2
word,Litchfield,13171,2
word,McKenna,13172,2
word,clergyman,13173,2
word,crew,13174,8
word,demonic,13175,2
word,dwarf,13176,4
word,anonymity,13177,4
word,shadow,13178,12
word,tenacious,13179,2
word,praying,13180,2
word,swaying,13181,3
word,writhing,13182,2
word,attacked,13183,10
word,holy,13184,2
word,smiling,13185,3
word,burns,13186,5
word,contemplate,13187,3
word,packs,13188,3
word,Music,13189,3
word,ASCAP,13190,2
word,Reserved,13191,2
word,survivors,13192,3
word,"39,000",13193,6
word,"17,000",13194,5
word,Interstate\/Johnson,13195,2
word,Sons,13196,20
word,aplenty,13197,2
word,foresee,13198,3
word,Ken,13199,6
word,crane,13200,2
word,temblor,13201,10
word,nonessential,13202,2
word,rains,13203,2
word,freeing,13204,4
word,balances,13205,2
word,retiree,13206,2
word,Higgins,13207,2
word,Buck,13208,3
word,Consultants,13209,5
word,CORPORATE,13210,3
word,Outplacement,13211,2
word,Executives,13212,10
word,physicians,13213,6
word,NO,13214,3
word,YOU,13215,5
word,lets,13216,4
word,Towers,13217,2
word,Perrin,13218,2
word,Fast-food,13219,2
word,Tufts,13220,2
word,Carnegie,13221,3
word,opting,13222,3
word,grades,13223,7
word,Slowing,13224,2
word,Student,13225,5
word,M.B.A.,13226,2
word,CHECKOFF,13227,2
word,ambition,13228,2
word,hires,13229,5
word,graduate,13230,5
word,ski,13231,17
word,Wis,13232,4
word,wrapped,13233,5
word,vengeance,13234,2
word,populous,13235,2
word,indebted,13236,3
word,elect,13237,3
word,debates,13238,7
word,whoever,13239,2
word,uncertain,13240,20
word,watered-down,13241,3
word,Whoever,13242,2
word,Collor,13243,3
word,grab,13244,7
word,commanding,13245,5
word,runoff,13246,2
word,Socialist,13247,11
word,Brizola,13248,2
word,Rio,13249,4
word,da,13250,3
word,Silva,13251,2
word,conservatives,13252,10
word,Salim,13253,2
word,ills,13254,2
word,Jose,13255,14
word,Sarney,13256,2
word,electoral,13257,9
word,critically,13258,2
word,hyperinflation,13259,4
word,debtor,13260,2
word,brink,13261,4
word,stagnation,13262,2
word,populist,13263,3
word,platform,13264,11
word,endured,13265,4
word,hedge,13266,13
word,inefficient,13267,8
word,uncommon,13268,7
word,dial,13269,5
word,interrupted,13270,4
word,finishing,13271,10
word,dialing,13272,4
word,austerity,13273,5
word,reforming,13274,4
word,freeze,13275,7
word,devaluation,13276,9
word,renegotiate,13277,2
word,shield,13278,9
word,subsidizing,13279,4
word,staple,13280,2
word,closest,13281,3
word,inflammatory,13282,3
word,pragmatic,13283,4
word,vowing,13284,2
word,IS,13285,3
word,runaway,13286,6
word,brawl,13287,4
word,Humana,13288,13
word,not-for-profit,13289,2
word,brethren,13290,3
word,certificate-of-need,13291,2
word,prevented,13292,11
word,promotes,13293,3
word,monopolies,13294,6
word,Legislature,13295,3
word,"3,000",13296,20
word,lithotripter,13297,2
word,smashing,13298,2
word,jacking,13299,2
word,"8,000",13300,11
word,"4,900",13301,2
word,new-generation,13302,2
word,wrinkle,13303,3
word,solo,13304,5
word,physician,13305,9
word,Merritt,13306,2
word,Hawkins,13307,2
word,recruiter,13308,2
word,graduates,13309,4
word,Trim,13310,2
word,WHEN,13311,4
word,Catherine,13312,2
word,Bobar,13313,2
word,infection,13314,5
word,Grieco,13315,2
word,saves,13316,3
word,nurses,13317,3
word,bypass,13318,2
word,nurse,13319,3
word,sponsoring,13320,3
word,Nashville,13321,4
word,Knight-Ridder,13322,7
word,Press,13323,20
word,Gannett,13324,3
word,publicist,13325,5
word,McMaster,13326,4
word,antibiotic,13327,2
word,medicines,13328,2
word,NRM,13329,12
word,restrict,13330,17
word,distributions,13331,5
word,cumulative,13332,19
word,Edisto,13333,9
word,Sherwin-Williams,13334,3
word,Whittaker,13335,3
word,coating,13336,2
word,Cleveland-based,13337,2
word,paints,13338,3
word,Angeles-based,13339,16
word,USG,13340,2
word,building-materials,13341,2
word,damped,13342,2
word,jittery,13343,3
word,tumult,13344,2
word,Jenks,13345,2
word,Bloch,13346,3
word,consciousness,13347,3
word,reinvested,13348,5
word,outflows,13349,8
word,withdrawals,13350,12
word,excluding,13351,19
word,Dreyer,13352,3
word,Hines,13353,5
word,maintains,13354,12
word,three-day,13355,2
word,13th,13356,11
word,buffer,13357,4
word,continuation,13358,3
word,wondering,13359,9
word,decentralized,13360,2
word,minorities,13361,10
word,abundant,13362,6
word,hints,13363,4
word,Quayle,13364,9
word,voiced,13365,6
word,sentiments,13366,2
word,emphasize,13367,3
word,pouring,13368,11
word,GATT,13369,7
word,soap,13370,5
word,contradictory,13371,2
word,castigating,13372,3
word,shouts,13373,2
word,Cold,13374,4
word,timidity,13375,5
word,trotted,13376,2
word,reply,13377,4
word,ailment,13378,3
word,writes,13379,14
word,unidentified,13380,6
word,misinterpreted,13381,3
word,preoccupation,13382,3
word,leaks,13383,5
word,Cheney,13384,8
word,euphoria,13385,4
word,misinterpret,13386,2
word,Surely,13387,5
word,Jordan,13388,9
word,Regional,13389,3
word,Ryder,13390,7
word,"151,000",13391,3
word,"162,000",13392,2
word,gunmen,13393,2
word,killers,13394,3
word,grisly,13395,3
word,Thurmond,13396,9
word,S.C,13397,5
word,cruel,13398,4
word,murders,13399,4
word,capital-punishment,13400,4
word,symbolism,13401,2
word,death-penalty,13402,5
word,full-blown,13403,2
word,racial,13404,19
word,inequality,13405,2
word,swept,13406,4
word,juries,13407,5
word,aggravating,13408,2
word,mitigating,13409,2
word,occurring,13410,5
word,drug-related,13411,8
word,administered,13412,3
word,statutes,13413,4
word,assassination,13414,12
word,espionage,13415,3
word,Amid,13416,5
word,sentences,13417,8
word,wreck,13418,4
word,Customs,13419,5
word,Orrin,13420,2
word,Boyd,13421,14
word,racist,13422,3
word,ironic,13423,6
word,racially,13424,2
word,statistical,13425,10
word,considerations,13426,9
word,accuracy,13427,5
word,relevant,13428,10
word,eagerly,13429,3
word,Burr,13430,3
word,severely,13431,10
word,convictions,13432,6
word,imbalance,13433,4
word,repeat,13434,7
word,torture,13435,2
word,Hartnett,13436,2
word,Chancery,13437,8
word,realistic,13438,7
word,periodicals,13439,2
word,Lone,13440,21
word,Star,13441,34
word,entries,13442,4
word,exclusivity,13443,6
word,long-delayed,13444,2
word,adjusters,13445,16
word,settling,13446,14
word,robes,13447,2
word,epicenter,13448,10
word,shook,13449,7
word,rocked,13450,6
word,Quick,13451,3
word,NOW,13452,4
word,shaking,13453,9
word,cooler,13454,2
word,toppled,13455,4
word,carpeting,13456,4
word,plaster,13457,4
word,evacuation,13458,6
word,leaked,13459,3
word,contaminated,13460,4
word,wrap,13461,3
word,V.,13462,10
word,bolted,13463,2
word,proceeding,13464,13
word,Kaufman,13465,4
word,Fireman,13466,19
word,rattled,13467,4
word,Morristown,13468,4
word,Foxmoor,13469,2
word,wigs,13470,2
word,horses,13471,8
word,Talk,13472,4
word,Best,13473,3
word,discourages,13474,2
word,malpractice,13475,3
word,Elaborating,13476,2
word,caring,13477,2
word,Risk,13478,3
word,Iacocca,13479,3
word,Automotive,13480,7
word,LeBaron,13481,2
word,Daytona,13482,2
word,Jeep,13483,7
word,full-sized,13484,4
word,preview,13485,2
word,Lutz,13486,2
word,realign,13487,2
word,struggles,13488,5
word,intensified,13489,3
word,Japanese-managed,13490,2
word,translate,13491,7
word,payroll,13492,13
word,Revco,13493,19
word,drugstore,13494,3
word,bankruptcy-court,13495,5
word,bondholders,13496,18
word,Schulte,13497,4
word,Acadia,13498,6
word,Fort,13499,14
word,Worth,13500,13
word,woes,13501,8
word,Stein,13502,19
word,demographics,13503,2
word,pharmacies,13504,2
word,Sells,13505,12
word,satisfies,13506,3
word,Copper,13507,7
word,individually,13508,2
word,buoying,13509,2
word,Highland,13510,8
word,Cananea,13511,7
word,Mint,13512,3
word,depressant,13513,2
word,mint,13514,5
word,respective,13515,6
word,computer-guided,13516,8
word,Papua,13517,2
word,Demler,13518,7
word,"110,000",13519,2
word,walkouts,13520,2
word,smaller-than-expected,13521,2
word,"44,000",13522,2
word,"54,000",13523,4
word,"125,000",13524,2
word,soybean,13525,7
word,prop,13526,5
word,Colombia,13527,12
word,Costa,13528,41
word,Rica,13529,25
word,Colombian,13530,11
word,cooperatives,13531,11
word,inevitably,13532,8
word,liberalization,13533,3
word,societies,13534,3
word,inexorably,13535,2
word,readiness,13536,2
word,embark,13537,2
word,accumulation,13538,3
word,Politburo,13539,12
word,reshuffle,13540,2
word,demonstrated,13541,7
word,uphill,13542,4
word,conform,13543,8
word,self-employed,13544,5
word,soviets,13545,2
word,exercising,13546,6
word,dressmaking,13547,2
word,perfume,13548,5
word,candles,13549,2
word,addicts,13550,3
word,resolutions,13551,6
word,revealing,13552,5
word,wishes,13553,6
word,bent,13554,3
word,solve,13555,16
word,insufficient,13556,7
word,Deputies,13557,2
word,conceptual,13558,6
word,resemblance,13559,4
word,tenets,13560,2
word,emergence,13561,4
word,corporatism,13562,3
word,Reform,13563,12
word,feckless,13564,2
word,nationalistic,13565,3
word,puzzle,13566,4
word,feats,13567,2
word,realism,13568,4
word,fascist,13569,2
word,envisaged,13570,2
word,organic,13571,4
word,unification,13572,3
word,undertake,13573,3
word,decision-making,13574,3
word,blueprint,13575,7
word,Mussolini,13576,3
word,clear-cut,13577,4
word,undertaken,13578,9
word,independently,13579,2
word,associations,13580,9
word,corporatist,13581,3
word,mold,13582,5
word,dependent,13583,6
word,suffers,13584,3
word,myths,13585,2
word,multiparty,13586,2
word,construct,13587,5
word,heir,13588,5
word,rein,13589,7
word,re-establish,13590,2
word,Contrary,13591,3
word,Soviet-style,13592,3
word,contracting,13593,7
word,public-works,13594,2
word,Through,13595,12
word,unadjusted,13596,2
word,Newly,13597,2
word,multifamily,13598,2
word,non-residential,13599,2
word,across-the-board,13600,6
word,Monthly,13601,2
word,Euromarket,13602,2
word,single-A-1,13603,8
word,junior,13604,4
word,profile,13605,11
word,Quotron,13606,16
word,Independent,13607,16
word,subcontract,13608,2
word,refurbishment,13609,2
word,Automated,13610,5
word,Processing,13611,2
word,Athletics,13612,4
word,four-game,13613,7
word,sweep,13614,8
word,widen,13615,8
word,ABC,13616,41
word,incur,13617,6
word,disrupted,13618,6
word,lowest-rated,13619,2
word,broadcast,13620,21
word,A's,13621,2
word,home-run,13622,2
word,Cities\/ABC,13623,5
word,Had,13624,6
word,30-second,13625,3
word,playoffs,13626,3
word,Pilson,13627,30
word,pitted,13628,3
word,Dodgers,13629,4
word,lukewarm,13630,3
word,decreased,13631,6
word,Bargain,13632,2
word,hunters,13633,4
word,weeklong,13634,5
word,streak,13635,4
word,dwindled,13636,3
word,towel,13637,5
word,swear,13638,2
word,waned,13639,2
word,gainers,13640,10
word,crept,13641,2
word,resignations,13642,11
word,Kawasaki-Rikuso,13643,2
word,Long-Term,13644,2
word,powerhouses,13645,2
word,rows,13646,4
word,Dickens,13647,3
word,personal-computer,13648,3
word,Combined,13649,6
word,concluding,13650,5
word,Productivity,13651,2
word,rattle,13652,2
word,poised,13653,5
word,hopelessly,13654,2
word,Lotus,13655,18
word,introductions,13656,2
word,Machinery,13657,2
word,racks,13658,2
word,bureaucrats,13659,10
word,sits,13660,4
word,efficiently,13661,6
word,commonly,13662,6
word,plug,13663,7
word,communicate,13664,3
word,presentations,13665,5
word,fax,13666,5
word,chart,13667,11
word,setup,13668,5
word,spreadsheets,13669,2
word,disappeared,13670,5
word,McKinsey,13671,3
word,rooms,13672,39
word,erred,13673,2
word,Various,13674,2
word,suppressed,13675,3
word,keyboard,13676,4
word,allergy,13677,2
word,tables,13678,13
word,contact,13679,10
word,Top,13680,4
word,printer,13681,10
word,depict,13682,4
word,symbols,13683,2
word,unavailable,13684,10
word,near-monopoly,13685,4
word,Dozens,13686,3
word,listen,13687,14
word,proprietary,13688,4
word,incompatible,13689,2
word,upstart,13690,3
word,Software,13691,7
word,practically,13692,6
word,explicit,13693,5
word,one-tenth,13694,3
word,clerical,13695,3
word,Omron,13696,2
word,Kyoto,13697,2
word,supervise,13698,2
word,subordinates,13699,6
word,clones,13700,2
word,laptop,13701,12
word,bash,13702,2
word,Dome,13703,2
word,FM,13704,7
word,singing,13705,2
word,umbrella,13706,2
word,coherent,13707,2
word,Compaq,13708,33
word,specifications,13709,6
word,iron,13710,12
word,blame,13711,31
word,kanji,13712,3
word,top-management,13713,2
word,compatibility,13714,2
word,RU-486,13715,15
word,kills,13716,4
word,unborn,13717,4
word,prostaglandin,13718,2
word,surgical,13719,6
word,Abortion,13720,8
word,time-consuming,13721,4
word,Swedish,13722,16
word,transfusion,13723,3
word,menstrual,13724,2
word,bleeding,13725,5
word,Nausea,13726,2
word,vomiting,13727,2
word,essence,13728,5
word,misses,13729,5
word,pregnancy,13730,14
word,Reproductive,13731,5
word,mortality,13732,4
word,researched,13733,2
word,fertility,13734,2
word,Lancet,13735,2
word,duplicated,13736,2
word,three-dimensional,13737,3
word,vaginal,13738,2
word,undergo,13739,2
word,steering,13740,4
word,bother,13741,9
word,forbids,13742,3
word,contraceptive,13743,5
word,contraceptives,13744,2
word,Hoechst,13745,11
word,prediction,13746,4
word,legally,13747,6
word,feminist,13748,4
word,Mother,13749,2
word,ignorance,13750,5
word,clinics,13751,3
word,Wrong,13752,2
word,supervision,13753,5
word,slips,13754,2
word,clinic,13755,7
word,screening,13756,4
word,aborted,13757,4
word,Furthermore,13758,7
word,pelvic,13759,2
word,expose,13760,4
word,embryo,13761,9
word,feminists,13762,2
word,disastrous,13763,3
word,cheers,13764,3
word,Dalkon,13765,6
word,Shield,13766,6
word,birth-control,13767,2
word,Spectator,13768,2
word,juggling,13769,3
word,vastly,13770,4
word,recording,13771,13
word,understated,13772,4
word,service-sector,13773,3
word,balance-of-payments,13774,3
word,surveys,13775,12
word,gathered,13776,9
word,rendered,13777,3
word,materially,13778,4
word,imagined,13779,3
word,Freeman,13780,6
word,talent,13781,13
word,tab,13782,5
word,reimburse,13783,5
word,Lazard,13784,7
word,Freres,13785,4
word,Weiss,13786,6
word,Rifkind,13787,3
word,Wharton,13788,4
word,accepts,13789,5
word,orderly,13790,5
word,forming,13791,5
word,pullbacks,13792,3
word,pullback,13793,5
word,abrupt,13794,8
word,about-face,13795,3
word,Carpenter,13796,21
word,GE,13797,49
word,Welch,13798,7
word,stand-alone,13799,3
word,Absolutely,13800,2
word,post-crash,13801,6
word,layoffs,13802,8
word,Greenberg,13803,8
word,crazy,13804,9
word,break-even,13805,5
word,Pressure,13806,3
word,catalyst,13807,9
word,Kemper,13808,21
word,USAA,13809,4
word,Roth,13810,8
word,mindless,13811,4
word,supporting,13812,19
word,Shakespeare,13813,7
word,ourselves,13814,12
word,Newman,13815,4
word,Greek,13816,3
word,kylix,13817,4
word,burglary,13818,5
word,curator,13819,3
word,Art,13820,17
word,antiquities,13821,3
word,Attic,13822,2
word,Alert,13823,2
word,IFAR,13824,5
word,Reports,13825,8
word,Chubb,13826,4
word,Son,13827,4
word,happily,13828,4
word,Brook,13829,2
word,strips,13830,7
word,Chester,13831,2
word,Gould,13832,15
word,cartoons,13833,2
word,Hal,13834,2
word,Disney,13835,18
word,animation,13836,3
word,27-year-old,13837,2
word,Sherman,13838,5
word,Krisher,13839,3
word,cartoon,13840,2
word,sentenced,13841,12
word,restitution,13842,3
word,Authorities,13843,5
word,Heathrow,13844,2
word,disappearance,13845,6
word,Gauguin,13846,3
word,Woman,13847,2
word,sketches,13848,4
word,en,13849,6
word,crates,13850,2
word,customs,13851,7
word,warehouse,13852,2
word,crooked,13853,2
word,baggage,13854,2
word,handlers,13855,4
word,transit,13856,2
word,Months,13857,3
word,dropouts,13858,2
word,Eve,13859,2
word,treasures,13860,2
word,Perches,13861,2
word,Trevino,13862,2
word,Ramon,13863,2
word,Garcia,13864,18
word,closet,13865,3
word,cocaine,13866,5
word,bulletins,13867,2
word,Republic,13868,12
word,Leipzig,13869,5
word,Cemetery,13870,4
word,Snow,13871,2
word,painter,13872,2
word,Caspar,13873,2
word,felons,13874,2
word,upholstery,13875,2
word,fooling,13876,2
word,Haberle,13877,2
word,antique,13878,2
word,Woodbridge,13879,4
word,ribbons,13880,3
word,tacked,13881,5
word,tucked,13882,3
word,envelopes,13883,2
word,crumpled,13884,3
word,belonged,13885,2
word,aunt,13886,2
word,Canaan,13887,5
word,taped,13888,10
word,conversation,13889,13
word,paintings,13890,7
word,1990-model,13891,3
word,windshield,13892,3
word,adhesive,13893,3
word,Tracers,13894,2
word,323s,13895,2
word,filler,13896,3
word,Escort,13897,3
word,windshields,13898,2
word,Dearborn,13899,6
word,securely,13900,2
word,ventilation,13901,3
word,deteriorate,13902,3
word,noise,13903,7
word,inspect,13904,4
word,warranty,13905,2
word,abnormal,13906,4
word,Pension,13907,9
word,Benefit,13908,6
word,Guaranty,13909,5
word,reassume,13910,4
word,shortfall,13911,4
word,insures,13912,4
word,bailouts,13913,3
word,assumes,13914,13
word,Browns,13915,2
word,donating,13916,5
word,Emergency,13917,8
word,Relief,13918,2
word,messages,13919,9
word,flashed,13920,2
word,donations,13921,24
word,Call,13922,10
word,hat,13923,9
word,backfire,13924,4
word,rank,13925,9
word,Burger,13926,11
word,touching,13927,2
word,footage,13928,3
word,devastation,13929,7
word,Charleston,13930,9
word,Night,13931,10
word,Football,13932,11
word,instant,13933,8
word,dip,13934,3
word,woo,13935,7
word,opportunistic,13936,3
word,sharks,13937,2
word,pushy,13938,2
word,charity,13939,19
word,quake-related,13940,2
word,tasteless,13941,3
word,chasing,13942,5
word,chasers,13943,2
word,Barry,13944,13
word,Gibbons,13945,2
word,donate,13946,4
word,BK,13947,2
word,Doubles,13948,2
word,hamburger,13949,3
word,earmarked,13950,9
word,franchisees,13951,18
word,basing,13952,2
word,public-service,13953,2
word,sponsored,13954,9
word,coattails,13955,2
word,amassed,13956,4
word,Cedar,13957,2
word,Portland,13958,3
word,N,13959,5
word,W,13960,3
word,Ayer,13961,3
word,non-alcoholic,13962,2
word,Sharp,13963,7
word,Laughlin,13964,4
word,RADIO,13965,2
word,AM,13966,9
word,dose,13967,4
word,refusing,13968,8
word,product-related,13969,2
word,Rheingold,13970,2
word,Rexall,13971,2
word,E.R.,13972,2
word,Squibb,13973,14
word,FDA,13974,22
word,Lawsuits,13975,2
word,doses,13976,2
word,inability,13977,7
word,limitations,13978,10
word,Contractors,13979,2
word,award,13980,22
word,dangers,13981,5
word,rejecting,13982,6
word,stamp,13983,3
word,substantive,13984,3
word,appealed,13985,13
word,submarine,13986,5
word,affirmed,13987,3
word,Lavery,13988,2
word,Nestle,13989,18
word,infant,13990,5
word,juice,13991,4
word,Agent,13992,3
word,Forest,13993,12
word,herbicides,13994,2
word,Felipe,13995,4
word,conclusion,13996,15
word,topple,13997,5
word,mandate,13998,7
word,high-water,13999,2
word,far-left,14000,2
word,rejuvenation,14001,2
word,joblessness,14002,2
word,highways,14003,11
word,disgraceful,14004,2
word,elitists,14005,2
word,reaffirming,14006,2
word,supply-side,14007,5
word,endorsing,14008,4
word,starved,14009,2
word,foes,14010,6
word,terrible,14011,9
word,blunder,14012,2
word,faction,14013,2
word,lest,14014,2
word,bandages,14015,2
word,justifies,14016,6
word,weekly-average,14017,2
word,Discounted,14018,2
word,c,14019,8
word,Cetus,14020,4
word,Proleukin,14021,2
word,wire,14022,15
word,traffickers,14023,4
word,laundering,14024,6
word,identifying,14025,6
word,recipients,14026,5
word,loophole,14027,4
word,exploiting,14028,2
word,60-day,14029,2
word,telex,14030,2
word,facsimile,14031,8
word,burdensome,14032,3
word,TPA,14033,6
word,streptokinase,14034,2
word,G.m.b.H.,14035,3
word,hardest,14036,9
word,non-financial,14037,5
word,loss-making,14038,2
word,Ralph,14039,19
word,awaiting,14040,8
word,plummeting,14041,4
word,customary,14042,4
word,Pizza,14043,3
word,closings,14044,6
word,Casualty,14045,12
word,Abraham,14046,3
word,shakeup,14047,3
word,uncover,14048,3
word,unleash,14049,2
word,discoveries,14050,3
word,Vogelstein,14051,8
word,pivotal,14052,3
word,colon,14053,8
word,molecular,14054,5
word,deadly,14055,6
word,anti-cancer,14056,2
word,oncogenes,14057,2
word,cancerous,14058,3
word,tumor-suppressor,14059,6
word,suppressor,14060,5
word,prone,14061,5
word,Emerging,14062,2
word,predictive,14063,2
word,Quinlan,14064,5
word,retinoblastoma,14065,7
word,births,14066,3
word,reliably,14067,2
word,Equally,14068,3
word,Dryja,14069,2
word,tragic,14070,2
word,Broder,14071,2
word,p53,14072,11
word,breast,14073,4
word,lethal,14074,2
word,collectively,14075,2
word,inherit,14076,2
word,haunt,14077,3
word,Knudson,14078,5
word,theorized,14079,2
word,microscope,14080,3
word,chromosomes,14081,2
word,chromosome,14082,12
word,Cavenee,14083,2
word,analyzing,14084,5
word,extracted,14085,3
word,tumors,14086,2
word,riveted,14087,2
word,eruption,14088,2
word,Fox,14089,24
word,audacious,14090,2
word,experiment,14091,23
word,childhood,14092,5
word,preceded,14093,2
word,polyps,14094,5
word,identifiable,14095,2
word,cascade,14096,2
word,doctoral,14097,2
word,probing,14098,4
word,confusing,14099,10
word,deleted,14100,3
word,malignancy,14101,2
word,biologists,14102,2
word,confirming,14103,4
word,Hughes,14104,16
word,Levine,14105,16
word,mice,14106,5
word,whereas,14107,2
word,obscure,14108,5
word,Weinberg,14109,2
word,implicated,14110,3
word,Minna,14111,3
word,labs,14112,5
word,rushing,14113,10
word,isolate,14114,2
word,Bristol-Myers,14115,12
word,Roche,14116,3
word,collaborating,14117,2
word,witnessing,14118,5
word,switching,14119,7
word,Known,14120,2
word,Easy,14121,7
word,Eggs,14122,5
word,accuse,14123,6
word,shell,14124,8
word,liquefied,14125,3
word,hype,14126,3
word,Gaylord,14127,3
word,Marriott,14128,4
word,short-sellers,14129,2
word,Carver,14130,3
word,Dain,14131,2
word,Bosworth,14132,2
word,replied,14133,9
word,Analyst,14134,3
word,sanitation,14135,3
word,Prospective,14136,2
word,Papetti,14137,2
word,Ready,14138,3
word,divert,14139,3
word,Peladeau,14140,12
word,little-known,14141,3
word,Quebecor,14142,25
word,Graphics,14143,17
word,R.R.,14144,2
word,Donnelley,14145,5
word,supplement,14146,5
word,Illustrated,14147,4
word,Quebec,14148,13
word,doorstep,14149,5
word,porch,14150,2
word,Jacques,14151,3
word,Thomson,14152,28
word,distributing,14153,3
word,circulars,14154,2
word,lags,14155,2
word,Presse,14156,3
word,apologies,14157,2
word,brash,14158,2
word,Balzac,14159,3
word,Z,14160,10
word,Manitoba,14161,6
word,unnamed,14162,3
word,coast,14163,17
word,Depot,14164,3
word,et,14165,3
word,Placement,14166,2
word,BCE,14167,2
word,reshuffling,14168,2
word,Official,14169,4
word,Guides,14170,3
word,G.D.,14171,2
word,Searle,14172,8
word,Kerlone,14173,2
word,hypertension,14174,2
word,L'Oreal,14175,3
word,age-bias,14176,2
word,Isaac,14177,5
word,Rubin,14178,8
word,unlawful,14179,6
word,hurts,14180,3
word,competence,14181,4
word,reappointed,14182,2
word,Aaron,14183,2
word,Forces,14184,2
word,dissolve,14185,4
word,organized-crime,14186,5
word,autonomous,14187,3
word,strike-force,14188,3
word,disband,14189,2
word,law-enforcement,14190,5
word,drug-interdiction,14191,2
word,Opponents,14192,2
word,dissolved,14193,3
word,Brevetti,14194,2
word,Singer,14195,6
word,reinstate,14196,3
word,omnibus,14197,5
word,senator,14198,5
word,vigorously,14199,6
word,recruits,14200,4
word,disbanding,14201,3
word,Golenbock,14202,4
word,Whitman,14203,2
word,Ransom,14204,2
word,SHORT,14205,2
word,Shelly,14206,3
word,Hancock,14207,7
word,skirt,14208,3
word,knees,14209,2
word,Blaine,14210,2
word,Kelly,14211,8
word,tops,14212,5
word,resumed,14213,10
word,falsely,14214,3
word,oral,14215,7
word,Gibson,14216,5
word,Crutcher,14217,2
word,terminate,14218,6
word,nonsense,14219,3
word,fulfilling,14220,3
word,impractical,14221,2
word,coach,14222,6
word,10-a-share,14223,4
word,Doug,14224,5
word,mediator,14225,8
word,airliners,14226,2
word,"55,000",14227,5
word,mighty,14228,5
word,deferred,14229,5
word,graveyard,14230,2
word,747-400,14231,2
word,verbal,14232,4
word,Shrontz,14233,3
word,B-2,14234,8
word,Stealth,14235,4
word,tactical,14236,6
word,fighter,14237,7
word,Suppliers,14238,2
word,subcontractors,14239,3
word,accords,14240,3
word,Sound,14241,4
word,Wichita,14242,4
word,Kan.,14243,5
word,helicopter,14244,11
word,hourly,14245,6
word,cost-of-living,14246,6
word,reiterated,14247,7
word,aluminum,14248,11
word,skins,14249,3
word,1\/2-year,14250,8
word,grounds,14251,16
word,borne,14252,2
word,Foothills,14253,12
word,Pipe,14254,4
word,transport,14255,19
word,Arctic,14256,6
word,Calgary-based,14257,6
word,Nova,14258,3
word,Alberta,14259,12
word,Westcoast,14260,2
word,Vancouver,14261,5
word,kick,14262,7
word,Mackenzie,14263,12
word,delta,14264,11
word,Hillary,14265,2
word,TransCanada,14266,12
word,PipeLines,14267,4
word,Dutch\/Shell,14268,4
word,71%-owned,14269,2
word,Developments,14270,7
word,waved,14271,4
word,Tenneco,14272,5
word,updating,14273,5
word,west,14274,3
word,virgin,14275,2
word,nasty,14276,9
word,Maier,14277,5
word,go-ahead,14278,5
word,Jesperson,14279,2
word,Alaskan,14280,8
word,connecting,14281,5
word,builders,14282,10
word,Interprovincial,14283,2
word,Haskayne,14284,2
word,enforcing,14285,3
word,Reinvestment,14286,5
word,low-interest,14287,4
word,petitions,14288,3
word,lived,14289,14
word,counties,14290,7
word,bank-holding,14291,9
word,deferring,14292,5
word,moderate-income,14293,2
word,Currency,14294,6
word,Scottsdale,14295,3
word,complied,14296,3
word,finish,14297,9
word,implementing,14298,4
word,reselling,14299,3
word,whatsoever,14300,5
word,pledging,14301,2
word,Ernst,14302,5
word,Fiscal,14303,5
word,C,14304,9
word,2003-2005,14305,2
word,single-A-minus,14306,4
word,Remics,14307,2
word,Asset-Backed,14308,2
word,Certificates,14309,3
word,Rochester,14310,15
word,1989-A,14311,2
word,Grantor,14312,2
word,zero-coupon,14313,23
word,Hambros,14314,2
word,A$,14315,35
word,Westpac,14316,2
word,Export,14317,3
word,3\/16,14318,2
word,Allianz,14319,31
word,Munich-based,14320,2
word,tacit,14321,2
word,reinforced,14322,3
word,Dresdner,14323,9
word,Commerzbank,14324,5
word,Internationale,14325,2
word,des,14326,8
word,canceled,14327,24
word,privatize,14328,3
word,regrets,14329,6
word,Alternatively,14330,4
word,Noranda,14331,7
word,Carol,14332,11
word,Cable,14333,17
word,complement,14334,2
word,Fletcher,14335,5
word,Challenge,14336,5
word,Petrocorp,14337,2
word,Amoco,14338,20
word,Zealand-based,14339,2
word,forestry,14340,2
word,undeveloped,14341,6
word,monitors,14342,6
word,high-performance,14343,2
word,disks,14344,9
word,freely,14345,11
word,prepayments,14346,5
word,Bancroft,14347,6
word,Convertible,14348,7
word,contending,14349,4
word,Patterson,14350,9
word,Wendy,14351,6
word,three-member,14352,2
word,Bette,14353,2
word,Midler,14354,7
word,tout,14355,3
word,backup,14356,6
word,imitation,14357,2
word,distinctive,14358,6
word,imitated,14359,2
word,rethink,14360,2
word,songs,14361,4
word,spawned,14362,8
word,Bobby,14363,12
word,Darin,14364,2
word,parody,14365,4
word,Mack,14366,6
word,appeals-court,14367,2
word,Sinatra,14368,3
word,Boots,14369,2
word,cracked,14370,2
word,unnerving,14371,3
word,distinctions,14372,3
word,Kurnit,14373,2
word,chilling,14374,4
word,rendition,14375,3
word,Celtona,14376,2
word,B.V.,14377,5
word,Vitro,14378,5
word,Monterrey,14379,2
word,Anchor,14380,4
word,spate,14381,6
word,bargain-hunting,14382,2
word,teeth,14383,5
word,tailspin,14384,6
word,short-covering,14385,3
word,quell,14386,3
word,Margaret,14387,12
word,flagging,14388,2
word,rebuff,14389,2
word,EMS,14390,8
word,polling,14391,3
word,Comments,14392,4
word,doomsayers,14393,2
word,observe,14394,3
word,cross,14395,13
word,Monogram,14396,3
word,MasterCard,14397,3
word,Omaha,14398,6
word,EAST,14399,2
word,Egon,14400,6
word,legalization,14401,2
word,unrealistic,14402,5
word,Pushkin,14403,3
word,detained,14404,2
word,Police,14405,11
word,protesting,14406,4
word,Kosovo,14407,2
word,Jerusalem,14408,5
word,cliff,14409,2
word,stiffest,14410,2
word,Arab,14411,10
word,uprising,14412,5
word,Israeli-occupied,14413,2
word,territories,14414,3
word,resolving,14415,3
word,chemical-weapons,14416,2
word,gases,14417,4
word,"70,000",14418,9
word,anti-government,14419,5
word,renounce,14420,2
word,apartheid,14421,15
word,U.S.backed,14422,2
word,dock,14423,3
word,Pensacola,14424,2
word,crashed,14425,2
word,sailors,14426,3
word,torched,14427,2
word,desecration,14428,4
word,scaling,14429,2
word,feeble,14430,2
word,temblors,14431,3
word,Fluor,14432,8
word,"32,000",14433,3
word,Completion,14434,4
word,mid-1992,14435,2
word,"5,200",14436,2
word,NORTHERN,14437,2
word,prevail,14438,8
word,halting,14439,2
word,insurers,14440,50
word,swell,14441,6
word,Corr,14442,11
word,Telesis,14443,10
word,deductible,14444,8
word,Ginn,14445,3
word,prelude,14446,7
word,tie-up,14447,2
word,Sources,14448,6
word,tax-free,14449,12
word,splitting,14450,6
word,Colo,14451,4
word,breakup,14452,10
word,squeezing,14453,3
word,Interface,14454,2
word,Bixby,14455,2
word,cutback,14456,2
word,scrapping,14457,2
word,proficient,14458,2
word,Thomson-CSF,14459,3
word,reinforce,14460,8
word,dynamism,14461,2
word,state-sector,14462,2
word,solvency,14463,2
word,phased,14464,7
word,Settlements,14465,2
word,Bio-Technology,14466,2
word,tenders,14467,3
word,bureau,14468,30
word,Kyodo,14469,2
word,headquarter,14470,2
word,Specifically,14471,4
word,trans-Atlantic,14472,2
word,nonstop,14473,3
word,heritage,14474,2
word,solidify,14475,2
word,Karstadt,14476,2
word,department-store,14477,10
word,generates,14478,8
word,mail-order,14479,6
word,paper-products,14480,2
word,bombshell,14481,3
word,advertisement,14482,3
word,outperformed,14483,5
word,prompting,14484,10
word,comparatively,14485,3
word,Pulp,14486,3
word,dealer-manager,14487,2
word,Minuteman,14488,3
word,ballistic,14489,2
word,Honeywell,14490,8
word,Aircraft,14491,6
word,Raytheon,14492,2
word,Analog,14493,3
word,Devices,14494,7
word,editorial-page,14495,5
word,Walk,14496,2
word,Col.,14497,3
word,souls,14498,3
word,guilt,14499,4
word,i.e.,14500,2
word,Former,14501,9
word,Officer,14502,6
word,Gen.,14503,24
word,possesses,14504,2
word,wasteful,14505,3
word,Blum,14506,4
word,figuring,14507,6
word,Succeeding,14508,3
word,Foret,14509,3
word,15-year,14510,4
word,stunt,14511,2
word,tabs,14512,3
word,Bakes,14513,2
word,Plaskett,14514,2
word,McCall,14515,3
word,Pearce,14516,9
word,Simpson,14517,7
word,turbans,14518,2
word,afternoons,14519,2
word,lull,14520,3
word,Arabs,14521,4
word,quadrupling,14522,2
word,Sidhpur,14523,6
word,fame,14524,5
word,flea,14525,2
word,parlance,14526,2
word,psyllium,14527,30
word,cereals,14528,4
word,health-food,14529,2
word,Krishnamurthy,14530,3
word,climatic,14531,2
word,Patel,14532,5
word,fortune,14533,6
word,mustard,14534,2
word,fenugreek,14535,2
word,innocents,14536,2
word,clogged,14537,3
word,treacherous,14538,3
word,Psyllium,14539,3
word,herb,14540,2
word,centuries,14541,5
word,folk,14542,5
word,laxative,14543,2
word,soluble,14544,4
word,attests,14545,3
word,Delhi,14546,2
word,meaningfully,14547,2
word,eyebrow,14548,2
word,Bombay,14549,5
word,bladder,14550,2
word,hemorrhoids,14551,2
word,joints,14552,2
word,diminutive,14553,2
word,clips,14554,3
word,allusions,14555,2
word,husk,14556,2
word,ingredient,14557,2
word,Metamucil,14558,4
word,Ciba-Geigy,14559,12
word,Cincinnati-based,14560,2
word,P&G,14561,37
word,non-prescription,14562,2
word,bandwagon,14563,5
word,displayed,14564,7
word,Kellogg,14565,25
word,inundated,14566,4
word,trickle,14567,2
word,bumper,14568,2
word,marginal,14569,12
word,Jath,14570,2
word,26-year-old,14571,2
word,village,14572,7
word,ruined,14573,2
word,Chemicals,14574,4
word,Promotion,14575,2
word,induces,14576,3
word,middlemen,14577,4
word,glad,14578,5
word,fennel,14579,2
word,cumin,14580,2
word,castor-oil,14581,2
word,turban,14582,3
word,assent,14583,2
word,crest,14584,3
word,Kellwood,14585,2
word,Crowntuft,14586,3
word,lounge,14587,4
word,Gabriel,14588,3
word,employee-health,14589,2
word,reasonable,14590,26
word,Floor,14591,4
word,small-business,14592,14
word,Waxman,14593,6
word,overly,14594,6
word,Rosemary,14595,2
word,"35,000",14596,6
word,Small-business,14597,3
word,mild,14598,5
word,divorce,14599,4
word,overweight,14600,2
word,low-risk,14601,4
word,priorities,14602,10
word,prohibit,14603,8
word,mandated,14604,9
word,mental-health,14605,3
word,Carolyn,14606,3
word,NFIB,14607,3
word,Dorsch,14608,2
word,HIAA,14609,2
word,reinsurance,14610,32
word,complexities,14611,2
word,Belgian,14612,9
word,provisional,14613,8
word,Nashua,14614,17
word,poison-pill,14615,3
word,copiers,14616,2
word,Reiss,14617,3
word,Junius,14618,2
word,slumped,14619,10
word,outsider,14620,5
word,copier,14621,3
word,Nicastro,14622,2
word,divergent,14623,4
word,Brokerage,14624,4
word,proclaimed,14625,5
word,titled,14626,5
word,Despair,14627,2
word,W.I.,14628,2
word,Carr,14629,4
word,uneven,14630,3
word,unscathed,14631,4
word,hard-hit,14632,4
word,spotty,14633,4
word,regained,14634,6
word,importers,14635,3
word,paradox,14636,4
word,bedevil,14637,2
word,burgeoning,14638,3
word,post-1997,14639,2
word,Marxist,14640,7
word,dogma,14641,2
word,sovereignty,14642,7
word,arose,14643,6
word,emigration,14644,4
word,fruition,14645,2
word,upswing,14646,3
word,Mushkat,14647,5
word,uneasy,14648,5
word,constrain,14649,2
word,optimists,14650,2
word,hum,14651,2
word,pessimists,14652,2
word,depicted,14653,5
word,realists,14654,3
word,averaging,14655,7
word,shock,14656,14
word,unduly,14657,4
word,flavor,14658,7
word,Baring,14659,3
word,Going,14660,5
word,fallout,14661,6
word,updated,14662,5
word,waning,14663,2
word,Conversely,14664,2
word,govern,14665,8
word,impress,14666,4
word,refugees,14667,8
word,unending,14668,2
word,repression,14669,6
word,swayed,14670,2
word,prosperous,14671,4
word,projection,14672,9
word,poses,14673,3
word,Hang,14674,6
word,Seng,14675,7
word,roiling,14676,4
word,Bowing,14677,2
word,Consequently,14678,5
word,Cayne,14679,2
word,Cos,14680,4
word,exonerated,14681,2
word,Grauer,14682,2
word,Founders,14683,2
word,Asset,14684,14
word,Fisher,14685,9
word,artificially,14686,6
word,coordination,14687,3
word,stabilization,14688,2
word,Margin,14689,2
word,knocks,14690,3
word,defecting,14691,2
word,sensationalism,14692,2
word,Heat,14693,2
word,Althea,14694,3
word,filmed,14695,2
word,episode,14696,7
word,raped,14697,4
word,decent,14698,12
word,repercussions,14699,4
word,Obviously,14700,10
word,Settle,14701,4
word,Score,14702,4
word,9-11,14703,3
word,policewoman,14704,3
word,Ozarks,14705,2
word,Ben,14706,7
word,attitudes,14707,11
word,animosity,14708,2
word,small-town,14709,6
word,Sohmer,14710,8
word,PBS,14711,9
word,documentary,14712,4
word,ruminated,14713,2
word,graduation,14714,3
word,Jewish,14715,10
word,Protestants,14716,3
word,Southerners,14717,2
word,unflattering,14718,2
word,portraits,14719,3
word,gratuitously,14720,2
word,Kate,14721,12
word,benighted,14722,2
word,teen-ager,14723,2
word,thrust,14724,6
word,sack,14725,2
word,brutally,14726,3
word,cold-storage,14727,2
word,grace,14728,5
word,sin,14729,3
word,iceberg,14730,2
word,encounters,14731,2
word,puritanical,14732,2
word,viciously,14733,2
word,Add,14734,2
word,paranoid,14735,2
word,guessed,14736,3
word,Josh,14737,4
word,clumsy,14738,2
word,seething,14739,4
word,outset,14740,2
word,Planned,14741,3
word,Parenthood,14742,5
word,chapter,14743,6
word,guess,14744,13
word,hates,14745,2
word,Louise,14746,2
word,Amy,14747,2
word,caricatures,14748,2
word,aforementioned,14749,2
word,perverse,14750,3
word,lingers,14751,2
word,naked,14752,3
word,lighted,14753,2
word,Look,14754,5
word,stranded,14755,2
word,motel,14756,3
word,bra,14757,4
word,Crossland,14758,9
word,Recovery,14759,4
word,Enforcement,14760,6
word,write-down,14761,11
word,revise,14762,4
word,consequently,14763,4
word,Third-quarter,14764,20
word,originations,14765,4
word,single-B-minus,14766,2
word,CreditWatch,14767,2
word,envelope,14768,2
word,brown,14769,2
word,peer,14770,2
word,sitcom,14771,2
word,boardroom,14772,2
word,Topper,14773,2
word,Carew,14774,4
word,million-plus,14775,2
word,grapevine,14776,4
word,laggard,14777,2
word,afloat,14778,4
word,tactic,14779,3
word,moxie,14780,2
word,Calgary,14781,7
word,intensely,14782,4
word,transports,14783,2
word,Litvinchuk,14784,2
word,token,14785,3
word,input,14786,6
word,relocation,14787,8
word,shippers,14788,11
word,tolls,14789,2
word,Montreal-based,14790,2
word,standard-bearer,14791,2
word,Ivy,14792,6
word,League,14793,20
word,conditioned,14794,2
word,shoppers,14795,7
word,coats,14796,4
word,Departing,14797,2
word,coat,14798,2
word,photo,14799,6
word,knot,14800,3
word,loud,14801,4
word,paired,14802,3
word,time-honored,14803,4
word,traditions,14804,3
word,Roberti,14805,6
word,Lauren,14806,3
word,cashed,14807,2
word,Davidson,14808,2
word,old-line,14809,4
word,mystique,14810,3
word,Fashion,14811,5
word,observes,14812,6
word,broadening,14813,3
word,assortment,14814,5
word,shirt,14815,3
word,Paterson,14816,6
word,refurbishing,14817,4
word,intimidating,14818,2
word,menswear,14819,2
word,casual,14820,7
word,sportswear,14821,2
word,wool,14822,4
word,fabrics,14823,2
word,pants,14824,4
word,unused,14825,6
word,3-for-2,14826,3
word,abruptly,14827,7
word,MTM,14828,14
word,TVS,14829,14
word,Blues,14830,3
word,Gatward,14831,6
word,Denton,14832,2
word,broadcasters,14833,4
word,Tinker,14834,3
word,Connaught,14835,17
word,BioSciences,14836,2
word,vaccine,14837,10
word,Institut,14838,3
word,Merieux,14839,14
word,California-based,14840,3
word,Chiron,14841,8
word,bioresearch,14842,2
word,Conseco,14843,3
word,Centerior,14844,2
word,Suburban,14845,4
word,fruitless,14846,4
word,feud,14847,2
word,roadblocks,14848,3
word,Hundreds,14849,3
word,Bunker,14850,5
word,corner,14851,13
word,prodding,14852,4
word,Peru,14853,7
word,Hugh,14854,5
word,liar,14855,3
word,slime,14856,2
word,mineral,14857,6
word,Powell,14858,2
word,Goldstein,14859,2
word,non-binding,14860,2
word,Leucadia,14861,4
word,Brae,14862,3
word,tax-loss,14863,5
word,carry-forward,14864,4
word,Automatic,14865,4
word,expiration,14866,14
word,hoped-for,14867,2
word,casings,14868,2
word,Avondale,14869,6
word,Bristol,14870,3
word,pig,14871,5
word,herd,14872,3
word,gilts,14873,3
word,Sutton,14874,11
word,trademarks,14875,2
word,Hells,14876,5
word,Concord,14877,6
word,Horizons,14878,2
word,Nam,14879,4
word,gang,14880,5
word,depicts,14881,3
word,videocassettes,14882,2
word,Culver,14883,2
word,logos,14884,2
word,Ventura,14885,3
word,characteristic,14886,6
word,Gressette,14887,2
word,57-year-old,14888,4
word,Amex,14889,16
word,UFO,14890,7
word,landings,14891,2
word,Voronezh,14892,2
word,Timothy,14893,7
word,Secret,14894,5
word,Morrow,14895,2
word,bible,14896,2
word,alien,14897,5
word,devotes,14898,2
word,"12,000",14899,3
word,wardens,14900,2
word,hell,14901,5
word,Ground,14902,5
word,batteries,14903,5
word,shells,14904,5
word,destroying,14905,6
word,wondered,14906,2
word,shooting,14907,5
word,memorandum,14908,5
word,Staff,14909,8
word,"9,000",14910,5
word,Well,14911,17
word,Californians,14912,9
word,hardy,14913,3
word,sightings,14914,3
word,beings,14915,7
word,Armed,14916,4
word,UFOs,14917,2
word,dumb,14918,5
word,robot,14919,6
word,universe,14920,7
word,Russia,14921,7
word,radar,14922,8
word,Sverdlovsk,14923,7
word,Body,14924,2
word,anchors,14925,2
word,Whitley,14926,2
word,Strieber,14927,3
word,Putnam,14928,4
word,Field,14929,15
word,nonfiction,14930,2
word,earnest,14931,4
word,prose,14932,5
word,debris,14933,7
word,scraps,14934,3
word,creatures,14935,7
word,rude,14936,2
word,Rocky,14937,4
word,Trustcorp,14938,6
word,stumbled,14939,4
word,Akzo,14940,30
word,NV,14941,4
word,nursed,14942,2
word,Bergsma,14943,8
word,alliances,14944,9
word,Jackie,14945,3
word,petrochemical,14946,15
word,fertilizers,14947,5
word,salt,14948,4
word,melting,14949,2
word,chlorine,14950,3
word,"1,700",14951,2
word,bleak,14952,9
word,aramid,14953,3
word,vests,14954,2
word,Twaron,14955,2
word,finishes,14956,5
word,Universal,14957,9
word,realizes,14958,4
word,litle,14959,2
word,summarily,14960,3
word,sacking,14961,2
word,confront,14962,3
word,Fleet,14963,4
word,captured,14964,9
word,Guardian,14965,4
word,divide,14966,5
word,screaming,14967,3
word,seriousness,14968,2
word,camps,14969,7
word,monetarists,14970,2
word,stabilize,14971,13
word,stabilizing,14972,10
word,aggregates,14973,6
word,globalists,14974,2
word,twin-deficit,14975,2
word,monetarist,14976,4
word,profound,14977,5
word,definitions,14978,3
word,M-Whatever,14979,2
word,Volcker,14980,2
word,devastated,14981,2
word,impervious,14982,3
word,deployed,14983,6
word,Keynesian,14984,2
word,OECD,14985,3
word,Inflation,14986,6
word,regains,14987,5
word,chides,14988,2
word,chorus,14989,6
word,Somewhere,14990,3
word,fixing,14991,4
word,tie,14992,7
word,unrecognized,14993,2
word,expansionary,14994,2
word,Better,14995,14
word,excerpts,14996,2
word,autobiography,14997,2
word,Economist,14998,2
word,intolerable,14999,4
word,stagflation,15000,3
word,provoking,15001,2
word,afflicts,15002,2
word,stacks,15003,2
word,preaching,15004,2
word,promoted,15005,5
word,saddled,15006,2
word,freed,15007,4
word,politicking,15008,2
word,rampant,15009,6
word,new-business,15010,2
word,Chiat\/Day\/Mojo,15011,3
word,Dougherty,15012,3
word,NatWest,15013,7
word,Mafia,15014,4
word,workaholic,15015,2
word,delegate,15016,3
word,costumed,15017,2
word,dining,15018,2
word,hands-on,15019,2
word,Y&R,15020,3
word,Jamaican,15021,4
word,Kroll,15022,4
word,defending,15023,8
word,Heller,15024,8
word,visually,15025,5
word,WCRS,15026,29
word,Della,15027,17
word,Femina,15028,17
word,McNamee,15029,7
word,Reebok,15030,18
word,Hedges,15031,6
word,R.H.,15032,3
word,Federated,15033,13
word,Magnin,15034,3
word,Bullock,15035,6
word,Bullocks,15036,3
word,Wilshire,15037,4
word,Finkelstein,15038,6
word,viability,15039,4
word,Altman,15040,5
word,Bonwit,15041,3
word,Teller,15042,3
word,chains,15043,29
word,Bloomingdale,15044,25
word,Saks,15045,14
word,windows,15046,18
word,Baby,15047,5
word,Butterfinger,15048,3
word,candy,15049,11
word,LifeSavers,15050,3
word,KKR,15051,35
word,Roughly,15052,3
word,Gerstner,15053,2
word,dispense,15054,2
word,Hershey,15055,3
word,Vevey,15056,2
word,Aetna,15057,33
word,catastrophe,15058,12
word,mouths,15059,2
word,moderation,15060,5
word,township,15061,5
word,ANC,15062,33
word,liberation,15063,2
word,boomed,15064,2
word,unity,15065,6
word,Sisulu,15066,7
word,shouted,15067,4
word,curious,15068,2
word,bitterest,15069,2
word,tones,15070,2
word,Klerk,15071,4
word,mobilize,15072,2
word,inconceivable,15073,3
word,albeit,15074,4
word,exiled,15075,2
word,stripes,15076,2
word,segregation,15077,2
word,organizers,15078,2
word,podium,15079,3
word,Release,15080,6
word,suspending,15081,4
word,Echoing,15082,2
word,Westinghouse,15083,30
word,steam,15084,13
word,turbine,15085,5
word,Lester,15086,2
word,resurgence,15087,2
word,combustion,15088,4
word,Leavitt,15089,4
word,"140,000",15090,2
word,supplied,15091,7
word,Asea,15092,6
word,Boveri,15093,6
word,crafted,15094,4
word,shutdowns,15095,3
word,evaporate,15096,2
word,gearing,15097,2
word,renaissance,15098,3
word,Marous,15099,6
word,Richter,15100,11
word,elephants,15101,2
word,propelled,15102,5
word,'em,15103,3
word,unfriendly,15104,7
word,victories,15105,4
word,joke,15106,5
word,nary,15107,2
word,inning,15108,4
word,stir,15109,4
word,Game,15110,6
word,trailing,15111,2
word,scored,15112,5
word,Rickey,15113,2
word,"62,000",15114,4
word,Todd,15115,2
word,Burns,15116,7
word,Terry,15117,13
word,prevailed,15118,7
word,rode,15119,3
word,miracle,15120,2
word,Kirk,15121,6
word,triumph,15122,2
word,regular-season,15123,6
word,flattened,15124,5
word,pennant,15125,4
word,barrage,15126,2
word,61-year-old,15127,2
word,fence,15128,5
word,homer,15129,6
word,fielding,15130,2
word,pitcher,15131,3
word,overshadowed,15132,2
word,Afterward,15133,2
word,showers,15134,4
word,trophy,15135,2
word,Reds,15136,2
word,Twelve,15137,3
word,unstylish,15138,2
word,rationale,15139,5
word,variable,15140,2
word,believing,15141,4
word,Grumman,15142,10
word,Speed,15143,2
word,Natick,15144,5
word,couriers,15145,4
word,10:30,15146,3
word,courier,15147,3
word,downtime,15148,2
word,redesign,15149,4
word,subgroups,15150,3
word,Winners,15151,4
word,steak,15152,2
word,Barksdale,15153,4
word,cross-functional,15154,2
word,Tonawanda,15155,2
word,air-separation,15156,2
word,scheduling,15157,5
word,Westendorf,15158,2
word,inspections,15159,3
word,concludes,15160,10
word,estimating,15161,6
word,Anton,15162,4
word,piecemeal,15163,2
word,requisite,15164,2
word,submitting,15165,3
word,mentality,15166,6
word,deadlines,15167,6
word,thoughtful,15168,3
word,Burlington,15169,7
word,taping,15170,6
word,Assessment,15171,3
word,cassette,15172,2
word,digital,15173,6
word,copyrighted,15174,3
word,tapers,15175,2
word,publishers,15176,12
word,audio,15177,8
word,spokesperson,15178,4
word,DAT,15179,3
word,built-in,15180,4
word,wrangling,15181,5
word,resale,15182,7
word,Copyright,15183,4
word,ambiguous,15184,4
word,facto,15185,3
word,raider,15186,13
word,Werner,15187,7
word,rocking,15188,2
word,46-year-old,15189,2
word,coup,15190,38
word,Adia,15191,2
word,Inspectorate,15192,3
word,overlook,15193,3
word,piled,15194,2
word,Bilanz,15195,2
word,destined,15196,2
word,Bally,15197,22
word,present-day,15198,3
word,prominence,15199,2
word,raid,15200,4
word,Sitting,15201,2
word,luncheon,15202,3
word,Looking,15203,10
word,"7,000",15204,4
word,industrialist,15205,2
word,perked,15206,2
word,Jean,15207,4
word,Sulzer,15208,2
word,secretive,15209,2
word,merchant-banking,15210,3
word,busily,15211,4
word,Kern,15212,4
word,Harpener,15213,2
word,conservatism,15214,2
word,Ultimate,15215,3
word,strikers,15216,4
word,Military,15217,3
word,Pinick,15218,2
word,Rubel,15219,4
word,C.J.,15220,4
word,Grenfell,15221,7
word,two-day,15222,9
word,Cocom,15223,6
word,Bloc,15224,7
word,outdated,15225,2
word,hamper,15226,3
word,deserves,15227,6
word,Unisys,15228,24
word,sheer,15229,7
word,defense-electronics,15230,2
word,slow-growing,15231,2
word,carry-forwards,15232,2
word,worrisome,15233,5
word,Unruh,15234,2
word,approaching,15235,7
word,overhauling,15236,3
word,Milunovich,15237,4
word,wonders,15238,5
word,Reflecting,15239,7
word,Straszheim,15240,16
word,recanted,15241,2
word,commentary,15242,8
word,splashy,15243,2
word,detour,15244,2
word,forecasters,15245,2
word,Chip,15246,3
word,newsletter,15247,21
word,annuities,15248,5
word,Bostian,15249,2
word,Shilling,15250,3
word,macroeconomic,15251,2
word,rocky,15252,2
word,threaten,15253,6
word,whipsawed,15254,3
word,mincemeat,15255,2
word,adopts,15256,2
word,polite,15257,2
word,nosedive,15258,3
word,pin,15259,4
word,chilly,15260,3
word,handout,15261,4
word,snaps,15262,3
word,irritation,15263,3
word,amok,15264,2
word,judging,15265,3
word,prisoner,15266,6
word,low-key,15267,2
word,matter-of-factly,15268,2
word,McNamara,15269,2
word,overtures,15270,3
word,Thermo,15271,5
word,Electron,15272,5
word,Waltham,15273,4
word,biomedical,15274,2
word,Gabelli,15275,3
word,Custom,15276,2
word,trusted,15277,4
word,chauvinism,15278,2
word,denounced,15279,5
word,heed,15280,4
word,Cabinet,15281,3
word,precipitated,15282,3
word,thrown,15283,10
word,reignited,15284,3
word,realizing,15285,2
word,imagination,15286,5
word,pitfalls,15287,3
word,exchange-rate,15288,10
word,timid,15289,3
word,tax-cut,15290,2
word,inflating,15291,2
word,destructive,15292,3
word,tax-rate,15293,3
word,reunification,15294,5
word,neutralization,15295,2
word,overshadowing,15296,2
word,collapses,15297,3
word,neutral,15298,5
word,Beacon,15299,2
word,Broderick,15300,6
word,tore,15301,3
word,rental,15302,10
word,spurt,15303,5
word,Car,15304,13
word,slackened,15305,3
word,CRA,15306,3
word,Howick,15307,2
word,RTZ,15308,4
word,repurchasing,15309,2
word,fatal,15310,5
word,Perlman,15311,8
word,Noting,15312,5
word,debt-reduction,15313,3
word,Imprimis,15314,2
word,Sometime,15315,3
word,standby,15316,3
word,covenants,15317,3
word,Ticketron,15318,2
word,lotteries,15319,2
word,Ousley,15320,2
word,ETA,15321,2
word,spiked,15322,2
word,numerically,15323,2
word,ignore,15324,16
word,commute,15325,7
word,tearing,15326,2
word,polluted,15327,2
word,cheese,15328,3
word,la-la,15329,3
word,criticisms,15330,6
word,Harbor,15331,4
word,keen,15332,7
word,Monica,15333,4
word,commendable,15334,2
word,neatly,15335,3
word,Alar,15336,5
word,Caution,15337,3
word,Greens,15338,3
word,renowned,15339,3
word,naysayers,15340,2
word,necessity,15341,8
word,Morton,15342,3
word,Va,15343,10
word,IATA,15344,4
word,transported,15345,2
word,Systemwide,15346,2
word,dissidents,15347,2
word,Izvestia,15348,3
word,Vladimir,15349,3
word,Kryuchkov,15350,2
word,anti-Soviet,15351,3
word,tongue,15352,3
word,5th,15353,2
word,foil,15354,3
word,consumer-goods,15355,2
word,neighbor,15356,8
word,Rising,15357,4
word,Venice,15358,8
word,Consortium,15359,4
word,sunk,15360,5
word,Quelle,15361,2
word,Saying,15362,2
word,Intermoda,15363,2
word,catalog,15364,13
word,translated,15365,10
word,TVs,15366,8
word,Samsung,15367,3
word,unsustainable,15368,2
word,Sri,15369,6
word,Koreans,15370,5
word,Broad,15371,5
word,home-building,15372,2
word,10-month,15373,2
word,approximate,15374,3
word,opener,15375,2
word,Daly,15376,16
word,Semel,15377,20
word,Tell,15378,5
word,Rabinowitz,15379,3
word,fiction,15380,5
word,contractual,15381,2
word,prolific,15382,2
word,differing,15383,4
word,interpretations,15384,3
word,hanging,15385,7
word,rancorous,15386,2
word,Sylvester,15387,2
word,Stallone,15388,2
word,Cash,15389,4
word,soundtrack,15390,2
word,Hubert,15391,4
word,Bouillaire,15392,3
word,Canton,15393,7
word,Baird,15394,4
word,Kurt,15395,6
word,post-production,15396,2
word,cleaning,15397,10
word,consultation,15398,4
word,MGM\/UA,15399,20
word,pen,15400,2
word,objection,15401,3
word,irreparably,15402,2
word,encouragement,15403,7
word,feeding,15404,4
word,Carroll,15405,4
word,suburb,15406,8
word,Sundance,15407,4
word,Darman,15408,12
word,lining,15409,4
word,reminder,15410,9
word,divisive,15411,4
word,Meeting,15412,2
word,Revenues,15413,2
word,CMS,15414,9
word,Consumers,15415,10
word,gas-fired,15416,2
word,cogeneration,15417,4
word,Polly,15418,12
word,Sansui,15419,20
word,adjust,15420,13
word,rebut,15421,4
word,Nadir,15422,5
word,demolished,15423,3
word,Tokyo-based,15424,7
word,Advisory,15425,5
word,Usually,15426,2
word,mini-component,15427,3
word,Pioneer,15428,15
word,offshore,15429,8
word,competitiveness,15430,4
word,Ito,15431,2
word,Murasawa,15432,2
word,microwaves,15433,2
word,injected,15434,2
word,jettisoning,15435,2
word,doubling,15436,11
word,Joann,15437,2
word,Lublin,15438,2
word,BellSouth,15439,34
word,LIN,15440,60
word,McCaw,15441,51
word,Cellular,15442,10
word,placate,15443,2
word,payout,15444,5
word,back-end,15445,2
word,third-party,15446,4
word,BellSouth-LIN,15447,2
word,Moran,15448,4
word,flawed,15449,6
word,Enterprises,15450,13
word,decree,15451,3
word,motivation,15452,3
word,paychecks,15453,2
word,declares,15454,12
word,Antolini,15455,4
word,affects,15456,6
word,attributable,15457,4
word,Estimates,15458,6
word,market-maker,15459,3
word,gripes,15460,5
word,amplified,15461,2
word,sorely,15462,2
word,DaPuzzo,15463,6
word,Hardiman,15464,2
word,Tele-Communications,15465,17
word,Liz,15466,4
word,tumbles,15467,2
word,closes,15468,7
word,dole,15469,2
word,interruption,15470,2
word,rocketed,15471,2
word,Starpointe,15472,4
word,Dime,15473,2
word,Kirschner,15474,2
word,slapped,15475,2
word,resilience,15476,4
word,top-tier,15477,3
word,upheaval,15478,7
word,Warburg,15479,5
word,nationalization,15480,2
word,Hanson,15481,7
word,Telecom,15482,3
word,brokerages,15483,2
word,settles,15484,3
word,Concern,15485,3
word,NBC-TV,15486,2
word,unwise,15487,4
word,Minority,15488,4
word,humanitarian,15489,8
word,gatherings,15490,3
word,staging,15491,5
word,Prague,15492,3
word,metallurgical,15493,4
word,flaw,15494,6
word,Sioux,15495,4
word,installations,15496,9
word,home-state,15497,2
word,scrap,15498,8
word,bombarded,15499,3
word,roads,15500,15
word,convened,15501,3
word,Arab-sponsored,15502,3
word,Michel,15503,4
word,Aoun,15504,9
word,Syrian,15505,5
word,pullout,15506,4
word,wreckage,15507,4
word,commuter,15508,3
word,remote,15509,3
word,valley,15510,2
word,island,15511,12
word,Molokai,15512,2
word,Maui,15513,2
word,championship,15514,3
word,von,15515,5
word,Perry,15516,2
word,packing,15517,2
word,Unilever,15518,14
word,personal-care,15519,4
word,nervously,15520,2
word,Anglo-Dutch,15521,3
word,packaged-goods,15522,9
word,Faberge,15523,5
word,counters,15524,3
word,Noxell,15525,8
word,makeup,15526,5
word,mass-market,15527,7
word,disdain,15528,4
word,glitzy,15529,3
word,margarine,15530,2
word,detergent,15531,4
word,Likely,15532,2
word,Estee,15533,5
word,Lauder,15534,10
word,Revlon,15535,2
word,intuition,15536,3
word,smell,15537,4
word,artistic,15538,8
word,rolls,15539,8
word,nationally,15540,7
word,test-marketing,15541,2
word,coupons,15542,9
word,Olay,15543,3
word,aged,15544,6
word,redesigned,15545,2
word,stamping,15546,3
word,pink,15547,2
word,opulent,15548,3
word,gracefully,15549,4
word,Goliaths,15550,2
word,Bunting,15551,2
word,Maybelline,15552,3
word,new-product,15553,2
word,supermarkets,15554,4
word,Shore,15555,4
word,skin-care,15556,2
word,ordinarily,15557,5
word,high-end,15558,5
word,licensee,15559,3
word,Colgate-Palmolive,15560,6
word,Colgate,15561,16
word,Rubenstein,15562,3
word,languished,15563,2
word,Chesebrough-Pond,15564,2
word,ritzy,15565,2
word,fashions,15566,2
word,unplanned,15567,2
word,subtle,15568,4
word,conducts,15569,3
word,mistrust,15570,3
word,Watergate,15571,4
word,misdeeds,15572,5
word,Intelligence,15573,12
word,covert,15574,15
word,infuse,15575,2
word,14-year-old,15576,5
word,Casey,15577,3
word,Adviser,15578,2
word,Poindexter,15579,3
word,contingency,15580,4
word,wipe,15581,6
word,legalistic,15582,2
word,congressionally,15583,2
word,coups,15584,6
word,Reagan-era,15585,2
word,dictator,15586,6
word,endanger,15587,5
word,Boren,15588,27
word,angrily,15589,2
word,selectively,15590,3
word,leaking,15591,5
word,impediments,15592,2
word,Sens.,15593,5
word,specter,15594,5
word,internationally,15595,8
word,harbors,15596,4
word,Iran,15597,10
word,panicky,15598,2
word,balk,15599,3
word,79-year-old,15600,2
word,scavengers,15601,2
word,Friday-the-13th,15602,6
word,queries,15603,3
word,cowards,15604,2
word,accelerates,15605,2
word,avail,15606,2
word,exchange-listed,15607,2
word,damper,15608,4
word,GTE,15609,12
word,Rand,15610,7
word,Araskog,15611,2
word,second-biggest,15612,2
word,besieged,15613,4
word,instinctive,15614,2
word,clears,15615,5
word,daunting,15616,4
word,untested,15617,2
word,blew,15618,4
word,strenuously,15619,2
word,no-growth,15620,2
word,grueling,15621,2
word,maneuver,15622,9
word,lecturer,15623,3
word,liberalized,15624,4
word,assailed,15625,2
word,reinforcing,15626,4
word,Geoffrey,15627,3
word,Tim,15628,6
word,harbor,15629,5
word,Tory,15630,2
word,authoritarian,15631,3
word,Nonsense,15632,2
word,Base,15633,5
word,Are,15634,12
word,obsolete,15635,4
word,replacements,15636,2
word,Bern,15637,2
word,Sharfman,15638,2
word,Shaffer,15639,4
word,Len,15640,3
word,housework,15641,2
word,Waite,15642,3
word,analyzed,15643,5
word,ages,15644,3
word,dishes,15645,3
word,husbands,15646,2
word,Be,15647,5
word,one-fourth,15648,4
word,Denise,15649,3
word,Brookings,15650,4
word,Liu,15651,3
word,payers,15652,2
word,remarkably,15653,4
word,Veterans,15654,5
word,duration,15655,2
word,Era,15656,5
word,Liberal,15657,7
word,gender,15658,4
word,NORC,15659,3
word,youngest,15660,6
word,bracket,15661,4
word,olds,15662,3
word,suited,15663,3
word,Ph.,15664,2
word,edgy,15665,3
word,candor,15666,2
word,Korotich,15667,9
word,Ogonyok,15668,4
word,ladies,15669,3
word,surrounded,15670,4
word,fountains,15671,2
word,butt,15672,3
word,whack,15673,3
word,spanking,15674,3
word,palm,15675,3
word,educate,15676,5
word,Brezhnevite,15677,2
word,insignificant,15678,2
word,journals,15679,2
word,Ukraine,15680,2
word,cheered,15681,5
word,fragility,15682,3
word,Censorship,15683,2
word,czars,15684,2
word,1890s,15685,2
word,Turkish,15686,3
word,admirable,15687,3
word,sophistication,15688,3
word,recognizes,15689,5
word,honesty,15690,4
word,reveals,15691,4
word,Cynthia,15692,6
word,brochure,15693,2
word,screeching,15694,3
word,Greenspan,15695,35
word,digesting,15696,2
word,swoon,15697,2
word,anonymous,15698,3
word,Chris,15699,5
word,Dodd,15700,6
word,dispel,15701,3
word,understandable,15702,4
word,accelerate,15703,7
word,peacetime,15704,2
word,groundwork,15705,5
word,ECI,15706,2
word,Parametric,15707,2
word,"1,365,226",15708,2
word,"334,774",15709,2
word,Wessels,15710,3
word,Volk,15711,2
word,Duncan,15712,3
word,specialization,15713,2
word,Friedman,15714,3
word,Biotechnical,15715,2
word,Lourie,15716,2
word,Beckman,15717,2
word,Medtronic,15718,3
word,infringement,15719,2
word,infringe,15720,4
word,Lisa,15721,3
word,Raines,15722,2
word,well-versed,15723,2
word,misstated,15724,7
word,racked,15725,5
word,Silas,15726,2
word,Cathcart,15727,6
word,Tool,15728,2
word,derided,15729,2
word,tool-and-die,15730,2
word,mall,15731,8
word,grandiose,15732,3
word,understandably,15733,2
word,Whitney,15734,2
word,consulting-firm,15735,2
word,parade,15736,2
word,corporate-finance,15737,4
word,teaming,15738,3
word,synergy,15739,3
word,panned,15740,2
word,uh,15741,2
word,7:30,15742,3
word,Newquist,15743,3
word,value-added,15744,2
word,Cessna,15745,3
word,B.J.,15746,2
word,Megargel,15747,2
word,clientele,15748,4
word,Theoretically,15749,2
word,funnel,15750,4
word,departing,15751,2
word,Quaker,15752,2
word,budgeting,15753,2
word,Smiling,15754,2
word,Accounts,15755,2
word,incorrectly,15756,7
word,USI,15757,5
word,naphtha,15758,4
word,cracker,15759,4
word,Luzon,15760,11
word,Petrochemical,15761,5
word,Contract,15762,2
word,propylene,15763,2
word,ethylene,15764,2
word,polypropylene,15765,3
word,polyethylene,15766,7
word,long-planned,15767,2
word,capabilities,15768,4
word,maneuvers,15769,2
word,Representatives,15770,12
word,reconsideration,15771,2
word,Bataan,15772,2
word,Plastics,15773,3
word,Crawford,15774,3
word,disability,15775,3
word,Mateo,15776,6
word,speakers,15777,3
word,Speaker,15778,9
word,waves,15779,12
word,arcane,15780,2
word,ramifications,15781,3
word,lightly,15782,2
word,Marlin,15783,7
word,Fitzwater,15784,11
word,restoring,15785,5
word,buried,15786,8
word,concurrence,15787,2
word,adjournment,15788,2
word,specifying,15789,3
word,Glazier,15790,4
word,writings,15791,4
word,pledges,15792,4
word,fathers,15793,3
word,lawmaker,15794,3
word,Rapid,15795,5
word,Transit,15796,6
word,foreign-policy,15797,3
word,BART,15798,8
word,entitlement,15799,5
word,Governors,15800,2
word,sparingly,15801,2
word,antagonize,15802,3
word,repassed,15803,2
word,capitalizing,15804,2
word,Led,15805,2
word,Cheerios,15806,3
word,Flakes,15807,3
word,eaten,15808,4
word,oats,15809,3
word,Maguire,15810,3
word,Wheat,15811,7
word,LaMothe,15812,2
word,constrained,15813,3
word,Covington,15814,2
word,Initial,15815,6
word,phases,15816,3
word,reassigned,15817,4
word,disposition,15818,3
word,Hannifin,15819,2
word,Hertz,15820,4
word,puttable,15821,3
word,LTCB,15822,2
word,bracing,15823,8
word,turbulent,15824,2
word,Malaysian,15825,2
word,Daim,15826,2
word,sever,15827,2
word,souring,15828,2
word,listings,15829,6
word,Istat,15830,6
word,Import,15831,3
word,heats,15832,2
word,Banco,15833,40
word,Exterior,15834,13
word,privatization,15835,13
word,Nacional,15836,2
word,Industria,15837,2
word,pesetas,15838,6
word,pillars,15839,3
word,crumble,15840,3
word,Expansion,15841,2
word,Morocco,15842,2
word,handicap,15843,3
word,whip,15844,3
word,farming,15845,2
word,litigators,15846,2
word,technicians,15847,10
word,highest-quality,15848,4
word,directives,15849,3
word,regards,15850,2
word,prosecutions,15851,12
word,conclusions,15852,5
word,kidnapped,15853,4
word,abducted,15854,2
word,embezzling,15855,2
word,concealing,15856,2
word,COURT,15857,2
word,Crete,15858,2
word,Koskotas,15859,3
word,reconsidered,15860,2
word,then-Vice,15861,2
word,speedy,15862,2
word,extradition,15863,2
word,stave,15864,3
word,twenty,15865,2
word,bono,15866,8
word,distraction,15867,2
word,Justin,15868,2
word,Scofield,15869,2
word,Greenfield,15870,3
word,cover-up,15871,2
word,pretrial,15872,6
word,motions,15873,2
word,grossly,15874,4
word,stockpile,15875,2
word,Ron,15876,10
word,Tonkin,15877,5
word,conspiring,15878,4
word,pleas,15879,2
word,condone,15880,2
word,Witnesses,15881,3
word,Investigators,15882,3
word,suicide,15883,2
word,Wildlife,15884,4
word,Valdez,15885,3
word,spill,15886,20
word,shoreline,15887,4
word,havoc,15888,4
word,wildlife,15889,4
word,frank,15890,2
word,objectivity,15891,4
word,instantly,15892,6
word,Kelley,15893,3
word,84-6,15894,2
word,Jamie,15895,7
word,Whitten,15896,15
word,Sasser,15897,5
word,remark,15898,6
word,restraint,15899,5
word,Rican,15900,14
word,Oscar,15901,5
word,Arias,15902,9
word,Hemisphere,15903,2
word,noncompetitive,15904,2
word,book-entry,15905,2
word,"103,000",15906,2
word,skewed,15907,2
word,interpret,15908,9
word,Englund,15909,2
word,MMS,15910,2
word,Kahan,15911,3
word,Wyss,15912,7
word,buoy,15913,2
word,totals,15914,8
word,NMTBA,15915,3
word,lathes,15916,2
word,metal-forming,15917,2
word,presses,15918,4
word,du,15919,2
word,Lac,15920,3
word,U.S.-made,15921,4
word,state-of-the-art,15922,2
word,milling,15923,2
word,mills,15924,16
word,mega,15925,2
word,mega-issues,15926,6
word,evolving,15927,2
word,unregulated,15928,4
word,prospectus,15929,11
word,Unit,15930,4
word,corrections,15931,2
word,liberalizing,15932,2
word,Larsen,15933,9
word,Toubro,15934,6
word,conserve,15935,4
word,government-controlled,15936,4
word,buoyant,15937,3
word,industrialists,15938,2
word,oversubscribed,15939,5
word,marine,15940,5
word,Usha,15941,2
word,Rectifier,15942,2
word,unseen,15943,2
word,ministries,15944,5
word,case-by-case,15945,3
word,stranger,15946,4
word,loopholes,15947,5
word,unprepared,15948,4
word,bankruptcies,15949,4
word,Lion,15950,9
word,Nathan,15951,11
word,watchdog,15952,3
word,SA,15953,4
word,brewer,15954,6
word,Finnair,15955,6
word,archrival,15956,7
word,SAS,15957,5
word,Denmark,15958,4
word,Swissair,15959,2
word,Egan,15960,5
word,Jaguar-GM,15961,2
word,structuring,15962,3
word,Port,15963,6
word,auto-industry,15964,3
word,Abbie,15965,6
word,ABBIE,15966,2
word,Yeah,15967,2
word,impassively,15968,2
word,activist,15969,8
word,script,15970,9
word,re-enactment,15971,3
word,Connie,15972,5
word,Chung,15973,11
word,distinction,15974,3
word,reconstructing,15975,2
word,actors,15976,11
word,Lieber,15977,3
word,show-biz,15978,2
word,Broadcasters,15979,2
word,Broadcast,15980,3
word,horizons,15981,2
word,civil-rights,15982,2
word,bombing,15983,2
word,Lockerbie,15984,2
word,Associated,15985,7
word,hostages,15986,5
word,Benjamin,15987,10
word,Jenco,15988,2
word,Live,15989,2
word,Deal,15990,5
word,stops,15991,6
word,starring,15992,3
word,Shriver,15993,3
word,theater,15994,13
word,consummated,15995,3
word,cost-conscious,15996,2
word,syndicated,15997,3
word,Affair,15998,2
word,Maury,15999,3
word,Nowhere,16000,2
word,audition,16001,3
word,Alton,16002,2
word,Ned,16003,3
word,Willie,16004,2
word,toughest,16005,2
word,Mile,16006,2
word,Middletown,16007,4
word,combing,16008,3
word,half-time,16009,2
word,Sukle,16010,2
word,Joan,16011,5
word,drama,16012,13
word,scathing,16013,2
word,Lawrenson,16014,3
word,manic-depressive,16015,2
word,dramatization,16016,3
word,authenticity,16017,2
word,Phyllis,16018,2
word,Township,16019,5
word,Silvers,16020,2
word,Lack,16021,2
word,astute,16022,2
word,Dentsu,16023,15
word,Eurocom,16024,17
word,profiles,16025,2
word,Corning,16026,7
word,Ciba,16027,4
word,Mel,16028,2
word,comedy,16029,15
word,casualty,16030,10
word,Door,16031,3
word,Wednesdays,16032,3
word,9:30,16033,5
word,Curtis,16034,2
word,Love,16035,2
word,Labatt,16036,3
word,Vaux,16037,3
word,Thereafter,16038,2
word,redeemable,16039,2
word,reassert,16040,2
word,megabyte,16041,3
word,laptops,16042,4
word,tardy,16043,2
word,thickness,16044,2
word,heavier,16045,7
word,Instrument,16046,2
word,TI,16047,2
word,Model,16048,3
word,monolithic,16049,3
word,Lagnado,16050,4
word,Census,16051,8
word,Sears,16052,56
word,Roebuck,16053,9
word,K,16054,12
word,mart,16055,11
word,defense-related,16056,2
word,weakest,16057,5
word,slowest,16058,3
word,Kerr-McGee,16059,5
word,ammonium,16060,3
word,perchlorate,16061,4
word,Nev,16062,4
word,cross-blending,16063,2
word,northeast,16064,4
word,leveled,16065,2
word,explosions,16066,8
word,destroyed,16067,9
word,Elected,16068,3
word,Rose,16069,15
word,Shiseido,16070,2
word,Wilkinson,16071,2
word,Merger,16072,2
word,Grimm,16073,4
word,Schaumburg,16074,2
word,Transactions,16075,2
word,franchiser,16076,4
word,post-split,16077,2
word,Yukon,16078,3
word,Supply,16079,5
word,Ownership,16080,3
word,Insurers,16081,9
word,catastrophes,16082,7
word,ripped,16083,5
word,Property,16084,7
word,reinsurers,16085,2
word,syndicates,16086,8
word,Snedeker,16087,2
word,Gill,16088,2
word,information-processing,16089,2
word,1-for-10,16090,2
word,super-majority,16091,3
word,entitling,16092,2
word,relate,16093,2
word,admissions,16094,3
word,aiding,16095,2
word,abetting,16096,2
word,Leaseway,16097,7
word,equation,16098,4
word,elevated,16099,2
word,slipping,16100,11
word,agendas,16101,5
word,ardent,16102,2
word,Meet,16103,4
word,Mulroney,16104,4
word,periodic,16105,6
word,diverted,16106,10
word,disarming,16107,2
word,midst,16108,13
word,showcase,16109,3
word,Sandinistas,16110,9
word,Abrams,16111,4
word,ambushed,16112,2
word,Bernard,16113,13
word,Aronson,16114,2
word,undermining,16115,3
word,wavering,16116,3
word,Petrie,16117,13
word,Deb,16118,6
word,Shops,16119,6
word,Uhr,16120,2
word,Nikon,16121,4
word,Increasing,16122,2
word,Camera,16123,2
word,Presidio,16124,4
word,gas-gathering,16125,2
word,Reichmann,16126,3
word,unanimously,16127,9
word,liquidate,16128,6
word,N.A.,16129,3
word,15-a-share,16130,2
word,Jayark,16131,6
word,Kofcoh,16132,3
word,rents,16133,2
word,Ajinomoto,16134,3
word,foodstuffs,16135,2
word,CFTC,16136,4
word,McFadden,16137,2
word,tarnished,16138,4
word,Guttman,16139,2
word,Comex,16140,7
word,Staloff,16141,2
word,indictments,16142,2
word,subpoenas,16143,2
word,levied,16144,2
word,Conway,16145,7
word,pits,16146,4
word,out-of-state,16147,3
word,Periodically,16148,2
word,verifiable,16149,2
word,24-hour,16150,4
word,Clearing,16151,6
word,Frawley,16152,4
word,Metals,16153,3
word,spell,16154,4
word,lookout,16155,2
word,react,16156,7
word,locking,16157,3
word,sped,16158,2
word,preferring,16159,3
word,nears,16160,4
word,Globe,16161,5
word,Mail,16162,6
word,averting,16163,2
word,Torstar,16164,4
word,Slotnick,16165,2
word,Newspaper,16166,2
word,bird,16167,3
word,cage,16168,2
word,undertook,16169,2
word,attribute,16170,7
word,dire,16171,6
word,wood-products,16172,2
word,tempting,16173,4
word,recommends,16174,8
word,Shoney,16175,2
word,consisted,16176,4
word,ABB,16177,5
word,largest-ever,16178,2
word,turbogenerator,16179,2
word,Utrecht,16180,2
word,extrusion,16181,4
word,Aluminum,16182,6
word,smelter,16183,2
word,bare,16184,2
word,absorb,16185,15
word,dumping,16186,3
word,muni,16187,4
word,Donna,16188,2
word,Avedisian,16189,2
word,Buyer,16190,2
word,best-performing,16191,2
word,scramble,16192,6
word,Fundamental,16193,2
word,crumbling,16194,6
word,rebounds,16195,2
word,nearing,16196,4
word,mayoral,16197,10
word,overreacting,16198,3
word,unloading,16199,6
word,Cantor,16200,2
word,Fitzgerald,16201,2
word,pay-in-kind,16202,2
word,8\/32,16203,2
word,catastrophic,16204,11
word,Coverage,16205,2
word,catastrophic-care,16206,4
word,surtax,16207,4
word,stop-loss,16208,7
word,prevails,16209,5
word,Lockheed,16210,9
word,attrition,16211,3
word,Pattison,16212,5
word,Innopac,16213,7
word,aggregate,16214,3
word,Fabi,16215,2
word,positively,16216,4
word,Mobil,16217,30
word,"170,330,000",16218,2
word,decimal,16219,4
word,weights,16220,3
word,yards,16221,7
word,metrics,16222,2
word,mathematician,16223,2
word,jokes,16224,9
word,yardstick,16225,2
word,Caterpillar,16226,7
word,sticks,16227,3
word,Whittle,16228,14
word,Knoxville,16229,2
word,Installation,16230,2
word,parochial,16231,2
word,Bruner,16232,2
word,Schools,16233,5
word,quiz,16234,3
word,absences,16235,2
word,Advertisers,16236,7
word,Dillon,16237,3
word,Read,16238,4
word,H,16239,4
word,Carriers,16240,4
word,Chemex,16241,2
word,Immune,16242,2
word,Response,16243,2
word,Marsam,16244,2
word,Saskatchewan,16245,4
word,1989A,16246,3
word,1989B,16247,2
word,Alternative,16248,2
word,Minimum,16249,2
word,AMT,16250,3
word,Pending,16251,2
word,Octel,16252,7
word,Milpitas,16253,2
word,"730,070",16254,2
word,unadited,16255,2
word,dealer-to-dealer,16256,2
word,Closed,16257,2
word,Funds,16258,10
word,Flexible,16259,3
word,Ex-dividend,16260,2
word,Translated,16261,2
word,e,16262,3
word,f,16263,4
word,crumbled,16264,2
word,revealed,16265,5
word,Jarrett,16266,3
word,briefly,16267,9
word,scary,16268,3
word,Connolly,16269,4
word,linkages,16270,3
word,LBOs,16271,9
word,frantically,16272,5
word,ebullient,16273,2
word,sanguine,16274,3
word,props,16275,2
word,accompanies,16276,4
word,troubling,16277,8
word,M&A,16278,3
word,headlines,16279,4
word,disappointments,16280,7
word,Richfield,16281,7
word,Homestake,16282,3
word,Minerals,16283,7
word,Pegasus,16284,4
word,Dividend-related,16285,2
word,Himont,16286,2
word,majority-owned,16287,2
word,tail,16288,4
word,DC-10,16289,3
word,hydraulic,16290,2
word,retrieval,16291,2
word,Flight,16292,4
word,cornfield,16293,2
word,CF6-6,16294,2
word,FAA,16295,8
word,Tibet,16296,3
word,perilously,16297,2
word,glacial,16298,2
word,temperatures,16299,11
word,warmed,16300,3
word,pollutants,16301,3
word,melt,16302,3
word,oceans,16303,3
word,flooding,16304,6
word,coastal,16305,4
word,reconstruct,16306,2
word,dug,16307,2
word,oxygen,16308,4
word,atoms,16309,6
word,Analysis,16310,2
word,Dunde,16311,2
word,plateau,16312,2
word,ice-core,16313,2
word,dioxide,16314,8
word,burning,16315,5
word,fossil,16316,6
word,escaping,16317,3
word,unexplained,16318,5
word,varies,16319,2
word,retrenchment,16320,2
word,garner,16321,3
word,chairmen,16322,5
word,subcommittees,16323,2
word,veterans,16324,4
word,allocations,16325,2
word,wounded,16326,3
word,parked,16327,3
word,influence-peddling,16328,2
word,Democratic-controlled,16329,3
word,Traxler,16330,3
word,Foley,16331,7
word,subsidy,16332,9
word,retention,16333,2
word,ponds,16334,3
word,Farney,16335,2
word,sharecroppers,16336,2
word,southeastern,16337,2
word,Fortunately,16338,5
word,blessed,16339,2
word,mechanized,16340,2
word,mainstream,16341,7
word,grandchildren,16342,3
word,allotments,16343,3
word,handsome,16344,3
word,prosper,16345,2
word,spiral,16346,4
word,fodder,16347,2
word,teen,16348,3
word,parental,16349,5
word,guidance,16350,3
word,vocal,16351,5
word,mayors,16352,2
word,Falls,16353,4
word,originated,16354,3
word,Clarke,16355,2
word,insult,16356,2
word,Poverty,16357,3
word,Sugar,16358,3
word,housed,16359,2
word,apartments,16360,12
word,plumbing,16361,5
word,middle-class,16362,8
word,shakeout,16363,4
word,alluded,16364,2
word,layers,16365,2
word,peeled,16366,3
word,Spruell,16367,2
word,Bakersfield,16368,3
word,tax-deferred,16369,3
word,confronting,16370,3
word,Schaeffer,16371,6
word,calculators,16372,2
word,in-state,16373,3
word,Hueglin,16374,2
word,Vanguard,16375,8
word,Term,16376,4
word,non-deductible,16377,4
word,compounded,16378,6
word,CD-type,16379,2
word,MARKET,16380,3
word,highest-yielding,16381,2
word,Witman,16382,2
word,Advisor,16383,2
word,Try,16384,5
word,intermediate-term,16385,2
word,Advisors,16386,2
word,lower-than-expected,16387,6
word,shifting,16388,10
word,human-based,16389,4
word,Toseland,16390,9
word,Solomon,16391,3
word,Sobel,16392,4
word,blunted,16393,3
word,hypoglycemia,16394,8
word,anxiety,16395,13
word,unawareness,16396,2
word,insulins,16397,2
word,Humulin,16398,2
word,Danish,16399,2
word,costing,16400,7
word,strategists,16401,7
word,ivory,16402,4
word,forging,16403,2
word,graph,16404,2
word,WSJ,16405,7
word,Strategy,16406,4
word,Step,16407,3
word,understate,16408,3
word,Negative,16409,2
word,submission,16410,2
word,undefined,16411,3
word,underfunded,16412,2
word,baseline,16413,7
word,progressively,16414,3
word,Scenario,16415,4
word,Freeze,16416,2
word,slopes,16417,5
word,splits,16418,4
word,relaxation,16419,3
word,Joint,16420,6
word,Chiefs,16421,6
word,strengths,16422,5
word,minimizing,16423,2
word,ZBB,16424,3
word,chiefs,16425,2
word,directions,16426,2
word,gaming,16427,4
word,irresponsibly,16428,2
word,responsibly,16429,2
word,sequence,16430,2
word,essay,16431,3
word,Naval,16432,2
word,Francoise,16433,2
word,Soares-Kemp,16434,2
word,steadied,16435,3
word,wobbly,16436,2
word,discouraged,16437,4
word,Scalfaro,16438,2
word,decisively,16439,2
word,confirmation,16440,8
word,six-year,16441,4
word,hovering,16442,4
word,Rendell,16443,2
word,Pound,16444,4
word,softness,16445,8
word,disturbed,16446,3
word,Disabilities,16447,5
word,disabled,16448,6
word,Quite,16449,3
word,Handicapped,16450,2
word,deliberations,16451,4
word,disabilities,16452,3
word,firsthand,16453,3
word,addressed,16454,10
word,lonely,16455,5
word,wheelchair,16456,2
word,franchises,16457,2
word,Eurostat,16458,2
word,month-to-month,16459,2
word,Efforts,16460,2
word,aspirations,16461,6
word,Kong-dollar,16462,2
word,Hibor,16463,5
word,Eurodollar,16464,6
word,Gilmore,16465,4
word,envy,16466,6
word,swallowing,16467,2
word,"27,000",16468,2
word,Hongkong,16469,2
word,Shanghai,16470,5
word,HK$,16471,7
word,Cheng,16472,2
word,cautions,16473,4
word,defaulted,16474,6
word,unlimited,16475,4
word,taxi,16476,5
word,inspire,16477,4
word,Oji,16478,4
word,Jujo,16479,3
word,newsprints,16480,2
word,processed,16481,9
word,miscellaneous,16482,2
word,sacred,16483,3
word,Nowak,16484,2
word,Veslefrikk,16485,4
word,reappraised,16486,2
word,noncallable,16487,12
word,Baa-2,16488,2
word,Tampa,16489,6
word,single-A-plus,16490,4
word,1993-2009,16491,2
word,Pricing,16492,2
word,semiannually,16493,5
word,Option,16494,2
word,borrower,16495,4
word,Brake,16496,2
word,Gibraltar,16497,3
word,Bausch,16498,3
word,Lomb,16499,3
word,melanin,16500,2
word,pigment,16501,4
word,ultraviolet,16502,4
word,rays,16503,5
word,optical,16504,8
word,incorporate,16505,2
word,lenses,16506,2
word,Jolla,16507,8
word,Southwest,16508,9
word,rand,16509,6
word,Governor,16510,4
word,Moscom,16511,2
word,cemetery,16512,5
word,traveler,16513,3
word,Vincent,16514,8
word,preceding,16515,6
word,BIP,16516,3
word,"1,015",16517,2
word,Generale,16518,10
word,cables,16519,3
word,Baden-Wuerttemberg,16520,4
word,Bavaria,16521,3
word,Hesse,16522,2
word,Outokumpu,16523,2
word,Refining,16524,3
word,year-on-year,16525,4
word,lubricants,16526,6
word,Brockville,16527,2
word,Gilchrist,16528,4
word,Amicable,16529,4
word,breakdowns,16530,2
word,tossed,16531,5
word,Manic,16532,6
word,phones,16533,10
word,Continent,16534,4
word,disgusted,16535,2
word,helplessly,16536,2
word,restarted,16537,4
word,two-hour,16538,4
word,stock-trading,16539,2
word,six-foot,16540,2
word,telexes,16541,2
word,BSN,16542,3
word,Fleming,16543,5
word,underscores,16544,2
word,fragmented,16545,3
word,localized,16546,2
word,Meantime,16547,2
word,Bourse,16548,2
word,"276,334",16549,2
word,Trinova,16550,11
word,repurchased,16551,3
word,Calgene,16552,3
word,Gustafson,16553,3
word,biological,16554,4
word,aflatoxin,16555,3
word,microbes,16556,2
word,Bacillus,16557,2
word,subtilis,16558,2
word,bacterium,16559,6
word,Tyszkiewicz,16560,4
word,Unice,16561,5
word,diversity,16562,4
word,adapt,16563,3
word,norms,16564,4
word,Declaration,16565,2
word,Bruno,16566,4
word,DeGol,16567,2
word,pile,16568,5
word,Sharpshooter,16569,5
word,drilled,16570,3
word,roustabout,16571,2
word,ladder,16572,2
word,three-foot,16573,2
word,fitting,16574,4
word,six-day,16575,2
word,desolate,16576,2
word,dunes,16577,5
word,yard,16578,9
word,drillers,16579,2
word,gingerly,16580,2
word,bits,16581,3
word,crust,16582,2
word,edging,16583,4
word,Mideast,16584,6
word,Exporting,16585,4
word,Andersen,16586,2
word,prod,16587,3
word,equilibrium,16588,3
word,OPEC,16589,36
word,soup,16590,4
word,Cox,16591,4
word,roller-coaster,16592,4
word,predictability,16593,2
word,motorists,16594,3
word,surprises,16595,5
word,Zaves,16596,2
word,gallons,16597,6
word,precipitous,16598,3
word,roller,16599,3
word,coaster,16600,2
word,pitched,16601,6
word,kingpin,16602,2
word,Hisham,16603,2
word,Nazer,16604,4
word,Secretary-General,16605,2
word,Persian,16606,4
word,irritates,16607,2
word,self-imposed,16608,2
word,legitimize,16609,3
word,Iranian,16610,8
word,J,16611,2
word,rig,16612,6
word,Sniper,16613,2
word,wells,16614,13
word,foreman,16615,2
word,Tommy,16616,2
word,stifling,16617,2
word,bargain-basement,16618,3
word,hunger,16619,3
word,Kadane,16620,2
word,wildcat,16621,2
word,oil-service,16622,3
word,boat,16623,8
word,rigs,16624,4
word,boats,16625,5
word,Schlumberger,16626,4
word,pleasant,16627,2
word,Dun,16628,18
word,Bradstreet,16629,18
word,oil-field,16630,4
word,booms,16631,2
word,setbacks,16632,6
word,holes,16633,2
word,cook,16634,2
word,salad,16635,2
word,beans,16636,3
word,iced,16637,3
word,supervisor,16638,10
word,vault,16639,5
word,money-laundering,16640,2
word,arrests,16641,5
word,Lopez,16642,2
word,Ignacio,16643,2
word,Gardens,16644,16
word,Hawthorne,16645,2
word,debt-ridden,16646,3
word,Dorfman,16647,7
word,Hit,16648,2
word,proudly,16649,2
word,undergraduate,16650,2
word,yearlong,16651,2
word,inconsistent,16652,2
word,selecting,16653,5
word,Meltzer,16654,2
word,Agents,16655,6
word,Airline,16656,8
word,robberies,16657,5
word,vacationers,16658,4
word,LLerena,16659,2
word,Bello,16660,3
word,describing,16661,8
word,Bud,16662,3
word,Conner,16663,26
word,confiscating,16664,2
word,scanners,16665,3
word,Texans,16666,12
word,Get,16667,5
word,Attendants,16668,2
word,IF,16669,4
word,attendants,16670,13
word,controllers,16671,6
word,Matt,16672,3
word,public-interest,16673,2
word,HAS,16674,3
word,Huggins,16675,3
word,controller,16676,3
word,entertainers,16677,2
word,indexing,16678,13
word,House-passed,16679,6
word,indexation,16680,7
word,Dornan,16681,2
word,frees,16682,3
word,forgo,16683,2
word,aftertax,16684,2
word,Hersly,16685,2
word,nurseries,16686,4
word,greenhouses,16687,2
word,balance-sheet,16688,2
word,off-balance,16689,2
word,supplying,16690,5
word,allowances,16691,3
word,Poughkeepsie,16692,6
word,Sanderson,16693,2
word,Kinder-Care,16694,5
word,whooping,16695,8
word,cough,16696,8
word,non-toxic,16697,3
word,poisons,16698,2
word,inducing,16699,2
word,immunity,16700,4
word,pertussis,16701,7
word,infants,16702,2
word,toxin,16703,13
word,virulence,16704,4
word,Ordinarily,16705,3
word,mutation,16706,2
word,bacterial,16707,3
word,Pissocra,16708,3
word,Hartwell,16709,2
word,Rothschilds,16710,10
word,birthplace,16711,2
word,glare,16712,6
word,Town,16713,8
word,M.A.,16714,2
word,sons,16715,3
word,Naples,16716,2
word,19th,16717,3
word,Baron,16718,4
word,Elie,16719,3
word,72-year-old,16720,2
word,patriarch,16721,2
word,recalled,16722,6
word,strife,16723,2
word,Nazi,16724,3
word,Nazis,16725,4
word,squads,16726,3
word,SS,16727,3
word,cousin,16728,3
word,assistants,16729,2
word,mainstay,16730,6
word,M,16731,3
word,Erich,16732,5
word,cross-ownership,16733,2
word,Buffett,16734,9
word,outweigh,16735,8
word,Essentially,16736,2
word,rapid-fire,16737,3
word,Bachmann,16738,2
word,defenders,16739,4
word,blaming,16740,4
word,messenger,16741,2
word,"44,877",16742,2
word,Kegler,16743,2
word,fares,16744,16
word,Strasbourg,16745,2
word,Inter,16746,3
word,connections,16747,4
word,contents,16748,4
word,reinstated,16749,4
word,Pymm,16750,2
word,exposing,16751,4
word,mercury,16752,3
word,verdicts,16753,3
word,salvo,16754,2
word,McCammon,16755,3
word,Select,16756,2
word,prematurely,16757,3
word,relinquished,16758,2
word,Politics,16759,4
word,AB,16760,14
word,SKF,16761,5
word,kronor,16762,13
word,bearings,16763,5
word,Tomsho,16764,3
word,Redford,16765,8
word,Kid,16766,3
word,Around,16767,2
word,outdoor,16768,3
word,reassessment,16769,4
word,environmentally,16770,4
word,haven,16771,6
word,environmentalism,16772,3
word,rationalize,16773,2
word,Personally,16774,2
word,takers,16775,2
word,long-range,16776,3
word,travels,16777,3
word,Windsor,16778,3
word,disarm,16779,3
word,embargo,16780,3
word,Presidents,16781,6
word,NCAA,16782,6
word,intercollegiate,16783,3
word,experiences,16784,3
word,Students,16785,3
word,athletes,16786,9
word,basketball,16787,17
word,high-school,16788,6
word,coaches,16789,8
word,portrait,16790,5
word,pertinent,16791,3
word,questionnaire,16792,5
word,student-athlete,16793,3
word,lied,16794,2
word,Junior,16795,3
word,Freshman,16796,3
word,athlete,16797,2
word,Sophomore,16798,2
word,Playing,16799,2
word,conditioning,16800,3
word,exhaustion,16801,2
word,fullest,16802,4
word,rumblings,16803,2
word,Knight,16804,6
word,Akron,16805,2
word,college-sports,16806,2
word,paragraph,16807,4
word,late-night,16808,2
word,biology,16809,2
word,radicals,16810,3
word,Nerds,16811,3
word,Geeks,16812,2
word,SONG,16813,3
word,mad,16814,5
word,Leonid,16815,2
word,attendees,16816,2
word,nerds,16817,2
word,awkward,16818,4
word,pencils,16819,8
word,numerical,16820,2
word,circus,16821,2
word,Kahn,16822,2
word,geeks,16823,2
word,procrastination,16824,2
word,nerdy,16825,2
word,noses,16826,2
word,lecture,16827,5
word,math,16828,3
word,psychobiology,16829,2
word,Hopefully,16830,2
word,FDIC,16831,5
word,AEP,16832,2
word,SAVINGS,16833,2
word,Harrington,16834,2
word,Crestmont,16835,3
word,governmental,16836,4
word,refined,16837,6
word,crudes,16838,3
word,sulfur,16839,2
word,boasted,16840,4
word,low-sulfur,16841,5
word,AGIP,16842,5
word,Libya,16843,4
word,high-octane,16844,2
word,ENI,16845,2
word,upgrading,16846,4
word,refineries,16847,3
word,Refuge,16848,2
word,safely,16849,4
word,Kuwait,16850,6
word,scout,16851,2
word,deepest,16852,2
word,Abalkin,16853,2
word,Academy,16854,7
word,savvy,16855,5
word,Seeking,16856,3
word,paths,16857,3
word,sanctioned,16858,3
word,mop,16859,3
word,blows,16860,4
word,PRICES,16861,2
word,overhauled,16862,2
word,Alongside,16863,3
word,non-convertible,16864,2
word,hood,16865,2
word,gadgets,16866,3
word,Engelken,16867,34
word,Montvale,16868,2
word,exploits,16869,2
word,groans,16870,2
word,clutter,16871,10
word,Jurisprudence,16872,3
word,buffs,16873,2
word,Babe,16874,2
word,reminds,16875,4
word,eccentric,16876,2
word,50th,16877,3
word,Polo,16878,2
word,Grounds,16879,2
word,playoff,16880,3
word,jammed,16881,3
word,duel,16882,2
word,12-year-old,16883,2
word,3-1,16884,2
word,Branca,16885,3
word,swamped,16886,4
word,runners,16887,2
word,batter,16888,3
word,sailed,16889,2
word,legend,16890,2
word,paper-goods,16891,2
word,Hodges,16892,2
word,shouting,16893,5
word,Coogan,16894,2
word,Bluff,16895,3
word,lifetime,16896,7
word,enduring,16897,3
word,Betsy,16898,4
word,romantic,16899,6
word,compliment,16900,3
word,Event,16901,2
word,poet,16902,2
word,25th,16903,2
word,coincidence,16904,4
word,reads,16905,5
word,auspicious,16906,2
word,Turnpike,16907,5
word,booths,16908,2
word,Exit,16909,3
word,silver-haired,16910,2
word,Keep,16911,3
word,Flying,16912,4
word,hesitation,16913,4
word,overwhelmed,16914,2
word,lifelong,16915,3
word,arranges,16916,2
word,Southam,16917,10
word,divestitures,16918,2
word,Ondaatje,16919,3
word,chronically,16920,2
word,Norton,16921,13
word,abrasives,16922,3
word,Eastman,16923,11
word,Christensen,16924,2
word,33-year-old,16925,3
word,long-cherished,16926,2
word,southwest,16927,3
word,slimmer,16928,3
word,kilometers,16929,2
word,Assemblyman,16930,2
word,commentator,16931,3
word,Assembly,16932,8
word,Roh,16933,2
word,framed,16934,3
word,Taxes,16935,2
word,sizes,16936,2
word,capitalistic,16937,4
word,Supervision,16938,9
word,ordinance,16939,6
word,handicapped,16940,4
word,locating,16941,2
word,retarded,16942,3
word,Espectador,16943,7
word,Guillermo,16944,2
word,mafias,16945,3
word,ruthless,16946,3
word,censored,16947,3
word,bombed,16948,2
word,visitor,16949,3
word,Reduction,16950,2
word,cartel,16951,4
word,ranches,16952,2
word,raided,16953,2
word,helicopters,16954,2
word,airplanes,16955,6
word,laundered,16956,2
word,Depression,16957,4
word,substituting,16958,2
word,gram,16959,2
word,scourge,16960,2
word,custody,16961,6
word,Running,16962,4
word,mayoralty,16963,3
word,cronies,16964,2
word,Koch,16965,9
word,opponent,16966,8
word,citywide,16967,2
word,mains,16968,4
word,roadways,16969,5
word,"3,200",16970,2
word,Regan,16971,3
word,candidacy,16972,5
word,Meyer,16973,4
word,Cuomo,16974,3
word,avuncular,16975,2
word,remembers,16976,3
word,Harlem,16977,4
word,Bensonhurst,16978,2
word,hinder,16979,5
word,mishandled,16980,3
word,patron,16981,4
word,Percy,16982,2
word,anti-white,16983,2
word,allay,16984,4
word,Rangel,16985,3
word,Basil,16986,2
word,O'Dwyer,16987,2
word,ceremonial,16988,2
word,Garth,16989,5
word,Estimate,16990,3
word,crawl,16991,3
word,masse,16992,2
word,herbal,16993,2
word,Deputy,16994,6
word,Ferrer,16995,2
word,withheld,16996,5
word,enthusiastically,16997,2
word,endorsement,16998,7
word,incinerator,16999,8
word,anti-development,17000,2
word,organizer,17001,2
word,Messinger,17002,2
word,Leventhal,17003,7
word,Gliedman,17004,2
word,Felix,17005,3
word,Flom,17006,5
word,Names,17007,3
word,Ravitch,17008,2
word,potholes,17009,2
word,determination,17010,7
word,vacating,17011,4
word,pragmatist,17012,2
word,pragmatism,17013,3
word,monumental,17014,4
word,Toni,17015,4
word,stately,17016,2
word,Victorian,17017,5
word,lurched,17018,3
word,sturdy,17019,2
word,oak,17020,3
word,29-year-old,17021,2
word,adjuster,17022,6
word,policyholders,17023,8
word,sift,17024,3
word,rubble,17025,10
word,parcel,17026,4
word,inspecting,17027,2
word,unsafe,17028,2
word,buckled,17029,3
word,tenant,17030,3
word,sweeps,17031,3
word,shattered,17032,7
word,salvaged,17033,3
word,albums,17034,2
word,aftershock,17035,4
word,Hammack,17036,6
word,Hammacks,17037,4
word,Gatos,17038,3
word,Walnut,17039,3
word,Adjusters,17040,2
word,earthquake-related,17041,5
word,chartered,17042,6
word,assessing,17043,5
word,dealt,17044,3
word,Offices,17045,3
word,bucks,17046,3
word,Amfac,17047,2
word,bathrooms,17048,2
word,balconies,17049,2
word,assign,17050,3
word,roofing,17051,3
word,wallpaper,17052,3
word,double-decker,17053,5
word,basement,17054,4
word,masonry,17055,3
word,wiring,17056,2
word,sway,17057,4
word,shakes,17058,3
word,underneath,17059,2
word,demolishing,17060,2
word,slightest,17061,2
word,reviews,17062,11
word,gently,17063,5
word,Earthquake,17064,5
word,roadway,17065,6
word,FCC,17066,15
word,latitude,17067,2
word,Sikes,17068,5
word,Grubman,17069,3
word,commissioners,17070,5
word,4-0,17071,2
word,Tariff,17072,5
word,narrowest,17073,2
word,Holiday,17074,15
word,Resort,17075,2
word,Firestone,17076,2
word,applauded,17077,3
word,flaunt,17078,2
word,Telecommunications,17079,9
word,countersuit,17080,4
word,echelon,17081,2
word,nemesis,17082,2
word,pillar,17083,4
word,flowed,17084,2
word,Dalbar,17085,3
word,Brouwer,17086,6
word,Janachowski,17087,2
word,outgoing,17088,2
word,Harvey,17089,2
word,tremors,17090,10
word,outflow,17091,5
word,Litvack,17092,5
word,Yield,17093,5
word,Norwitz,17094,2
word,Lipper,17095,10
word,Analytical,17096,7
word,rift,17097,4
word,Beale,17098,4
word,anticipate,17099,9
word,stopgap,17100,4
word,deflator,17101,6
word,Anheuser-Busch,17102,5
word,Nutritional,17103,5
word,Healthdyne,17104,3
word,'til,17105,2
word,closed-door,17106,4
word,approving,17107,2
word,fiasco,17108,2
word,thug,17109,2
word,interpreting,17110,2
word,assassinations,17111,6
word,nuance,17112,2
word,defender,17113,3
word,hawk,17114,2
word,Vandenberg,17115,3
word,Rayburn,17116,3
word,speaker,17117,8
word,cooperated,17118,3
word,charming,17119,2
word,containment,17120,3
word,Grenada,17121,2
word,wise,17122,3
word,grave,17123,7
word,spies,17124,3
word,ambiguities,17125,3
word,abuses,17126,7
word,gridlock,17127,9
word,Tough,17128,2
word,Row,17129,2
word,journey,17130,2
word,fortunate,17131,3
word,sparsely,17132,2
word,remembered,17133,5
word,accustomed,17134,4
word,jams,17135,4
word,forests,17136,4
word,post-war,17137,2
word,Shipbuilding,17138,3
word,markka,17139,3
word,hail,17140,2
word,AS,17141,3
word,lacking,17142,7
word,Postipankki,17143,2
word,misled,17144,3
word,explicitly,17145,2
word,Suominen,17146,3
word,ballooned,17147,2
word,vain,17148,2
word,huddled,17149,3
word,Turner,17150,27
word,exchangeable,17151,2
word,Oldsmobile,17152,2
word,Bus,17153,3
word,Janesville,17154,2
word,Cavalier,17155,2
word,Newark,17156,10
word,d,17157,2
word,Percentage,17158,2
word,Includes,17159,7
word,Prizm,17160,2
word,r,17161,3
word,Revised,17162,3
word,x,17163,3
word,Year-to-date,17164,2
word,Volkswagen,17165,5
word,domestic-production,17166,2
word,S.G.,17167,2
word,Unions,17168,3
word,Increasingly,17169,4
word,repeats,17170,2
word,LIT,17171,3
word,second-half,17172,2
word,omit,17173,4
word,cushioning,17174,3
word,Restaurants,17175,4
word,dawning,17176,3
word,malaise,17177,2
word,longing,17178,5
word,uncomplicated,17179,2
word,eve,17180,2
word,Francois,17181,4
word,plain,17182,11
word,Hartley,17183,2
word,Hole,17184,2
word,Wyo,17185,2
word,horn,17186,4
word,resorts,17187,17
word,presage,17188,3
word,harsher,17189,3
word,Qintex,17190,85
word,Skase,17191,15
word,counterbid,17192,2
word,43%-owned,17193,3
word,Antar,17194,17
word,Crazy,17195,2
word,seizure,17196,6
word,Racketeer,17197,3
word,Influenced,17198,3
word,Corrupt,17199,4
word,RICO,17200,23
word,derives,17201,2
word,Feldman,17202,2
word,Alito,17203,2
word,forfeiture,17204,14
word,overstate,17205,5
word,tainted,17206,4
word,applies,17207,5
word,correction,17208,5
word,precautions,17209,2
word,widened,17210,13
word,skier,17211,4
word,bump,17212,2
word,skis,17213,2
word,accelerating,17214,8
word,pumped,17215,4
word,composites,17216,2
word,symptom,17217,2
word,Leigh-Pemberton,17218,5
word,bugs,17219,14
word,notifying,17220,2
word,Archuleta,17221,3
word,Hewlett,17222,2
word,AST,17223,2
word,486-based,17224,3
word,Slater,17225,3
word,gun,17226,6
word,glitch,17227,2
word,high-profile,17228,5
word,higher-priced,17229,3
word,dazzling,17230,2
word,inheritance,17231,3
word,descendant,17232,2
word,16-bit,17233,3
word,32-bit,17234,3
word,cornered,17235,3
word,successive,17236,2
word,workstations,17237,12
word,bug,17238,3
word,BethForge,17239,4
word,press-forge,17240,2
word,Usinor,17241,2
word,modernized,17242,3
word,caster,17243,2
word,flatten,17244,2
word,fabrication,17245,6
word,hardened,17246,2
word,salon,17247,3
word,Staley,17248,2
word,skyscraper,17249,2
word,tract,17250,3
word,Colinas,17251,3
word,ranch,17252,4
word,Owners,17253,6
word,Plus,17254,4
word,commutes,17255,2
word,35-hour,17256,2
word,"527,000",17257,2
word,IMA,17258,15
word,Pritzker,17259,4
word,Melvyn,17260,2
word,twists,17261,4
word,Gilleland,17262,2
word,circulate,17263,2
word,Margins,17264,6
word,hedgers,17265,2
word,Ruder,17266,5
word,Practices,17267,2
word,laudable,17268,2
word,profoundly,17269,5
word,governance,17270,2
word,willful,17271,2
word,Coffee,17272,2
word,Cocoa,17273,2
word,feasibility,17274,2
word,Cost,17275,2
word,courting,17276,3
word,arbitrary,17277,2
word,imposition,17278,3
word,depriving,17279,2
word,supervising,17280,5
word,independents,17281,2
word,salaried,17282,3
word,arbitrarily,17283,4
word,precluded,17284,2
word,"2,202,000",17285,2
word,"2,205,000",17286,2
word,Counting,17287,2
word,Mahfouz,17288,10
word,Cairo,17289,10
word,aspiring,17290,2
word,Hassan,17291,3
word,Ali,17292,2
word,morality,17293,3
word,Said,17294,8
word,Mahran,17295,2
word,boredom,17296,2
word,opium,17297,3
word,novels,17298,8
word,Thief,17299,3
word,Wedding,17300,4
word,Song,17301,4
word,span,17302,5
word,allegory,17303,2
word,colonial,17304,5
word,outpost,17305,3
word,slum,17306,2
word,choking,17307,2
word,narrator,17308,4
word,bureaucrat,17309,5
word,sacrifices,17310,2
word,siphoned,17311,4
word,burying,17312,2
word,conceal,17313,2
word,belongings,17314,2
word,critique,17315,2
word,slums,17316,2
word,interspersed,17317,2
word,spewing,17318,3
word,crooks,17319,2
word,Arabic,17320,2
word,Dostoevski,17321,2
word,reminiscent,17322,3
word,monologues,17323,2
word,mentor,17324,3
word,idealism,17325,3
word,vanished,17326,2
word,giddy,17327,2
word,robbers,17328,4
word,dogs,17329,8
word,prey,17330,3
word,spirited,17331,2
word,laden,17332,2
word,disappoint,17333,2
word,experimental,17334,6
word,unfolds,17335,2
word,meditation,17336,2
word,storytelling,17337,2
word,genres,17338,2
word,endure,17339,6
word,idealist,17340,2
word,poorest,17341,6
word,drained,17342,2
word,sewers,17343,2
word,ceaselessly,17344,2
word,queues,17345,2
word,Middle,17346,9
word,Norwood,17347,7
word,Mass.-based,17348,4
word,Reese,17349,3
word,Boston-based,17350,3
word,Oasis,17351,2
word,Weirton,17352,3
word,restoration,17353,6
word,work-rule,17354,2
word,mismanagement,17355,3
word,C-SPAN,17356,2
word,blatant,17357,2
word,Block,17358,21
word,collapsing,17359,4
word,surveillance,17360,6
word,"450,000",17361,3
word,recreation,17362,6
word,Shultz,17363,2
word,leverage,17364,23
word,addicted,17365,2
word,plowed,17366,2
word,criminality,17367,3
word,pushers,17368,2
word,informative,17369,2
word,cocktail,17370,5
word,mixture,17371,2
word,ominous,17372,2
word,contributor,17373,2
word,Darby,17374,2
word,unsold,17375,3
word,overhang,17376,4
word,Northrop,17377,12
word,tooling,17378,2
word,Rainbow,17379,5
word,follow-on,17380,2
word,entitle,17381,3
word,Iverson,17382,7
word,buzz,17383,3
word,thriving,17384,5
word,spared,17385,3
word,W.J.,17386,3
word,Schafer,17387,2
word,anti-missile,17388,2
word,UNC,17389,2
word,repairing,17390,5
word,medium-size,17391,2
word,QuesTech,17392,3
word,Salvatori,17393,3
word,Telos,17394,3
word,tripling,17395,2
word,booking,17396,3
word,nonexistent,17397,2
word,Lin,17398,3
word,TransTechnology,17399,2
word,Oaks,17400,3
word,ordnance,17401,2
word,Morishita,17402,18
word,gallery,17403,9
word,Christies,17404,6
word,dents,17405,2
word,Aichi,17406,7
word,brushes,17407,3
word,'60s,17408,4
word,'70s,17409,2
word,confinement,17410,2
word,forgery,17411,2
word,extortion,17412,5
word,machikin,17413,3
word,Kenji,17414,2
word,Utsunomiya,17415,2
word,Aska,17416,4
word,Holmes,17417,9
word,stockholder,17418,4
word,Kori,17419,3
word,correctly,17420,3
word,Asahi,17421,5
word,Shimbun,17422,4
word,shady,17423,4
word,gossipy,17424,2
word,dined,17425,2
word,richest,17426,5
word,towers,17427,2
word,wherever,17428,4
word,WHO,17429,6
word,NEWS,17430,4
word,British-based,17431,2
word,nonperforming,17432,6
word,Private-sector,17433,2
word,comparing,17434,2
word,expiring,17435,2
word,lump-sum,17436,2
word,turtle,17437,2
word,Pong,17438,2
word,Pagong,17439,2
word,Batibot,17440,10
word,Sesame,17441,2
word,inferior,17442,2
word,Randy,17443,5
word,prejudiced,17444,2
word,loyalties,17445,2
word,ambivalence,17446,2
word,schizophrenia,17447,2
word,simmering,17448,2
word,uproar,17449,3
word,shoestring,17450,2
word,Acting,17451,2
word,Decker,17452,17
word,Bostik,17453,2
word,Emhart,17454,11
word,power-tool,17455,2
word,rescued,17456,2
word,locks,17457,2
word,gardening,17458,3
word,Bostic,17459,2
word,Nolan,17460,2
word,concocted,17461,2
word,Bad,17462,2
word,Hart-Scott,17463,2
word,lips,17464,4
word,Grobstein,17465,3
word,Fournier,17466,13
word,canning,17467,4
word,Philippe,17468,3
word,Cholet,17469,2
word,downplayed,17470,3
word,Lauderdale,17471,3
word,Blockbuster,17472,5
word,realm,17473,2
word,defer,17474,8
word,avoidance,17475,2
word,Kroger,17476,3
word,Pinnacle,17477,14
word,Mitsukoshi,17478,5
word,cultures,17479,4
word,stumble,17480,4
word,Isetan,17481,2
word,17-store,17482,2
word,Barclay,17483,5
word,Nihon,17484,4
word,Keizai,17485,4
word,Traub,17486,6
word,management-led,17487,5
word,Paying,17488,2
word,tie-ups,17489,2
word,Tiffany,17490,3
word,Takashimaya,17491,2
word,popping,17492,2
word,Compiled,17493,2
word,Vatican,17494,10
word,Catholics,17495,4
word,Cardinal,17496,3
word,Holy,17497,2
word,De,17498,15
word,Gallup,17499,4
word,spaghetti,17500,3
word,distribute,17501,14
word,unscrupulous,17502,6
word,cancellations,17503,2
word,stamps,17504,4
word,collectors,17505,3
word,cheaply,17506,3
word,charities,17507,22
word,donors,17508,3
word,flashlights,17509,3
word,state-run,17510,3
word,Inside,17511,4
word,Xinhua,17512,3
word,snakes,17513,3
word,Di,17514,6
word,Giorgio,17515,5
word,32-a-share,17516,2
word,DIG,17517,3
word,whacked,17518,2
word,Taken,17519,3
word,reasoned,17520,3
word,outstripped,17521,3
word,reparations,17522,4
word,Japanese-Americans,17523,2
word,internment,17524,2
word,pre-merger,17525,2
word,abandons,17526,2
word,expediting,17527,2
word,lightning,17528,2
word,rod,17529,7
word,successors,17530,3
word,Rudman,17531,4
word,notification,17532,9
word,fingerprint,17533,2
word,Gramm-Rudman-Hollings,17534,2
word,rescinded,17535,2
word,Ernest,17536,6
word,Hollings,17537,2
word,pessimism,17538,2
word,blitz,17539,2
word,sprout,17540,2
word,assembling,17541,2
word,reeled,17542,3
word,balking,17543,2
word,surpass,17544,4
word,Measure,17545,7
word,Alley,17546,6
word,Theater,17547,4
word,punk,17548,2
word,vogue,17549,2
word,productions,17550,4
word,Rep,17551,3
word,Claudio,17552,5
word,marry,17553,2
word,Isabella,17554,5
word,convent,17555,3
word,disguised,17556,4
word,dynamic,17557,10
word,Ellen,17558,3
word,confronts,17559,2
word,Jefferies,17560,8
word,interpreter,17561,2
word,directorial,17562,2
word,prostitutes,17563,3
word,costumes,17564,2
word,nude,17565,2
word,Lucio,17566,2
word,slaps,17567,2
word,voluptuous,17568,2
word,undulate,17569,2
word,Glen,17570,3
word,obscene,17571,2
word,Bakker,17572,6
word,Leona,17573,2
word,Helmsley,17574,14
word,Zsa,17575,4
word,Gabor,17576,3
word,laugh,17577,2
word,unworthy,17578,2
word,scorecard,17579,3
word,assignment,17580,4
word,undistinguished,17581,2
word,adventure,17582,2
word,acclaim,17583,2
word,height,17584,3
word,bottled,17585,6
word,60-vote,17586,2
word,Packwood,17587,18
word,filibuster,17588,2
word,cloture,17589,2
word,countered,17590,5
word,first-home,17591,2
word,tuition,17592,14
word,Marsh,17593,10
word,McLennan,17594,9
word,Gradmann,17595,3
word,Holler,17596,3
word,Kiep,17597,2
word,WASHINGTON,17598,2
word,configuration,17599,2
word,Ingalls,17600,2
word,Litton,17601,2
word,Peripherals,17602,3
word,Swavely,17603,2
word,Wang,17604,11
word,Stirling,17605,2
word,Kilpatrick,17606,2
word,Diversified,17607,4
word,trucking,17608,8
word,LeGere,17609,2
word,activated,17610,2
word,receptionist,17611,2
word,allowance,17612,5
word,honoring,17613,2
word,Coelho,17614,4
word,landed,17615,8
word,Deaver,17616,9
word,glut,17617,5
word,sensibility,17618,2
word,unfolding,17619,2
word,dulled,17620,2
word,Buchwald,17621,2
word,post-Watergate,17622,2
word,Shannon,17623,6
word,savviest,17624,2
word,mementos,17625,2
word,confessed,17626,5
word,perjury,17627,7
word,topiary,17628,7
word,sculpture,17629,2
word,Nightline,17630,2
word,Koppel,17631,2
word,lays,17632,3
word,Mankiewicz,17633,2
word,Fedders,17634,3
word,retreated,17635,8
word,meager,17636,2
word,psychoanalyst,17637,3
word,Epilepsy,17638,3
word,kingpins,17639,3
word,emcee,17640,2
word,perch,17641,2
word,Male,17642,3
word,Burford,17643,2
word,part-time,17644,4
word,high-powered,17645,3
word,impoverished,17646,2
word,marrying,17647,2
word,Lavelle,17648,6
word,queen,17649,4
word,Hart,17650,10
word,Ida,17651,2
word,Secord,17652,2
word,fund-raising,17653,6
word,decidedly,17654,4
word,inspiring,17655,2
word,tribute,17656,2
word,Sex,17657,3
word,Off,17658,2
word,sins,17659,4
word,wicked,17660,2
word,foolish,17661,3
word,Gerry,17662,3
word,Bauman,17663,4
word,forgive,17664,2
word,womanizing,17665,2
word,solace,17666,2
word,acquitted,17667,6
word,reassured,17668,4
word,Cuba,17669,8
word,invasion,17670,2
word,OAS,17671,7
word,commentators,17672,3
word,respects,17673,2
word,Americas,17674,3
word,Me,17675,2
word,Older,17676,5
word,Guinness,17677,8
word,Thin,17678,2
word,comedic,17679,2
word,witty,17680,2
word,mentions,17681,2
word,Road,17682,2
word,foul-mouthed,17683,2
word,Hence,17684,3
word,gratuitous,17685,2
word,Viroqua,17686,4
word,family-owned,17687,2
word,democracies,17688,2
word,Duriron,17689,3
word,Automax,17690,2
word,valves,17691,3
word,pumps,17692,3
word,Burmah,17693,6
word,Explonaft,17694,2
word,refiners,17695,6
word,benefiting,17696,6
word,lowers,17697,2
word,Edgar,17698,5
word,3-for-1,17699,2
word,Nokia,17700,2
word,NKF,17701,4
word,Kabel,17702,3
word,Mitterrand,17703,7
word,integrating,17704,2
word,Studies,17705,5
word,dictated,17706,2
word,East-West,17707,4
word,Ostpolitik,17708,2
word,transformation,17709,3
word,Managing,17710,2
word,implying,17711,3
word,reassurance,17712,2
word,Kyle,17713,4
word,Textile,17714,2
word,fiscal-first,17715,3
word,Ohbayashi,17716,6
word,Howell,17717,4
word,Schwarz,17718,13
word,private-banking,17719,2
word,Davison,17720,2
word,Maurer,17721,2
word,welcomes,17722,2
word,masses,17723,2
word,Wonham,17724,2
word,funds-service,17725,2
word,comptroller,17726,9
word,McNealy,17727,2
word,"28,000",17728,2
word,co-sponsor,17729,2
word,steel-related,17730,2
word,Castle,17731,4
word,Harlan,17732,4
word,Quantum,17733,13
word,Farrell,17734,3
word,Posner,17735,5
word,wields,17736,3
word,Soros,17737,2
word,Wolfgang,17738,4
word,U.S.-China,17739,2
word,Jiang,17740,2
word,kindly,17741,4
word,transmitted,17742,5
word,spontaneously,17743,3
word,gunned,17744,2
word,staffer,17745,3
word,enhancement,17746,4
word,EPO,17747,6
word,Amgen,17748,6
word,Thousand,17749,2
word,injections,17750,2
word,EPO-treated,17751,2
word,TAX,17752,2
word,inducement,17753,2
word,Employee,17754,4
word,Garden,17755,8
word,insuring,17756,3
word,conception,17757,6
word,murky,17758,2
word,pensions,17759,3
word,Ira,17760,2
word,tax-deductible,17761,2
word,roaring,17762,2
word,two-tier,17763,6
word,grumble,17764,2
word,circulating,17765,8
word,Kodak,17766,20
word,data-processing,17767,4
word,Maynard,17768,26
word,Armonk,17769,7
word,75th,17770,2
word,Dorgan,17771,3
word,co-sponsored,17772,2
word,admittedly,17773,3
word,spearheaded,17774,2
word,intervening,17775,3
word,sterilized,17776,2
word,forcefully,17777,2
word,diverting,17778,3
word,risking,17779,2
word,stunning,17780,7
word,ex-President,17781,3
word,universal,17782,9
word,ABM,17783,7
word,Krasnoyarsk,17784,9
word,Peoples,17785,4
word,republic,17786,4
word,inexorable,17787,2
word,Siberia,17788,2
word,well-paid,17789,2
word,Primarily,17790,2
word,Selling,17791,3
word,norm,17792,2
word,disintegration,17793,2
word,professed,17794,2
word,squalid,17795,2
word,commonplace,17796,3
word,defrauding,17797,3
word,respectful,17798,2
word,witch,17799,3
word,inclination,17800,3
word,enlisting,17801,2
word,disingenuous,17802,2
word,stampeded,17803,2
word,defensible,17804,2
word,ethos,17805,2
word,stampede,17806,3
word,Cineplex,17807,17
word,Odeon,17808,12
word,Drabinsky,17809,18
word,Kolber,17810,3
word,solicit,17811,5
word,disappointingly,17812,2
word,materializes,17813,2
word,subsequently,17814,9
word,Rank,17815,4
word,Organisation,17816,2
word,Film,17817,9
word,Panet-Raymond,17818,2
word,Hilger,17819,2
word,Manzanec,17820,2
word,Dixon,17821,3
word,Perrier,17822,3
word,cherry,17823,3
word,flavors,17824,3
word,farm-product,17825,2
word,Tariffs,17826,3
word,trade-distorting,17827,2
word,Agricultural,17828,4
word,irked,17829,3
word,Commissioner,17830,5
word,frenetic,17831,3
word,food-importing,17832,2
word,self-sufficient,17833,2
word,Ambassador,17834,5
word,freer,17835,3
word,non-tariff,17836,2
word,computer-maintenance,17837,3
word,workstation,17838,7
word,biography,17839,4
word,Bare-Faced,17840,6
word,Messiah,17841,6
word,True,17842,7
word,Scientology,17843,2
word,quotation,17844,3
word,scholarship,17845,5
word,Leval,17846,9
word,laches,17847,2
word,bigotry,17848,3
word,persuasively,17849,2
word,outweighed,17850,2
word,biographer,17851,2
word,J.D.,17852,2
word,Salinger,17853,9
word,reluctantly,17854,4
word,remedy,17855,5
word,Miner,17856,3
word,Altimari,17857,3
word,Oakes,17858,6
word,historians,17859,4
word,diaries,17860,4
word,possession,17861,2
word,enjoined,17862,5
word,enterprise,17863,7
word,Janet,17864,4
word,Archives,17865,2
word,Masson,17866,12
word,defamatory,17867,2
word,admission,17868,10
word,Alarcon,17869,2
word,astonishing,17870,3
word,fabrications,17871,2
word,eloquent,17872,2
word,Kozinski,17873,5
word,safeguard,17874,4
word,concomitant,17875,2
word,gigolo,17876,2
word,strained,17877,4
word,dishonesty,17878,4
word,invoke,17879,2
word,Pulitzer,17880,2
word,Milgrim,17881,2
word,Scopes,17882,2
word,volunteered,17883,3
word,world-famous,17884,2
word,smart,17885,10
word,Mencken,17886,2
word,fundamentalists,17887,2
word,Hiss,17888,2
word,conflicting,17889,2
word,banal,17890,2
word,whereabouts,17891,2
word,contempt,17892,3
word,transcripts,17893,2
word,worthwhile,17894,3
word,Thurber,17895,4
word,memorable,17896,5
word,uneducated,17897,2
word,CRRES,17898,2
word,Atlas,17899,6
word,Hodson,17900,2
word,Corroon,17901,2
word,Arby,17902,9
word,DWG,17903,3
word,Stevric,17904,3
word,Ventures,17905,6
word,franchising,17906,2
word,"2,100",17907,2
word,Buckley,17908,4
word,Famous,17909,3
word,franchisers,17910,9
word,food-service,17911,3
word,refocus,17912,4
word,energies,17913,2
word,slumping,17914,3
word,E,17915,2
word,EDS,17916,5
word,Delco,17917,2
word,non-GM,17918,2
word,Ballard,17919,3
word,Trivelpiece,17920,2
word,Kalmus,17921,2
word,Fuel,17922,3
word,Seabrook,17923,8
word,Hyde,17924,3
word,market-monitoring,17925,2
word,layout,17926,2
word,five-member,17927,3
word,heftier,17928,2
word,spills,17929,3
word,thrift-bailout,17930,2
word,qualifications,17931,3
word,praise,17932,4
word,behind-the-scenes,17933,2
word,DJIA,17934,4
word,miscalculated,17935,2
word,Congressmen,17936,4
word,button,17937,3
word,air-conditioning,17938,2
word,Welcome,17939,2
word,displaying,17940,4
word,fish,17941,8
word,aquarium,17942,3
word,keyless,17943,2
word,therein,17944,2
word,flocked,17945,4
word,futuristic,17946,4
word,insulate,17947,2
word,two-stroke,17948,3
word,mileage,17949,3
word,piston,17950,2
word,five-cylinder,17951,2
word,V-6,17952,3
word,Acura,17953,3
word,snail,17954,3
word,agility,17955,2
word,Daihatsu,17956,3
word,groceries,17957,2
word,Dumbo,17958,2
word,Renault,17959,13
word,Volvo,17960,3
word,first-ever,17961,3
word,panels,17962,10
word,terribly,17963,4
word,Prix,17964,2
word,bounds,17965,2
word,criticizes,17966,2
word,emotion,17967,4
word,PWA,17968,13
word,Wardair,17969,4
word,Airbus,17970,6
word,half-life,17971,2
word,DC10-30,17972,2
word,767-300ER,17973,2
word,747-400s,17974,2
word,320-200,17975,2
word,Padovan,17976,2
word,Pimlott,17977,2
word,McCarthy,17978,5
word,Bartlett,17979,22
word,Ethiopia,17980,7
word,Aeroflot,17981,4
word,inflict,17982,4
word,conquer,17983,2
word,wording,17984,3
word,Vila,17985,11
word,protested,17986,3
word,endorsements,17987,3
word,objected,17988,3
word,fantasy,17989,3
word,multimillion,17990,3
word,pesticide,17991,8
word,pesticides,17992,9
word,substances,17993,3
word,Hathaway,17994,5
word,scare,17995,6
word,redder,17996,2
word,crunchier,17997,2
word,Delaney,17998,3
word,hazard,17999,6
word,stringent,18000,5
word,semblance,18001,3
word,extract,18002,4
word,rep,18003,2
word,confided,18004,3
word,casualties,18005,2
word,Payroll,18006,2
word,SMU,18007,3
word,Whitford,18008,4
word,Confidential,18009,2
word,Contemporary,18010,2
word,Keteyian,18011,3
word,Bias,18012,5
word,Methodist,18013,2
word,trapped,18014,6
word,bulletin,18015,2
word,Comes,18016,2
word,trustees,18017,5
word,Shields,18018,3
word,expresses,18019,2
word,Clements,18020,3
word,Go,18021,4
word,relying,18022,5
word,Husker,18023,2
word,low-level,18024,2
word,smoldering,18025,2
word,flames,18026,2
word,stardom,18027,2
word,behave,18028,4
word,Mercedes-Benz,18029,5
word,dogged,18030,4
word,Convenience,18031,7
word,Houston-based,18032,4
word,Stop,18033,5
word,'N,18034,2
word,Vanity,18035,4
word,gourmet,18036,2
word,candies,18037,2
word,Horn,18038,2
word,Southland,18039,4
word,sandwiches,18040,4
word,UMW,18041,2
word,sporadic,18042,5
word,Delmed,18043,34
word,alerted,18044,2
word,peritoneal,18045,2
word,dialysis,18046,6
word,Ehrlich,18047,4
word,Fresenius,18048,16
word,vaults,18049,3
word,coins,18050,12
word,bureaucracies,18051,3
word,coin,18052,3
word,Jane,18053,2
word,Coin,18054,4
word,Wrap,18055,5
word,wrappers,18056,2
word,clanging,18057,2
word,dried,18058,3
word,burnt,18059,2
word,cooling,18060,5
word,String,18061,2
word,coping,18062,4
word,Chekhov,18063,2
word,snooping,18064,2
word,Immediate,18065,2
word,constructed,18066,5
word,empathize,18067,2
word,Woods,18068,3
word,Masterson,18069,2
word,expressions,18070,4
word,Kaplan,18071,2
word,adopting,18072,8
word,Lucy,18073,4
word,Dad,18074,3
word,pause,18075,3
word,distress,18076,5
word,sighs,18077,2
word,doddering,18078,2
word,Talking,18079,2
word,gem,18080,4
word,progresses,18081,2
word,Willis,18082,2
word,lazy,18083,2
word,eloquently,18084,2
word,primitive,18085,3
word,summarize,18086,2
word,Lego,18087,3
word,low-profit,18088,2
word,power-generation,18089,2
word,foresees,18090,3
word,transmission,18091,3
word,expenditure,18092,6
word,Mobile,18093,3
word,conflict-of-interest,18094,3
word,blossomed,18095,2
word,commercialize,18096,3
word,Lithox,18097,3
word,venture-capital,18098,7
word,Amira,18099,5
word,Kaddurah-Daouk,18100,2
word,Schimmel,18101,3
word,MIT,18102,6
word,commercialization,18103,2
word,start-ups,18104,3
word,Bock,18105,4
word,Avalon,18106,2
word,Athena,18107,3
word,entrepreneurs,18108,13
word,Emyanitoff,18109,2
word,Katherine,18110,2
word,Bick,18111,2
word,shunning,18112,2
word,EDT,18113,14
word,Boat,18114,2
word,Mill,18115,2
word,Hammerstein,18116,2
word,Broadway,18117,3
word,HBO,18118,9
word,Witness,18119,2
word,Final,18120,4
word,Days,18121,5
word,utter,18122,3
word,10-11,18123,3
word,Showtime,18124,14
word,Case,18125,5
word,relish,18126,3
word,s,18127,5
word,horror,18128,4
word,9-10:30,18129,2
word,Benton,18130,5
word,Pool,18131,3
word,Woodruff,18132,2
word,four-part,18133,3
word,Manager,18134,4
word,Cup,18135,10
word,purses,18136,4
word,8-9,18137,2
word,Glory,18138,2
word,Heard,18139,2
word,Merksamer,18140,13
word,L.J.,18141,9
word,Hooker,18142,10
word,court-appointed,18143,3
word,Tina,18144,2
word,necessitated,18145,2
word,run-up,18146,4
word,Renaissance,18147,18
word,large-capitalization,18148,2
word,gyrating,18149,2
word,chill,18150,2
word,Terrizzi,18151,4
word,T-bills,18152,4
word,switches,18153,6
word,money-management,18154,4
word,asset-allocation,18155,2
word,Kimmel,18156,4
word,49-year-old,18157,2
word,arrange,18158,5
word,hectic,18159,4
word,Charge,18160,2
word,unspent,18161,2
word,Strip,18162,10
word,Casino,18163,2
word,Tropicana,18164,2
word,Golf,18165,2
word,Ramada,18166,13
word,Jaffe,18167,2
word,Kerkorian,18168,3
word,Tracinda,18169,2
word,Desert,18170,4
word,Inn,18171,4
word,drawings,18172,2
word,parks,18173,4
word,IBC\/Donoghue,18174,4
word,Holliston,18175,3
word,top-performing,18176,3
word,contributes,18177,2
word,Leverage,18178,3
word,Letter,18179,4
word,shy,18180,6
word,surges,18181,2
word,interest-free,18182,3
word,Ericson,18183,2
word,horns,18184,4
word,equivalents,18185,6
word,Frabotta,18186,2
word,Bianchi,18187,2
word,fantasies,18188,3
word,Jennifer,18189,4
word,Battery,18190,3
word,horticulturally,18191,2
word,inept,18192,3
word,artwork,18193,3
word,occupy,18194,2
word,BPC,18195,3
word,gardens,18196,3
word,violet,18197,2
word,BPCA,18198,10
word,Undeterred,18199,3
word,Architects,18200,2
word,fragments,18201,2
word,grid,18202,5
word,afforded,18203,3
word,orchard,18204,3
word,squares,18205,2
word,conceit,18206,2
word,miniature,18207,3
word,folly,18208,2
word,gridlocked,18209,2
word,loft,18210,2
word,MX,18211,2
word,cones,18212,2
word,hedges,18213,3
word,decor,18214,2
word,foyer,18215,2
word,implanted,18216,2
word,carp,18217,2
word,intervals,18218,2
word,prized,18219,3
word,expansive,18220,2
word,blotting,18221,2
word,decreed,18222,2
word,waterfront,18223,2
word,horticulture,18224,2
word,Cornell,18225,7
word,Extension,18226,2
word,ft.,18227,2
word,lethargy,18228,2
word,Quennell,18229,2
word,gardener,18230,2
word,decorative,18231,2
word,knots,18232,2
word,hopeless,18233,3
word,incorrect,18234,6
word,revoke,18235,6
word,devalued,18236,3
word,medium,18237,6
word,Professor,18238,3
word,Subcommittee,18239,8
word,market-reform,18240,2
word,Troy,18241,3
word,Pilevsky,18242,4
word,comprise,18243,2
word,Philips,18244,4
word,mailers,18245,3
word,catalogs,18246,3
word,overload,18247,2
word,Businesses,18248,2
word,Flint,18249,3
word,Allentown,18250,2
word,Direct,18251,9
word,Marketing,18252,11
word,portrays,18253,2
word,bald,18254,2
word,business-to-business,18255,2
word,patience,18256,3
word,Magazines,18257,4
word,mailroom,18258,2
word,packets,18259,2
word,junk-mail,18260,3
word,non-subscription,18261,2
word,Bronner,18262,2
word,smarter,18263,2
word,Making,18264,2
word,Sense,18265,2
word,souped-up,18266,2
word,Excel,18267,2
word,Trend,18268,2
word,EWDB,18269,2
word,HOLIDAY,18270,2
word,ADS,18271,2
word,interactive,18272,2
word,three-page,18273,2
word,colorful,18274,3
word,tax-writing,18275,2
word,Packwood-Roth,18276,5
word,buckets,18277,2
word,preferential,18278,5
word,Bumpers,18279,2
word,tinkering,18280,2
word,immigration,18281,3
word,deportation,18282,2
word,Verne,18283,4
word,52-year-old,18284,3
word,reigned,18285,2
word,Libyans,18286,4
word,Tripoli,18287,2
word,deposed,18288,2
word,Gadhafi,18289,2
word,mushrooms,18290,8
word,Welfare,18291,2
word,Chernobyl,18292,2
word,battling,18293,3
word,lagoon,18294,2
word,methane,18295,2
word,Alarmed,18296,2
word,subsidence,18297,2
word,extracting,18298,2
word,Thieves,18299,2
word,BMW,18300,2
word,battery-powered,18301,2
word,generic-drug,18302,2
word,outpatient,18303,3
word,epilepsy,18304,2
word,advocacy,18305,4
word,medication,18306,6
word,collects,18307,2
word,symposiums,18308,2
word,masquerading,18309,2
word,volcano,18310,2
word,erupt,18311,4
word,man-made,18312,2
word,dolphins,18313,2
word,Mirage,18314,12
word,hotel-casino,18315,6
word,Nugget,18316,8
word,concerted,18317,2
word,Circus,18318,10
word,Excalibur,18319,3
word,jousting,18320,2
word,Smaller,18321,3
word,Wynn,18322,2
word,"48,000",18323,2
word,slot,18324,4
word,crap,18325,2
word,Traffic,18326,4
word,Sain,18327,2
word,hotel-casinos,18328,3
word,knights,18329,3
word,Caesars,18330,4
word,rollers,18331,5
word,Hilton,18332,5
word,occupancy,18333,4
word,casinos,18334,5
word,Cokely,18335,2
word,seven-year-old,18336,2
word,Motel,18337,3
word,'90s,18338,2
word,distracted,18339,3
word,diversions,18340,2
word,drowned,18341,2
word,roar,18342,2
word,cranes,18343,2
word,choked,18344,2
word,lured,18345,4
word,recreational-vehicle,18346,2
word,influx,18347,4
word,Competitors,18348,2
word,vacationing,18349,2
word,lures,18350,2
word,redoing,18351,2
word,suites,18352,5
word,courted,18353,3
word,MarCor,18354,2
word,Resorts,18355,3
word,proliferation,18356,6
word,forgot,18357,2
word,BANK,18358,2
word,ARTICLE,18359,2
word,SECTION,18360,2
word,CLAUSE,18361,2
word,Objections,18362,3
word,thirds,18363,3
word,likewise,18364,5
word,Rules,18365,4
word,corps,18366,2
word,line-item-veto,18367,2
word,earthworms,18368,2
word,impoundment,18369,2
word,Interior,18370,5
word,directive,18371,3
word,logged,18372,4
word,Fairness,18373,2
word,Doctrine,18374,2
word,incumbents,18375,2
word,lively,18376,3
word,challengers,18377,3
word,OMB,18378,2
word,Hefner,18379,2
word,graciously,18380,2
word,ax,18381,2
word,wash,18382,3
word,foreclosed,18383,5
word,Lynford,18384,2
word,masked,18385,3
word,overbuilt,18386,5
word,WHY,18387,2
word,Richardson,18388,5
word,clustered,18389,2
word,sidewalks,18390,4
word,grandparents,18391,2
word,suite,18392,3
word,Developers,18393,6
word,Lieb,18394,2
word,Pointe,18395,3
word,Caspi,18396,2
word,Classic,18397,3
word,amenities,18398,2
word,Hovnanian,18399,2
word,condos,18400,2
word,Nob,18401,2
word,EARTHQUAKE,18402,2
word,co-managing,18403,3
word,Planners,18404,4
word,HEALTH,18405,2
word,outfits,18406,3
word,over-40,18407,2
word,LA,18408,2
word,Espre,18409,2
word,Hays,18410,2
word,Anaheim,18411,2
word,HOT,18412,2
word,sparks,18413,2
word,irradiated,18414,2
word,topaz,18415,3
word,reactors,18416,5
word,transforms,18417,3
word,Hickey,18418,2
word,NRC,18419,4
word,CAPITAL,18420,2
word,Patricof,18421,2
word,Munich,18422,2
word,brochures,18423,3
word,videos,18424,5
word,Bowker,18425,2
word,SALES,18426,3
word,radios,18427,3
word,asleep,18428,2
word,ruining,18429,4
word,mouth,18430,5
word,Timbers,18431,4
word,scares,18432,2
word,Eckenfelder,18433,2
word,periodically,18434,2
word,civic,18435,5
word,double-A-minus,18436,4
word,Recreation,18437,2
word,Meat,18438,2
word,Montagu,18439,5
word,Gillian,18440,2
word,Seventh,18441,4
word,clad,18442,2
word,pale,18443,6
word,Sanger,18444,3
word,Barnard,18445,3
word,Marmalstein,18446,2
word,Konheim,18447,3
word,service-center,18448,2
word,Armco,18449,6
word,bode,18450,3
word,Jacobson,18451,21
word,outage,18452,3
word,outages,18453,3
word,Michelle,18454,4
word,Applebaum,18455,2
word,dedication,18456,3
word,random,18457,8
word,DRAMs,18458,5
word,prevalent,18459,3
word,X-ray,18460,2
word,shining,18461,2
word,mask,18462,2
word,X-rays,18463,5
word,four-megabit,18464,4
word,Allied-Signal,18465,9
word,informing,18466,3
word,Provigo,18467,16
word,non-food,18468,9
word,Lortie,18469,8
word,Nadeau,18470,7
word,sporting-goods,18471,2
word,showroom,18472,4
word,Cowan,18473,2
word,reputations,18474,3
word,Henri,18475,2
word,Bussieres,18476,2
word,reckon,18477,3
word,Reinsurance,18478,2
word,underwrites,18479,2
word,Levi,18480,2
word,aided,18481,10
word,Nye,18482,6
word,Dubinsky,18483,4
word,adversaries,18484,2
word,ours,18485,3
word,Browning,18486,2
word,ouster,18487,2
word,consents,18488,4
word,Year-earlier,18489,5
word,transmitting,18490,2
word,four-page,18491,2
word,Lampoon,18492,3
word,Thrift,18493,10
word,bruising,18494,2
word,Anheuser,18495,16
word,Budweiser,18496,2
word,lower-than-anticipated,18497,2
word,Steinman,18498,2
word,Stroh,18499,2
word,Brewery,18500,3
word,index-linked,18501,3
word,NTT,18502,2
word,Mochida,18503,4
word,Sekisui,18504,2
word,Misawa,18505,3
word,underpinned,18506,3
word,Wireless,18507,2
word,80-point,18508,4
word,workweek,18509,4
word,persist,18510,5
word,Bayerische,18511,3
word,Motoren,18512,3
word,Werke,18513,3
word,unnerved,18514,2
word,231-191,18515,2
word,resurgent,18516,4
word,abortion-rights,18517,16
word,attaching,18518,3
word,sixfold,18519,2
word,ambivalent,18520,4
word,rape-and-incest,18521,2
word,Conte,18522,2
word,hierarchy,18523,2
word,Les,18524,4
word,AuCoin,18525,2
word,blunt,18526,2
word,Grupo,18527,2
word,Zeta,18528,7
word,enhancing,18529,3
word,seal,18530,5
word,ESPs,18531,3
word,evolutionary,18532,3
word,spawn,18533,2
word,CBOE,18534,9
word,Brokers,18535,5
word,undoubtedly,18536,3
word,utilization,18537,12
word,two-month,18538,2
word,Kass,18539,2
word,H.H.,18540,6
word,Ivan,18541,5
word,Boesky,18542,13
word,class-action,18543,8
word,D.C.-based,18544,3
word,Wilmer,18545,5
word,Cutler,18546,6
word,Pickering,18547,2
word,Richards,18548,4
word,Herman,18549,2
word,Ferguson,18550,7
word,exhausting,18551,2
word,releasing,18552,3
word,plaintiff,18553,4
word,simpler,18554,3
word,Businessland,18555,3
word,cleaners,18556,2
word,petroleum-related,18557,2
word,Bolling,18558,2
word,tankers,18559,4
word,anew,18560,2
word,Soybean,18561,3
word,arriving,18562,2
word,gulf,18563,2
word,bales,18564,2
word,1979-80,18565,3
word,climbs,18566,2
word,COCOA,18567,3
word,Ghana,18568,2
word,Ivory,18569,6
word,Schwartz,18570,10
word,Cargill,18571,2
word,arrivals,18572,3
word,stating,18573,5
word,Toms,18574,2
word,sinking-fund,18575,2
word,Ba3,18576,3
word,Baa2,18577,2
word,B2,18578,3
word,purported,18579,2
word,Trivest,18580,2
word,Beghin-Say,18581,5
word,Ferruzzi,18582,3
word,Agricola,18583,2
word,Finanziaria,18584,3
word,Esselte,18585,8
word,F-14,18586,6
word,touches,18587,4
word,space-based,18588,2
word,Aspin,18589,2
word,parachute,18590,3
word,reopening,18591,2
word,verification,18592,2
word,envisioned,18593,3
word,Freightways,18594,3
word,Emery,18595,2
word,Menlo,18596,4
word,long-haul,18597,2
word,slim,18598,5
word,boundary,18599,3
word,"155,650,000",18600,2
word,Butcher,18601,2
word,Blue-chip,18602,2
word,earnings-related,18603,2
word,TW,18604,22
word,postponement,18605,2
word,battled,18606,5
word,USAir,18607,47
word,Newell,18608,2
word,capital-spending,18609,2
word,Mitsuru,18610,2
word,shipbuilder,18611,3
word,"2,400",18612,2
word,worriers,18613,2
word,importing,18614,7
word,Nobuyuki,18615,2
word,Fanuc,18616,3
word,technologically,18617,2
word,Takuro,18618,2
word,leisure,18619,4
word,capturing,18620,2
word,Daikin,18621,4
word,conditioners,18622,2
word,Seeing,18623,2
word,Breweries,18624,2
word,racking,18625,2
word,Details,18626,7
word,Amdahl,18627,4
word,Oneida,18628,3
word,AZT,18629,15
word,antiviral,18630,2
word,investigational,18631,2
word,Adults,18632,3
word,usage,18633,5
word,dementia,18634,4
word,stricken,18635,3
word,"1,859",18636,2
word,Mothers,18637,2
word,Thank,18638,2
word,goodness,18639,2
word,Glaser,18640,4
word,pediatric,18641,5
word,Burroughs,18642,3
word,ravages,18643,2
word,reappearance,18644,2
word,Helen,18645,4
word,bicycle,18646,3
word,quieted,18647,5
word,HOUSE,18648,2
word,overturn,18649,3
word,24th,18650,3
word,infected,18651,8
word,"13,000",18652,3
word,Lebanese,18653,2
word,Israeli-Palestinian,18654,2
word,risked,18655,2
word,subpoena,18656,6
word,Salvadoran,18657,2
word,landslide,18658,2
word,Jeff,18659,10
word,uncle,18660,3
word,brewery,18661,2
word,D&B,18662,4
word,accuses,18663,4
word,cellular-phone,18664,4
word,Juan,18665,2
word,Bauer,18666,2
word,Nine-month,18667,4
word,Gollust,18668,2
word,Tierney,18669,3
word,Denny,18670,3
word,Hardee,18671,2
word,Quincy,18672,2
word,chicken,18673,3
word,recession-resistant,18674,3
word,Paramus,18675,2
word,IDS,18676,2
word,rub,18677,3
word,DLJ,18678,6
word,Rohs,18679,4
word,shelved,18680,2
word,\*,18681,9
word,\*\*,18682,6
word,Loss,18683,2
word,farce,18684,2
word,screamed,18685,2
word,reasserting,18686,2
word,Poll,18687,2
word,sniffed,18688,2
word,proclaims,18689,4
word,beliefs,18690,4
word,distressed,18691,5
word,Work,18692,5
word,Ewing,18693,2
word,trampled,18694,2
word,Zipper,18695,2
word,Geduld,18696,2
word,choppy,18697,3
word,Mentor,18698,2
word,Winter,18699,9
word,Games,18700,9
word,poker,18701,3
word,cheering,18702,2
word,ESPN,18703,6
word,belie,18704,2
word,Tisch,18705,9
word,crown,18706,4
word,finals,18707,4
word,overbid,18708,2
word,spender,18709,2
word,bitterly,18710,5
word,Wussler,18711,3
word,cares,18712,2
word,Events,18713,2
word,wielding,18714,2
word,last-place,18715,2
word,premiering,18716,2
word,Super,18717,4
word,Meredith,18718,19
word,shoo-in,18719,2
word,lineup,18720,7
word,Comsat,18721,6
word,Bozell,18722,4
word,jack,18723,2
word,Basketball,18724,2
word,minuscule,18725,2
word,"900,000",18726,2
word,Yes,18727,6
word,ears,18728,4
word,peruse,18729,2
word,Eavesdropping,18730,2
word,eroded,18731,5
word,telemarketers,18732,4
word,Parcel,18733,4
word,Dictaphone,18734,3
word,voice-activated,18735,4
word,Veritrac,18736,2
word,verify,18737,2
word,salesmen,18738,12
word,bond-trading,18739,3
word,Counter,18740,2
word,Spy,18741,2
word,Shack,18742,8
word,recordings,18743,2
word,infidelity,18744,2
word,beeping,18745,2
word,telemarketing,18746,4
word,Dellums,18747,4
word,two-party,18748,2
word,eavesdropping,18749,2
word,remembering,18750,4
word,ACLU,18751,2
word,Reno,18752,2
word,wiretap,18753,2
word,CWA,18754,2
word,infringes,18755,2
word,one-party,18756,2
word,Appel,18757,2
word,flapping,18758,2
word,VAX,18759,6
word,pent-up,18760,2
word,computerizing,18761,5
word,optional,18762,2
word,vector,18763,2
word,minicomputer,18764,4
word,SoundView,18765,2
word,cartridge,18766,4
word,Storage,18767,7
word,inflicted,18768,2
word,Aegis,18769,2
word,stripping,18770,2
word,Buchner,18771,3
word,cross-connect,18772,2
word,Sonet,18773,2
word,dearth,18774,2
word,Thacher,18775,2
word,Willkie,18776,2
word,Farr,18777,2
word,Gallagher,18778,3
word,Wachtell,18779,2
word,Fried,18780,8
word,sensible,18781,4
word,erratic,18782,3
word,Skadden,18783,2
word,Arps,18784,2
word,Meagher,18785,3
word,Haas,18786,4
word,Laff,18787,14
word,Lang,18788,14
word,secretly,18789,3
word,Lorin,18790,12
word,Aslanian,18791,3
word,transcript,18792,3
word,framing,18793,2
word,claimants,18794,7
word,Saltzburg,18795,4
word,Merhige,18796,3
word,A.H.,18797,4
word,Robins,18798,9
word,Claimants,18799,2
word,CHICAGO,18800,2
word,FIRM,18801,2
word,Menell,18802,2
word,Spahr,18803,2
word,Ingersoll,18804,16
word,Kennametal,18805,3
word,J&L,18806,2
word,Expenses,18807,2
word,Gilbert,18808,3
word,Leasing,18809,2
word,fleets,18810,4
word,writedowns,18811,3
word,barn,18812,4
word,Hixson,18813,2
word,Henley,18814,2
word,Maxicare,18815,9
word,Emeryville,18816,3
word,Saab-Scania,18817,7
word,Saab,18818,24
word,fluid,18819,5
word,Congo,18820,2
word,Production,18821,6
word,Bishop,18822,2
word,Pipeline,18823,4
word,Davy,18824,2
word,Kramer,18825,2
word,Superfund,18826,10
word,Memories,18827,15
word,Ariz,18828,5
word,random-access,18829,2
word,Micro,18830,4
word,Semiconductor,18831,9
word,resell,18832,3
word,Quickview,18833,6
word,HyperCard,18834,5
word,Macintosh,18835,4
word,programmers,18836,2
word,Cupertino,18837,4
word,Kageyama,18838,9
word,Thing,18839,2
word,Bloomington,18840,2
word,philosophic,18841,2
word,motivated,18842,5
word,Fla,18843,5
word,fusion,18844,20
word,anti-American,18845,2
word,Eaux,18846,2
word,flatly,18847,2
word,mate,18848,3
word,resurrected,18849,2
word,stalwart,18850,3
word,quickest,18851,4
word,pollster,18852,2
word,Wirthlin,18853,2
word,well-stated,18854,2
word,Roe,18855,8
word,Wade,18856,7
word,endangerment,18857,2
word,dispatched,18858,9
word,Sununu,18859,4
word,shied,18860,3
word,curbs,18861,6
word,Mainstream,18862,2
word,moderates,18863,3
word,constitutionally,18864,2
word,Booker,18865,2
word,Goodyear,18866,12
word,translations,18867,4
word,Roderick,18868,13
word,Corry,18869,33
word,minimills,18870,2
word,three-year-old,18871,2
word,adroitly,18872,2
word,thoroughbred,18873,5
word,swallowed,18874,3
word,amasses,18875,3
word,greeting,18876,2
word,salmon,18877,4
word,Bryan,18878,3
word,distancing,18879,4
word,hunting,18880,4
word,backbone,18881,3
word,so-so,18882,3
word,nicknamed,18883,3
word,Lynn,18884,6
word,breathing,18885,5
word,Shaw-Walker,18886,2
word,counterterrorism,18887,3
word,terrorist,18888,6
word,Fatah,18889,4
word,Shamir,18890,5
word,Carmon,18891,3
word,lieutenants,18892,2
word,constitutes,18893,2
word,civilians,18894,3
word,pre-1967,18895,2
word,veracity,18896,2
word,embarrass,18897,3
word,highlighted,18898,4
word,spurts,18899,3
word,Satoshi,18900,2
word,Sumita,18901,3
word,backfired,18902,3
word,Safe,18903,3
word,double-A-3,18904,2
word,Kriz,18905,4
word,mismatch,18906,2
word,firing,18907,2
word,Germeten,18908,2
word,Mexicanos,18909,2
word,"1,250,000",18910,2
word,Allstate,18911,4
word,quadrupled,18912,3
word,Bigger,18913,3
word,small-scale,18914,2
word,forgiving,18915,2
word,glutted,18916,2
word,aggravate,18917,2
word,alas,18918,2
word,Quarter,18919,3
word,faltering,18920,2
word,Glazer,18921,6
word,Sally,18922,3
word,Kleinman,18923,2
word,bookings,18924,5
word,customarily,18925,2
word,capital-goods,18926,2
word,McKinnon,18927,4
word,forfeit,18928,3
word,establishes,18929,2
word,Curcio,18930,2
word,cable-television,18931,3
word,RMI,18932,3
word,Titanium,18933,3
word,Oddly,18934,2
word,wonderfully,18935,3
word,Retired,18936,2
word,Adm.,18937,8
word,Crowe,18938,2
word,capita,18939,7
word,heavyweight,18940,2
word,LDP,18941,19
word,fishermen,18942,3
word,paved,18943,3
word,commuters,18944,15
word,vis,18945,2
word,special-interest,18946,5
word,Diet,18947,4
word,Recruit,18948,5
word,Namib,18949,2
word,earthmoving,18950,2
word,Beers,18951,10
word,carats,18952,2
word,diamonds,18953,10
word,wedged,18954,2
word,dig,18955,2
word,Thanks,18956,2
word,polishing,18957,2
word,sands,18958,2
word,dot,18959,2
word,Oranjemund,18960,3
word,oasis,18961,2
word,wander,18962,2
word,rag,18963,2
word,cinema,18964,2
word,swamp,18965,2
word,nationalized,18966,3
word,Wars,18967,3
word,thick,18968,7
word,innovations,18969,2
word,toil,18970,2
word,overalls,18971,2
word,shoe,18972,5
word,pail,18973,2
word,Needs,18974,2
word,PAY,18975,2
word,compounding,18976,2
word,stop-payment,18977,2
word,abatement,18978,2
word,FIVE,18979,2
word,MORE,18980,2
word,Blandings,18981,3
word,mortgage-interest,18982,2
word,extensions,18983,2
word,Notice,18984,2
word,unreported,18985,3
word,Testa,18986,2
word,"44,400",18987,2
word,Willens,18988,3
word,deduction,18989,10
word,unchecked,18990,2
word,Reuben,18991,2
word,geographic,18992,3
word,Diamandis,18993,3
word,Readers,18994,3
word,Conde,18995,3
word,Nast,18996,3
word,Blumstein,18997,2
word,ULI,18998,2
word,non-profit,18999,5
word,"14,000",19000,2
word,pasture,19001,2
word,Stan,19002,3
word,Sheraton,19003,8
word,world-class,19004,4
word,Gorky,19005,11
word,Budapest,19006,2
word,undertakings,19007,2
word,Archer-Daniels-Midland,19008,2
word,repatriate,19009,2
word,outgrowth,19010,2
word,Sheldon,19011,3
word,Fame,19012,5
word,mom,19013,5
word,orchards,19014,2
word,Delicious,19015,17
word,heap,19016,2
word,Compared,19017,4
word,Auvil,19018,5
word,Fujis,19019,8
word,razor,19020,2
word,maverick,19021,2
word,consequent,19022,2
word,wiggle,19023,2
word,bees,19024,3
word,worm,19025,2
word,vagaries,19026,2
word,shoots,19027,2
word,Orchard,19028,2
word,meticulous,19029,2
word,fostered,19030,3
word,Grannies,19031,2
word,keyed,19032,2
word,eats,19033,2
word,shine,19034,2
word,glitz,19035,2
word,fore,19036,3
word,Brush,19037,2
word,Wellman,19038,3
word,Natwest,19039,2
word,lends,19040,2
word,FmHA,19041,2
word,giveaway,19042,3
word,imperfections,19043,2
word,prescriptions,19044,3
word,gloves,19045,2
word,Record,19046,4
word,Creative,19047,3
word,delinquent,19048,4
word,Export-Import,19049,2
word,Todt,19050,2
word,Ravine,19051,2
word,farm-trade,19052,2
word,equality,19053,2
word,Less,19054,2
word,exporting,19055,2
word,cookies,19056,2
word,sanitary,19057,2
word,Zurkuhlen,19058,2
word,digits,19059,3
word,Voting,19060,7
word,Twenty-five,19061,2
word,gerrymandering,19062,6
word,elective,19063,3
word,legislatures,19064,3
word,voter,19065,4
word,census,19066,4
word,Racial,19067,2
word,boundaries,19068,3
word,redraw,19069,2
word,heterogeneous,19070,2
word,Maloney,19071,3
word,Alter,19072,2
word,Insisting,19073,2
word,refuted,19074,2
word,celebrated,19075,3
word,Presidency,19076,2
word,TRO,19077,9
word,TROs,19078,2
word,freezing,19079,2
word,tantamount,19080,3
word,articulate,19081,2
word,legitimately,19082,2
word,American-built,19083,2
word,just-ended,19084,2
word,Accords,19085,2
word,Meritor,19086,2
word,Adobe,19087,6
word,Palestinians,19088,4
word,Muslims,19089,2
word,Israelis,19090,3
word,Maronites,19091,2
word,armies,19092,4
word,abound,19093,3
word,XL\/Datacomp,19094,2
word,unilateral,19095,2
word,openness,19096,5
word,Perez,19097,2
word,constituted,19098,2
word,accede,19099,2
word,anthrax,19100,6
word,Biological,19101,2
word,warfare,19102,2
word,"81,000",19103,2
word,marketable,19104,5
word,butcher,19105,3
word,indomitable,19106,2
word,peasant,19107,3
word,dying,19108,4
word,Solidarity,19109,17
word,calamity,19110,3
word,tame,19111,2
word,Peasants,19112,5
word,Radzymin,19113,3
word,hog,19114,3
word,hogs,19115,2
word,rye,19116,3
word,Chojnowski,19117,2
word,U.S.S.R,19118,2
word,leaning,19119,4
word,countryside,19120,4
word,peasants,19121,2
word,reformer,19122,5
word,fertilizer,19123,7
word,Poles,19124,6
word,Zalubice,19125,3
word,Pyszkiewicz,19126,4
word,patched,19127,2
word,helpless,19128,2
word,reservoir,19129,3
word,Mr,19130,2
word,piped,19131,2
word,tractor,19132,3
word,Parts,19133,2
word,wastes,19134,4
word,allotment,19135,2
word,starving,19136,3
word,vodka,19137,5
word,Siemienas,19138,2
word,bacon,19139,2
word,Peasant,19140,2
word,onetime,19141,4
word,Tadeusz,19142,2
word,Mazowiecki,19143,2
word,Spring,19144,3
word,Niciporuk,19145,4
word,naczelnik,19146,6
word,Pawlowski,19147,2
word,beneath,19148,7
word,snorts,19149,2
word,shuts,19150,2
word,Panetta,19151,2
word,urgency,19152,5
word,renovating,19153,2
word,centered,19154,4
word,termination,19155,4
word,Sentelle,19156,2
word,Needless,19157,2
word,Milken,19158,4
word,Princeton\/Newport,19159,5
word,notions,19160,2
word,replay,19161,3
word,forfeitures,19162,3
word,RICOed,19163,3
word,intrusive,19164,2
word,endowment,19165,2
word,prosecutorial,19166,6
word,unobserved,19167,2
word,Mondays,19168,2
word,Bergen,19169,3
word,MTV,19170,3
word,Nick,19171,4
word,VH-1,19172,2
word,37th,19173,2
word,Designing,19174,2
word,weakens,19175,2
word,22nd,19176,2
word,rekindle,19177,3
word,Gruberova,19178,5
word,sparkling,19179,2
word,Opera,19180,5
word,wig,19181,2
word,Violetta,19182,7
word,Verdi,19183,4
word,Traviata,19184,5
word,nicely,19185,2
word,drapes,19186,2
word,Normally,19187,2
word,scenery,19188,2
word,Zeffirelli,19189,2
word,opera,19190,3
word,gawky,19191,2
word,Met,19192,10
word,tenor,19193,3
word,Shicoff,19194,2
word,Alfredo,19195,2
word,Teresa,19196,2
word,Decades,19197,2
word,conductor,19198,2
word,Kleiber,19199,3
word,wooden,19200,5
word,anguish,19201,2
word,inject,19202,2
word,Speaking,19203,2
word,orchestras,19204,4
word,beset,19205,3
word,ponder,19206,4
word,Rilling,19207,2
word,Rossini,19208,2
word,composers,19209,2
word,orchestra,19210,2
word,Stuttgart-based,19211,2
word,Festival,19212,2
word,Cannes,19213,2
word,prize,19214,4
word,festival,19215,5
word,Toshiki,19216,2
word,Kaifu,19217,2
word,Drugs,19218,4
word,Madrid,19219,5
word,railroads,19220,4
word,Mahmoud,19221,2
word,Vaezi,19222,3
word,Toto,19223,3
word,ceramics,19224,3
word,Castaneda,19225,2
word,recoverable,19226,2
word,machetes,19227,2
word,Pakistani,19228,2
word,Gumucio,19229,2
word,Luber,19230,2
word,low-end,19231,3
word,Convex,19232,8
word,unfavorable,19233,8
word,Lothson,19234,3
word,stapling,19235,2
word,credit-worthiness,19236,2
word,inspectors,19237,7
word,credit-reporting,19238,2
word,Falco,19239,2
word,above-average,19240,2
word,Philo,19241,2
word,Insider,19242,2
word,Spokane,19243,2
word,precious-metals,19244,4
word,"4,500",19245,2
word,Dominick,19246,2
word,Darwin,19247,2
word,primordial,19248,2
word,Shale,19249,5
word,anatomical,19250,2
word,riches,19251,2
word,Darwinian,19252,2
word,hidebound,19253,2
word,reconstructed,19254,2
word,Whittington,19255,5
word,planet,19256,7
word,fantastic,19257,2
word,upheavals,19258,3
word,triumphed,19259,2
word,cosmic,19260,4
word,ooze,19261,2
word,wonderful,19262,6
word,clarification,19263,3
word,determines,19264,3
word,ruin,19265,2
word,easiest,19266,2
word,one-penny,19267,2
word,Gann,19268,2
word,Cindy,19269,2
word,Proposition,19270,3
word,Cypress,19271,9
word,immunities,19272,2
word,fiveyear,19273,2
word,Broward,19274,3
word,lien,19275,3
word,1990-2002,19276,2
word,Parkways,19277,2
word,parkway,19278,2
word,Signal,19279,6
word,Sapporo,19280,2
word,Wallop,19281,2
word,Uncle,19282,3
word,fantasize,19283,2
word,banished,19284,2
word,meddling,19285,3
word,Sidney,19286,2
word,Dooling,19287,3
word,codes,19288,7
word,Taxi,19289,2
word,complying,19290,2
word,Complying,19291,2
word,Impco,19292,2
word,Gebhard,19293,2
word,RULES,19294,2
word,withholding,19295,4
word,nettlesome,19296,3
word,manuals,19297,2
word,re-evaluate,19298,3
word,Fixx,19299,2
word,profit-sharing,19300,2
word,exhaustive,19301,2
word,Tong,19302,2
word,Bogart,19303,15
word,theatrical,19304,5
word,tear,19305,2
word,hosting,19306,2
word,bastion,19307,2
word,Brecht,19308,2
word,Summerfolk,19309,3
word,mettle,19310,2
word,Brechtian,19311,2
word,rigor,19312,2
word,Cherry,19313,4
word,stylistic,19314,2
word,dangling,19315,3
word,populating,19316,2
word,Victoria,19317,2
word,self-conscious,19318,2
word,Helpern,19319,2
word,manipulative,19320,3
word,Shea,19321,6
word,idealistic,19322,2
word,tirelessly,19323,2
word,unsuspected,19324,2
word,Olga,19325,2
word,licking,19326,2
word,ONCE,19327,2
word,ESB,19328,9
word,Inco,19329,14
word,Hostile,19330,2
word,lexicon,19331,2
word,gritty,19332,2
word,HomeFed,19333,14
word,non-performing,19334,2
word,repossessed,19335,3
word,malls,19336,2
word,blips,19337,2
word,threemonth,19338,2
word,Cadbury,19339,3
word,Schweppes,19340,3
word,Pepsi,19341,3
word,Lowell,19342,4
word,Murata,19343,4
word,yelling,19344,2
word,Islander,19345,2
word,"200,000-share",19346,2
word,million-share,19347,2
word,grinding,19348,2
word,loosening,19349,2
word,well-being,19350,3
word,Vickers,19351,6
word,Catherall,19352,3
word,racehorses,19353,3
word,Breeders,19354,2
word,insulated,19355,3
word,Pons,19356,6
word,breeder,19357,2
word,breeders,19358,2
word,Hulings,19359,3
word,waving,19360,3
word,stomach,19361,2
word,Spendthrift,19362,3
word,racehorse,19363,4
word,pedestrian,19364,2
word,thoroughbreds,19365,2
word,beasts,19366,2
word,sobering,19367,2
word,reputable,19368,7
word,Waterbury,19369,3
word,Combustion,19370,6
word,Industrie,19371,2
word,GEC,19372,2
word,Alsthom,19373,2
word,Bebear,19374,6
word,Axa-Midi,19375,4
word,Assurances,19376,6
word,Denlea,19377,2
word,Axa,19378,8
word,Hearings,19379,2
word,new-found,19380,2
word,Yamatake-Honeywell,19381,2
word,LIMITED,19382,2
word,LDC,19383,2
word,overcharge,19384,2
word,maneuvering,19385,3
word,memos,19386,2
word,defraud,19387,5
word,logistics,19388,4
word,Orr,19389,5
word,curry,19390,2
word,cabinets,19391,2
word,Subsequent,19392,2
word,wrongful,19393,2
word,Solar,19394,7
word,Cyanamid,19395,4
word,Hemming,19396,2
word,Pearl,19397,2
word,programmed,19398,3
word,Photo,19399,2
word,"4,830",19400,2
word,Steinkuehler,19401,2
word,Directors,19402,2
word,Den,19403,2
word,Norske,19404,2
word,Scandinavia,19405,3
word,discriminating,19406,3
word,applicants,19407,7
word,anti-discrimination,19408,2
word,Grohl,19409,2
word,Fiechter,19410,2
word,Riegle,19411,4
word,punished,19412,2
word,testers,19413,3
word,Networks,19414,2
word,cable-TV,19415,5
word,Box,19416,2
word,pay-TV,19417,2
word,plotting,19418,2
word,characterize,19419,2
word,anti-competitive,19420,2
word,Imo,19421,6
word,legality,19422,2
word,Garland,19423,2
word,Lawrenceville,19424,2
word,worse-than-expected,19425,2
word,invincible,19426,2
word,frequent-flier,19427,3
word,contrasted,19428,2
word,Piedmont,19429,2
word,Colodny,19430,3
word,Chex,19431,2
word,Mix,19432,2
word,bulbs,19433,3
word,Snoopy,19434,2
word,syndicator,19435,3
word,Schulz,19436,2
word,bonanza,19437,2
word,tie-ins,19438,2
word,Peanuts,19439,3
word,magical,19440,2
word,Valentine,19441,3
word,arena,19442,8
word,specials,19443,3
word,Berry,19444,8
word,FCB\/Leber,19445,4
word,media-buying,19446,3
word,Foote,19447,2
word,Cone,19448,2
word,Belding,19449,2
word,Paxus,19450,5
word,cash-strapped,19451,4
word,sustainable,19452,3
word,embarked,19453,2
word,"75,000",19454,6
word,Krampe,19455,2
word,Apogee,19456,4
word,10:40,19457,2
word,a.m,19458,21
word,stung,19459,2
word,incompetence,19460,5
word,recapitalizations,19461,2
word,Roach,19462,2
word,machinist,19463,3
word,Mirror,19464,2
word,Stronger,19465,2
word,guarded,19466,2
word,Kaiser,19467,9
word,Betty,19468,3
word,Raptopoulos,19469,4
word,Threlkeld,19470,5
word,buttressed,19471,2
word,"1,040",19472,2
word,Hafer,19473,2
word,Lakeland,19474,3
word,Buddy,19475,6
word,videotape,19476,3
word,piling,19477,2
word,ace,19478,2
word,Prudential,19479,16
word,junk-holders,19480,7
word,Storer,19481,8
word,Vail,19482,4
word,wiping,19483,3
word,reschedule,19484,2
word,con,19485,5
word,carrot,19486,2
word,Seaman,19487,2
word,Rubbermaid,19488,10
word,insulating,19489,2
word,"237,960,000",19490,2
word,post-1987,19491,2
word,crushing,19492,2
word,MMI,19493,4
word,routed,19494,2
word,Lew,19495,3
word,Midway,19496,2
word,Asarco,19497,8
word,Amax,19498,2
word,Aluminium,19499,2
word,H.F.,19500,6
word,Ahmanson,19501,6
word,Microwave,19502,2
word,Vista,19503,5
word,Freight,19504,3
word,Harland,19505,2
word,Ludcke,19506,3
word,Kay,19507,3
word,pared,19508,2
word,Adding,19509,2
word,Sluggish,19510,2
word,hampering,19511,2
word,Refcorp,19512,7
word,17\/32,19513,5
word,Municipals,19514,5
word,auto-loan,19515,2
word,pass-through,19516,2
word,15\/32,19517,2
word,6\/32,19518,4
word,BSB,19519,4
word,Staar,19520,3
word,Waggoner,19521,4
word,allegiance,19522,3
word,evangelist,19523,2
word,Shiite,19524,2
word,comrades,19525,2
word,blasts,19526,2
word,STOCK,19527,2
word,derail,19528,2
word,Durable,19529,2
word,buyback,19530,2
word,mouse,19531,6
word,hemoglobin,19532,3
word,washed,19533,3
word,progressed,19534,2
word,microscopic,19535,3
word,yeast,19536,8
word,edible,19537,3
word,persisted,19538,2
word,apparatus,19539,5
word,intermittent,19540,2
word,arteries,19541,6
word,artery,19542,8
word,catheter,19543,4
word,detectable,19544,2
word,flashing,19545,3
word,hydrogen,19546,5
word,stop-motion,19547,2
word,experimented,19548,2
word,schizophrenic,19549,2
word,defrauded,19550,3
word,cheated,19551,2
word,misrepresenting,19552,2
word,Relocation,19553,2
word,appraisals,19554,3
word,misrepresentation,19555,2
word,presently,19556,2
word,clamp,19557,2
word,Underwriting,19558,2
word,"31,329",19559,2
word,mandating,19560,3
word,Cullinet,19561,3
word,View,19562,11
word,magnate,19563,3
word,resurrect,19564,2
word,achievements,19565,2
word,gum,19566,7
word,hurling,19567,2
word,sharpen,19568,2
word,entombed,19569,2
word,tomb,19570,2
word,granite,19571,5
word,Irish,19572,4
word,Euro,19573,5
word,Disneyland,19574,3
word,100-Share,19575,2
word,hyping,19576,2
word,denominated,19577,2
word,L.L.,19578,3
word,shareholding,19579,3
word,convene,19580,3
word,executive-model,19581,2
word,fallback,19582,2
word,German-built,19583,2
word,Merkur,19584,19
word,Scorpio,19585,7
word,cachet,19586,3
word,less-profitable,19587,3
word,Profits,19588,8
word,Lodge,19589,2
word,Salvagni,19590,2
word,Halsey,19591,3
word,Koenig,19592,5
word,Gruntal,19593,3
word,Birtcher,19594,3
word,C.R.,19595,2
word,Bard,19596,3
word,Bard\/EMS,19597,2
word,Wachovia,19598,7
word,McNair,19599,2
word,calculation,19600,4
word,collagen,19601,2
word,corneal,19602,2
word,Mallinckrodt,19603,2
word,Bechtel,19604,4
word,antibody,19605,9
word,AIDS-infected,19606,2
word,Nagoya,19607,2
word,Yonehara,19608,4
word,antigen,19609,2
word,Kobayashi,19610,2
word,Kitamura,19611,3
word,Retrovir,19612,2
word,drug-industry,19613,2
word,Nuveen,19614,3
word,Performance,19615,2
word,Clothing,19616,2
word,flopped,19617,4
word,KLM,19618,2
word,Colin,19619,2
word,slice,19620,3
word,evaluations,19621,3
word,COMPANIES,19622,3
word,competent,19623,6
word,EXECUTIVES,19624,2
word,unwillingness,19625,3
word,Triad,19626,3
word,Kohl,19627,7
word,sergeant,19628,2
word,Election,19629,3
word,roamed,19630,2
word,immigrants,19631,3
word,swimmer,19632,2
word,flee,19633,2
word,Ing,19634,3
word,Olivetti,19635,18
word,OCN-PPL,19636,2
word,drift-net,19637,2
word,Sochaux,19638,2
word,eastern,19639,6
word,interstates,19640,4
word,fatality,19641,3
word,NHTSA,19642,2
word,ketchup,19643,4
word,distortions,19644,2
word,swipe,19645,2
word,wed,19646,2
word,Conasupo,19647,6
word,Ovalle,19648,2
word,Fernandez,19649,6
word,outbreaks,19650,2
word,canned,19651,3
word,contamination,19652,4
word,detaining,19653,2
word,cans,19654,8
word,Edmond,19655,2
word,MPD,19656,2
word,hindered,19657,3
word,Aztar,19658,4
word,dispelled,19659,2
word,lethargic,19660,2
word,unease,19661,2
word,depresses,19662,2
word,probability,19663,5
word,"1,012",19664,2
word,door-to-door,19665,3
word,"2,064",19666,2
word,"2,002",19667,2
word,Responses,19668,2
word,pollsters,19669,2
word,Choice,19670,2
word,Crandall,19671,4
word,Braniff,19672,3
word,MBA,19673,2
word,Homes,19674,5
word,inserts,19675,2
word,specially,19676,5
word,free-standing,19677,2
word,Digest,19678,6
word,Grey,19679,5
word,multimedia,19680,2
word,advertiser,19681,2
word,Help,19682,2
word,Firm,19683,2
word,traps,19684,3
word,LaBonte,19685,4
word,Goldston,19686,2
word,spiraling,19687,2
word,stopping,19688,4
word,Kids,19689,4
word,Kummerfeld,19690,2
word,stagnant,19691,4
word,Drake,19692,2
word,Lipstein,19693,4
word,Reader,19694,3
word,Ritterman,19695,3
word,Soap,19696,2
word,L,19697,4
word,LJN,19698,2
word,toys,19699,6
word,Michele,19700,2
word,Sindona,19701,4
word,Included,19702,3
word,faked,19703,2
word,magistrates,19704,2
word,erratically,19705,2
word,Vinson,19706,8
word,Litigation,19707,19
word,jurors,19708,20
word,psychologists,19709,2
word,sociologists,19710,2
word,artists,19711,10
word,mock,19712,2
word,craving,19713,2
word,Largely,19714,2
word,sprung,19715,3
word,juror,19716,2
word,Zoeller,19717,2
word,rationally,19718,2
word,pricey,19719,4
word,Etzioni,19720,3
word,Harrisburg,19721,3
word,deadlocked,19722,3
word,acquit,19723,2
word,Boies,19724,5
word,accordingly,19725,2
word,dancer,19726,2
word,Changing,19727,2
word,personal-injury,19728,6
word,focal,19729,2
word,origin,19730,2
word,tick,19731,3
word,Ostrager,19732,2
word,inappropriately,19733,2
word,exclusions,19734,2
word,personalities,19735,3
word,voir,19736,2
word,motion-picture,19737,5
word,refrigerators,19738,5
word,solvents,19739,3
word,World-wide,19740,2
word,Freon,19741,2
word,refrigeration,19742,2
word,polyurethane,19743,3
word,pillows,19744,2
word,coolants,19745,2
word,substitutes,19746,5
word,interfering,19747,2
word,molecules,19748,2
word,nontoxic,19749,2
word,withdrawing,19750,2
word,mailings,19751,2
word,air-conditioned,19752,3
word,parental-leave,19753,2
word,avalanche,19754,2
word,IN,19755,5
word,CALIFORNIA,19756,2
word,stirs,19757,2
word,pre-register,19758,2
word,pre-registered,19759,2
word,Rudnick,19760,3
word,subways,19761,2
word,freeways,19762,2
word,better-than-average,19763,2
word,severed,19764,2
word,ramps,19765,3
word,subway,19766,3
word,back-ups,19767,2
word,Marilyn,19768,3
word,Gate,19769,9
word,connects,19770,4
word,Marin,19771,4
word,absenteeism,19772,3
word,peninsula,19773,2
word,flextime,19774,4
word,opt,19775,2
word,on-site,19776,3
word,lengths,19777,2
word,Kasparov,19778,17
word,chess,19779,3
word,maneuvered,19780,2
word,ferociously,19781,2
word,D.T.,19782,16
word,Pennsylvania-based,19783,2
word,notorious,19784,6
word,Byrne,19785,5
word,Feng-hsiung,19786,2
word,Hsu,19787,2
word,flair,19788,3
word,pawn,19789,8
word,bishop,19790,3
word,kingside,19791,2
word,blundered,19792,2
word,spectator,19793,2
word,Blumenfeld,19794,13
word,dentist,19795,2
word,tip-off,19796,2
word,Especially,19797,3
word,Markese,19798,4
word,premium-brand,19799,2
word,brandy,19800,3
word,snubbing,19801,2
word,bourbon,19802,14
word,Spirits,19803,3
word,Beverage,19804,2
word,Schenley,19805,2
word,whiskey,19806,6
word,Jobson,19807,2
word,Alcohol,19808,2
word,rum,19809,3
word,wineries,19810,2
word,Brown-Forman,19811,5
word,folklore,19812,3
word,Suntory,19813,3
word,Bourbon,19814,2
word,Beam,19815,5
word,distiller,19816,2
word,Kirin,19817,3
word,Cities,19818,6
word,year-before,19819,3
word,Nortek,19820,2
word,paneling,19821,2
word,silence,19822,2
word,unnecessarily,19823,2
word,company-operated,19824,4
word,franchised,19825,3
word,Steppel,19826,2
word,systemwide,19827,2
word,Hansen,19828,2
word,unofficially,19829,3
word,Uphoff,19830,2
word,Garratt,19831,7
word,Jerell,19832,5
word,Hardis,19833,2
word,Sheridan,19834,2
word,transmissions,19835,3
word,Humphrey,19836,2
word,ecological,19837,5
word,oxide,19838,2
word,soot,19839,2
word,Stalinist,19840,5
word,transferable,19841,3
word,Privatization,19842,4
word,skyrocketing,19843,3
word,reversible,19844,2
word,hard-currency,19845,2
word,cling,19846,2
word,drummer,19847,2
word,antiquated,19848,2
word,computer-related,19849,2
word,Howley,19850,2
word,Smurfit,19851,5
word,SIBV-MS,19852,4
word,Weisberg,19853,2
word,Nellcor,19854,2
word,BizMart,19855,2
word,growth-stock,19856,4
word,Payco,19857,2
word,Boxes,19858,2
word,Etc.,19859,2
word,Legent,19860,6
word,cherished,19861,2
word,underestimated,19862,4
word,Progressive,19863,2
word,pap,19864,2
word,conscientious,19865,4
word,mute,19866,2
word,20-year-old,19867,2
word,mastered,19868,2
word,gifted,19869,2
word,grounding,19870,3
word,undemocratic,19871,5
word,textbooks,19872,2
word,subtract,19873,3
word,Kristol,19874,2
word,internally,19875,2
word,Figures,19876,3
word,Harken,19877,4
word,Tesoro,19878,6
word,35-year-old,19879,2
word,sludge,19880,2
word,Eagle,19881,25
word,Biny,19882,3
word,downsizing,19883,2
word,Ely,19884,2
word,Alexandria,19885,4
word,conservatorship,19886,5
word,Thrifts,19887,2
word,inflow,19888,4
word,Deposits,19889,3
word,deliberate,19890,2
word,Living,19891,2
word,glycols,19892,3
word,electrodes,19893,3
word,urethane,19894,2
word,polyols,19895,2
word,shampoo,19896,3
word,commonwealth,19897,2
word,securities-law,19898,2
word,felon,19899,2
word,penny-stock,19900,3
word,revoked,19901,5
word,individual-investor,19902,2
word,forma,19903,4
word,box-office,19904,2
word,fund-raiser,19905,3
word,Oversight,19906,2
word,appointee,19907,2
word,Task,19908,7
word,McElroy,19909,2
word,Sovran,19910,3
word,debt-rating,19911,2
word,adequacy,19912,2
word,fountain,19913,2
word,waiters,19914,2
word,trappings,19915,3
word,glorious,19916,3
word,disgruntled,19917,5
word,Nutting,19918,2
word,royal,19919,2
word,Chatset,19920,2
word,peril,19921,2
word,Atkins,19922,3
word,now-standard,19923,2
word,industry-specific,19924,2
word,intermediaries,19925,2
word,watershed,19926,2
word,Things,19927,5
word,4:30,19928,2
word,benches,19929,2
word,clutching,19930,2
word,unprofessional,19931,2
word,Wetherell,19932,2
word,incompetent,19933,5
word,embrace,19934,2
word,reckons,19935,5
word,Masahiro,19936,2
word,fickle,19937,2
word,well-entrenched,19938,2
word,Yoneyama,19939,2
word,Upon,19940,3
word,ore,19941,2
word,quashed,19942,4
word,5:09,19943,2
word,five-hour,19944,3
word,normalcy,19945,4
word,constructive,19946,2
word,teamed,19947,2
word,Pope,19948,3
word,turnabout,19949,2
word,buzzwords,19950,2
word,Naturally,19951,3
word,commanders,19952,2
word,plotters,19953,2
word,paralysis,19954,2
word,Stoltz,19955,2
word,Walsh,19956,2
word,Ollie,19957,2
word,rescinding,19958,2
word,exploding,19959,2
word,squadron,19960,2
word,Prop.,19961,2
word,Ship,19962,6
word,Bartlesville,19963,2
word,corridor,19964,3
word,firefighters,19965,3
word,fireball,19966,2
word,boiler,19967,10
word,Brotherhood,19968,3
word,Teamsters,19969,5
word,Lombardo,19970,3
word,permanently,19971,4
word,Ashland,19972,16
word,Amerada,19973,4
word,blackened,19974,2
word,spilled,19975,4
word,underwater,19976,2
word,reef,19977,2
word,refiner,19978,3
word,Lyondell,19979,7
word,Coal,19980,3
word,at-market,19981,2
word,Agricole,19982,8
word,Downey,19983,6
word,nightly,19984,3
word,CNBC,19985,3
word,Eskridge,19986,2
word,Mort,19987,4
word,mesh,19988,2
word,shout,19989,2
word,fluctuate,19990,3
word,Recession,19991,2
word,loads,19992,4
word,Kerschner,19993,3
word,Sara,19994,3
word,stub,19995,2
word,debt-laden,19996,4
word,underperform,19997,2
word,MeraBank,19998,9
word,Growing,19999,2
word,nicknames,20000,3
word,superintendents,20001,3
word,Kimbrough,20002,4
word,rationalizations,20003,2
word,overboard,20004,2
word,loves,20005,3
word,withstood,20006,3
word,quo,20007,3
word,dropout,20008,2
word,Chicagoans,20009,2
word,periphery,20010,2
word,big-city,20011,2
word,Goodson,20012,21
word,thirty,20013,2
word,Safra,20014,3
word,Sorrell,20015,8
word,Brody,20016,5
word,Scali,20017,2
word,Sloves,20018,2
word,Sutherland,20019,2
word,contender,20020,4
word,terrific,20021,4
word,Mattel,20022,8
word,Segundo,20023,4
word,COKE,20024,2
word,diet,20025,4
word,Treasure,20026,3
word,Hogan,20027,3
word,low-budget,20028,2
word,Suez,20029,7
word,Victoire,20030,2
word,Belgique,20031,3
word,Francois-Poncet,20032,3
word,Payment,20033,2
word,notoriously,20034,2
word,bailed,20035,2
word,Savaiko,20036,8
word,Platinum,20037,2
word,palladium,20038,10
word,catalytic,20039,2
word,converters,20040,3
word,Supporting,20041,2
word,Developing,20042,2
word,stepped-up,20043,3
word,Ikegai,20044,2
word,Ikegai-Goss,20045,3
word,28\/32,20046,2
word,coupon-equivalent,20047,2
word,Investment-grade,20048,3
word,corporates,20049,2
word,overhanging,20050,2
word,alleviating,20051,2
word,croaker,20052,2
word,blond,20053,2
word,A&M,20054,3
word,curve,20055,7
word,plentiful,20056,3
word,pilings,20057,2
word,herons,20058,2
word,wag,20059,2
word,dense,20060,2
word,armadillos,20061,2
word,glamour,20062,4
word,Tivoli,20063,2
word,AEG,20064,3
word,Dana,20065,4
word,Furuta,20066,2
word,Josephine,20067,4
word,complication,20068,2
word,Princess,20069,2
word,Jazz,20070,3
word,Cleopatra,20071,4
word,all-white,20072,3
word,overemphasize,20073,2
word,widest,20074,2
word,Casablanca,20075,4
word,gay,20076,3
word,Cape,20077,2
word,Hemingway,20078,2
word,fiberglass,20079,3
word,liquefy,20080,2
word,pondering,20081,2
word,construction-related,20082,2
word,1-to-1,20083,2
word,prowl,20084,2
word,shopper,20085,2
word,Kleinaitis,20086,2
word,Emerson,20087,5
word,Bosch,20088,3
word,Spokesmen,20089,3
word,Louis-based,20090,3
word,Roulac,20091,3
word,spun-off,20092,2
word,JMB,20093,2
word,Bilzerian,20094,3
word,previews,20095,2
word,mistrial,20096,2
word,Heyman,20097,2
word,Pretl,20098,2
word,JURY,20099,2
word,Donohoo,20100,4
word,LAWYERS,20101,2
word,Bundy,20102,2
word,murderer,20103,3
word,Dali,20104,4
word,lithographs,20105,2
word,Gallery,20106,2
word,high-pressure,20107,2
word,"1,300",20108,3
word,misrepresentations,20109,4
word,Westamerica,20110,5
word,Payne,20111,3
word,Varian,20112,3
word,Integrated,20113,18
word,Krat,20114,3
word,Pedroli,20115,2
word,fast-paced,20116,3
word,Hiroyuki,20117,2
word,Wada,20118,2
word,Aoki,20119,2
word,Fujisawa,20120,4
word,Lucas,20121,2
word,Landesbank,20122,2
word,Girozentrale,20123,2
word,Enviropact,20124,5
word,GSX,20125,4
word,less-developed,20126,5
word,Beddall,20127,2
word,Clairol,20128,2
word,Guadalajara,20129,4
word,Cummins,20130,2
word,third-period,20131,2
word,counterclaim,20132,3
word,Anchorage,20133,2
word,reimbursement,20134,2
word,spraying,20135,2
word,dispersant,20136,4
word,dispersants,20137,3
word,slick,20138,4
word,Meson,20139,3
word,Verit,20140,4
word,expedite,20141,4
word,Vic,20142,3
word,Fazio,20143,8
word,appreciates,20144,2
word,Kurzweil,20145,5
word,Amtech,20146,3
word,LDI,20147,4
word,dismantled,20148,3
word,Atlantis,20149,8
word,Galileo,20150,16
word,astronauts,20151,3
word,conferring,20152,2
word,dictators,20153,4
word,convenes,20154,2
word,clarifications,20155,2
word,49-nation,20156,2
word,Farooquee,20157,2
word,Belo,20158,3
word,Aid,20159,4
word,guaranteeing,20160,5
word,auxiliary,20161,3
word,gray-market,20162,3
word,Va.-based,20163,3
word,Archive,20164,2
word,reseller,20165,4
word,Detrex,20166,6
word,Southfield,20167,2
word,Ashtabula,20168,2
word,Remaining,20169,2
word,guideline,20170,6
word,formality,20171,2
word,subvert,20172,2
word,primed,20173,2
word,self-proclaimed,20174,2
word,glimpse,20175,2
word,Garn,20176,2
word,reconfirmation,20177,2
word,Leach,20178,3
word,Volokh,20179,17
word,Movieline,20180,5
word,bookstores,20181,2
word,Chanel,20182,2
word,darling,20183,4
word,Polaroid,20184,4
word,persona,20185,2
word,dresses,20186,2
word,definite,20187,2
word,tongue-in-cheek,20188,2
word,prefers,20189,5
word,dome,20190,2
word,Volokhs,20191,3
word,Boris,20192,2
word,Krutchensky,20193,2
word,Laurie,20194,2
word,blini,20195,2
word,recipe,20196,3
word,unimportant,20197,2
word,translator,20198,2
word,miserable,20199,3
word,visa,20200,3
word,demoted,20201,2
word,poetry,20202,2
word,Vesoft,20203,2
word,Forrester,20204,4
word,flocking,20205,2
word,stymied,20206,3
word,inexperienced,20207,3
word,unpredictable,20208,5
word,Giffen,20209,3
word,toothpaste,20210,5
word,booth,20211,4
word,filtering,20212,3
word,detergents,20213,2
word,porcelain,20214,2
word,Abbott,20215,3
word,Nuovo,20216,10
word,Ambrosiano,20217,6
word,"5,500",20218,3
word,Generali,20219,4
word,Gemina,20220,3
word,Roberto,20221,2
word,Calvi,20222,2
word,Queensland,20223,2
word,Ramtron,20224,2
word,ferroelectric,20225,5
word,hard-disk,20226,8
word,Krysalis,20227,2
word,depositions,20228,4
word,sore,20229,2
word,COMPUTER,20230,2
word,simulate,20231,2
word,Telzrow,20232,2
word,Deltec,20233,5
word,Minella,20234,2
word,Strasser,20235,2
word,Asquith,20236,3
word,correlation,20237,2
word,Southmark,20238,5
word,Boehm,20239,3
word,Sarah,20240,2
word,companions,20241,2
word,Revson,20242,4
word,name-droppers,20243,3
word,Name-dropping,20244,2
word,Freudenberger,20245,2
word,avenue,20246,2
word,affiliation,20247,2
word,Liza,20248,3
word,Hello,20249,2
word,Beauregard,20250,4
word,Houston-Montgomery,20251,3
word,Warhol,20252,2
word,name-dropping,20253,4
word,Roll,20254,2
word,Erie,20255,3
word,comedian,20256,2
word,Rambo,20257,3
word,Flynn,20258,3
word,Kessler,20259,2
word,Thal,20260,3
word,Churchill,20261,4
word,Getty,20262,2
word,billionnaire,20263,2
word,Cobb,20264,4
word,Parkway,20265,4
word,Chicken,20266,3
word,nameplates,20267,2
word,marque,20268,2
word,McGrath,20269,2
word,Barabba,20270,2
word,Page,20271,2
word,zeroing,20272,2
word,grandkids,20273,2
word,conceived,20274,2
word,Isuzu,20275,2
word,Geo,20276,2
word,touring,20277,2
word,generalize,20278,2
word,Negas,20279,2
word,Voyles,20280,2
word,long-held,20281,2
word,maxim,20282,3
word,turbo-charged,20283,2
word,Trees,20284,2
word,cycads,20285,2
word,Sago,20286,4
word,fronds,20287,2
word,Whitelock,20288,2
word,Sagos,20289,3
word,raping,20290,2
word,accent,20291,2
word,tracts,20292,3
word,Morrissey,20293,4
word,thefts,20294,4
word,Rhone-Poulenc,20295,2
word,Statistical,20296,2
word,high-definition,20297,12
word,converter,20298,5
word,HDTV,20299,19
word,Niles,20300,2
word,HDTVs,20301,3
word,Studios,20302,4
word,dinosaur,20303,2
word,ruling-party,20304,2
word,oath,20305,2
word,convoluted,20306,2
word,pachinko,20307,11
word,parlor,20308,2
word,Pachinko,20309,2
word,blaze,20310,2
word,ping,20311,2
word,bribes,20312,3
word,JSP,20313,5
word,Chosen,20314,3
word,Soren,20315,3
word,ante,20316,2
word,"880,000",20317,2
word,laborers,20318,2
word,McDuffie,20319,14
word,Macon,20320,2
word,recital,20321,4
word,adamant,20322,3
word,violin,20323,5
word,rhythmic,20324,2
word,Menuhin,20325,2
word,Sinfonia,20326,3
word,soloist,20327,2
word,Juilliard,20328,4
word,DeLay,20329,3
word,protege,20330,2
word,roster,20331,2
word,Artists,20332,4
word,Hungarian,20333,3
word,refugee,20334,2
word,Galamian,20335,2
word,violinist,20336,2
word,listened,20337,4
word,Violin,20338,6
word,Concerto,20339,5
word,dolce,20340,2
word,bow,20341,2
word,Schuman,20342,2
word,Serenade,20343,2
word,punch,20344,3
word,Aided,20345,2
word,fireworks,20346,2
word,brass,20347,3
word,Durkin,20348,6
word,steeply,20349,2
word,repayments,20350,2
word,higher-income,20351,2
word,Maidenform,20352,19
word,lingerie,20353,3
word,Brawer,20354,10
word,Beaver,20355,4
word,Capitalizing,20356,2
word,Lesk,20357,6
word,Warnaco,20358,3
word,organizational,20359,5
word,Playtex,20360,3
word,Apparel,20361,2
word,Masket,20362,2
word,consult,20363,3
word,Rosenthal,20364,3
word,family-run,20365,2
word,current-account,20366,4
word,Carr-Lowrey,20367,2
word,mechanics,20368,2
word,package-sorting,20369,2
word,anti-union,20370,2
word,melding,20371,2
word,far-flung,20372,2
word,pro-union,20373,4
word,reconcile,20374,2
word,Ho,20375,2
word,Chi,20376,2
word,Minh,20377,2
word,Bravo,20378,2
word,Zulu,20379,2
word,accolade,20380,2
word,Sanders,20381,2
word,UPS,20382,5
word,grounded,20383,2
word,crimping,20384,2
word,insubordination,20385,2
word,fliers,20386,3
word,stipulated,20387,2
word,harangues,20388,2
word,colleague,20389,3
word,Harsco,20390,3
word,Alcee,20391,4
word,impeachment,20392,18
word,impeached,20393,3
word,69-26,20394,2
word,convict,20395,3
word,roll-call,20396,2
word,restrained,20397,4
word,Mancuso,20398,15
word,miniseries,20399,2
word,Favorite,20400,2
word,lovable,20401,3
word,orphans,20402,2
word,Loggia,20403,3
word,Fridays,20404,3
word,designate,20405,2
word,Fredric,20406,2
word,blonde,20407,5
word,stale,20408,2
word,cynicism,20409,2
word,Esther,20410,2
word,protestors,20411,2
word,humanity,20412,3
word,pizzazz,20413,2
word,Boys,20414,7
word,Tana,20415,5
word,CRI,20416,2
word,Champs,20417,3
word,H&R,20418,12
word,Cervantes,20419,3
word,Quixote,20420,2
word,Lippens,20421,5
word,acquisitive,20422,2
word,mid-1990,20423,2
word,Industrielle,20424,2
word,mid-September,20425,3
word,NSC,20426,16
word,leaner,20427,3
word,supervised,20428,3
word,Briggs,20429,2
word,bureaus,20430,4
word,Sperry,20431,8
word,Tomlin,20432,5
word,"430,000",20433,2
word,"525,000",20434,2
word,Lesko,20435,8
word,rank-and-file,20436,2
word,intensify,20437,6
word,victorious,20438,2
word,Cowboys,20439,18
word,quarterback,20440,3
word,Aikman,20441,5
word,Bum,20442,2
word,Landry,20443,5
word,obnoxious,20444,2
word,spas,20445,3
word,grass,20446,2
word,beefed,20447,3
word,plush,20448,2
word,metro,20449,2
word,Finks,20450,2
word,invitations,20451,2
word,Rage,20452,3
word,chastises,20453,2
word,Were,20454,3
word,broker-dealers,20455,4
word,dangerously,20456,2
word,Raoul-Duval,20457,2
word,SIA,20458,2
word,Asman,20459,4
word,Fidel,20460,4
word,Cuban,20461,9
word,simplicity,20462,2
word,passionate,20463,2
word,justification,20464,2
word,Brookline,20465,2
word,INC.,20466,2
word,Zacks,20467,2
word,Beal,20468,2
word,Leave,20469,2
word,endeavor,20470,2
word,inquired,20471,2
word,wrongly,20472,2
word,leapfrog,20473,2
word,brown-tobacco,20474,2
word,Gitanes,20475,3
word,Galle,20476,2
word,Seita,20477,9
word,FFr,20478,3
word,motorist,20479,3
word,Matra,20480,2
word,Blondes,20481,2
word,trespassing,20482,3
word,5-4,20483,2
word,ripple,20484,2
word,arisen,20485,2
word,preamble,20486,8
word,fetus,20487,2
word,unintended,20488,2
word,brutality,20489,2
word,Somali,20490,3
word,Barre,20491,12
word,Somalia,20492,7
word,obscurity,20493,2
word,dictatorship,20494,2
word,Somalis,20495,2
word,Berbera,20496,3
word,clan,20497,2
word,imprisoned,20498,3
word,Gersony,20499,2
word,grabs,20500,2
word,runway,20501,5
word,ineptitude,20502,2
word,Mengistu,20503,7
word,Haile,20504,2
word,Ethiopian,20505,2
word,Eritrean,20506,2
word,Tigrean,20507,4
word,Addis,20508,2
word,Ababa,20509,2
word,Eritrea,20510,2
word,Tigreans,20511,2
word,bay,20512,11
word,Eritreans,20513,2
word,communists,20514,5
word,flip-flop,20515,2
word,well-intentioned,20516,2
word,famine,20517,2
word,proration,20518,2
word,Dauchy,20519,2
word,chronic,20520,5
word,cheaters,20521,2
word,production-sharing,20522,2
word,Al-Chalabi,20523,2
word,Emirates,20524,3
word,Rafale,20525,6
word,navy,20526,11
word,F-18,20527,2
word,Goupil,20528,7
word,Rafales,20529,2
word,Crusaders,20530,7
word,renovate,20531,2
word,Dassault,20532,6
word,F-18s,20533,2
word,ill-suited,20534,2
word,Crusader,20535,2
word,Anglo-American,20536,2
word,wage-earning,20537,2
word,Cathay,20538,26
word,clouded,20539,3
word,air-freight,20540,9
word,Eddington,20541,7
word,Lufthansa,20542,10
word,destinations,20543,3
word,routing,20544,2
word,restart,20545,2
word,emphatically,20546,3
word,four-star,20547,2
word,Agnos,20548,13
word,warm-up,20549,2
word,weaving,20550,2
word,fractured,20551,2
word,oblivious,20552,2
word,policeman,20553,2
word,bursts,20554,8
word,massages,20555,2
word,cafeteria,20556,8
word,inspected,20557,3
word,sunshine,20558,3
word,rained,20559,2
word,retrieved,20560,2
word,SPCA,20561,2
word,parakeet,20562,2
word,Haagen,20563,4
word,Vermont-Slauson,20564,8
word,Watts,20565,3
word,crime-ridden,20566,2
word,busier,20567,2
word,robbery,20568,4
word,burglaries,20569,2
word,low-crime,20570,2
word,replenished,20571,2
word,percentages,20572,3
word,proprietors,20573,2
word,Boulevard,20574,3
word,Matanky,20575,2
word,Children,20576,4
word,gates,20577,2
word,pleasing,20578,2
word,detectors,20579,8
word,closed-circuit,20580,2
word,second-story,20581,2
word,nest,20582,2
word,Grants,20583,3
word,increment,20584,2
word,enacting,20585,2
word,Zones,20586,2
word,Exabyte,20587,2
word,addiction-treatment,20588,2
word,Aldus,20589,2
word,Palicka,20590,2
word,Hallingby,20591,2
word,Jude,20592,3
word,Merchants,20593,2
word,BanPonce,20594,7
word,Popular,20595,10
word,Medstone,20596,2
word,resettable,20597,3
word,single-B-2,20598,2
word,Marrie,20599,3
word,condominiums,20600,2
word,unoccupied,20601,2
word,Shattuck,20602,5
word,foreclosures,20603,3
word,frightening,20604,4
word,Immunex,20605,5
word,molecule,20606,4
word,organ-transplant,20607,2
word,allergies,20608,3
word,asthma,20609,3
word,interleukin-4,20610,2
word,receptor,20611,5
word,IL-4,20612,3
word,Receptech,20613,2
word,Millicom,20614,4
word,Claridge,20615,2
word,notebooks,20616,2
word,watts,20617,3
word,briefcase,20618,4
word,Telelawyer,20619,4
word,Cane,20620,7
word,in-office,20621,2
word,refers,20622,2
word,extorting,20623,2
word,"76,000",20624,2
word,J.M.,20625,2
word,Garcias,20626,3
word,PARTNERS,20627,2
word,Ingram,20628,3
word,Yuzek,20629,2
word,Gainen,20630,3
word,Bertolotti,20631,2
word,malicious,20632,2
word,Lupel,20633,2
word,pajama,20634,2
word,elevator,20635,2
word,victor,20636,2
word,Olshan,20637,2
word,girding,20638,2
word,ravaged,20639,3
word,braced,20640,2
word,earners,20641,2
word,"130,000",20642,3
word,Embarcadero,20643,4
word,Freeway,20644,4
word,high-rises,20645,2
word,Lonrho,20646,5
word,Heileman,20647,2
word,manageable,20648,4
word,Ortiz,20649,9
word,retail-sales,20650,2
word,salespeople,20651,3
word,bartenders,20652,2
word,Seventeen,20653,2
word,entrepreneurship,20654,2
word,patrols,20655,5
word,alarms,20656,4
word,zones,20657,3
word,gesture,20658,2
word,revisit,20659,2
word,shielded,20660,2
word,kicking,20661,2
word,allocate,20662,4
word,undiversified,20663,2
word,Monetta,20664,2
word,Bacarella,20665,3
word,GRE,20666,3
word,U.K,20667,2
word,McDonough,20668,16
word,indoor,20669,3
word,carpets,20670,3
word,Quilted,20671,2
word,Giraffe,20672,2
word,spire,20673,2
word,glued,20674,3
word,plywood,20675,2
word,redevelopment,20676,2
word,mercy,20677,3
word,stationed,20678,2
word,Dartmouth,20679,2
word,shutting,20680,3
word,Spartan,20681,3
word,boulevard,20682,2
word,daylight,20683,2
word,Muniak,20684,3
word,Jessica,20685,2
word,Brink,20686,2
word,bumble,20687,2
word,adversely,20688,3
word,Fiorello,20689,2
word,LaGuardia,20690,2
word,comforting,20691,2
word,waffled,20692,2
word,"58,000",20693,3
word,waits,20694,2
word,ducks,20695,6
word,long-running,20696,2
word,Carboni,20697,4
word,Hnilica,20698,2
word,Serious,20699,3
word,Fraud,20700,3
word,phantom,20701,2
word,Ferranti,20702,6
word,coordinated,20703,2
word,Bynoe,20704,4
word,Nuggets,20705,4
word,Realist,20706,9
word,Ammann,20707,3
word,Winnebago,20708,10
word,conversions,20709,2
word,RV,20710,2
word,Curran,20711,2
word,stabilized,20712,2
word,credit-easing,20713,2
word,moderating,20714,2
word,Kochan,20715,2
word,shorter-term,20716,2
word,TVA,20717,2
word,porcelains,20718,2
word,bureau-sponsored,20719,2
word,directories,20720,4
word,directory,20721,3
word,Toronto-Dominion,20722,2
word,prostitution,20723,4
word,reservation,20724,2
word,juices,20725,2
word,suntan,20726,2
word,Ekco,20727,7
word,bakeware,20728,3
word,Woodstream,20729,3
word,housewares,20730,3
word,Centronics,20731,2
word,pinch,20732,3
word,hobbling,20733,2
word,Givaudan,20734,3
word,Lai,20735,3
word,Kamm,20736,2
word,Nissho,20737,4
word,Iwai,20738,4
word,provincial,20739,3
word,Sitco,20740,3
word,Liability,20741,3
word,Trans-Alaska,20742,2
word,Glacier,20743,2
word,Trinidad,20744,2
word,Hildebrandt,20745,2
word,brush,20746,3
word,enroll,20747,2
word,Supervisors,20748,3
word,stop-gap,20749,2
word,thank,20750,2
word,Supplemental,20751,2
word,B-3,20752,2
word,Ca,20753,3
word,Caa,20754,2
word,Zeidner,20755,2
word,Partnerships,20756,2
word,Nora,20757,6
word,fly-by-night,20758,2
word,worlds,20759,2
word,downbeat,20760,2
word,extremes,20761,2
word,distinctively,20762,2
word,Books,20763,3
word,Garber,20764,3
word,PegaSys,20765,2
word,AIW,20766,3
word,satire,20767,2
word,cliched,20768,2
word,ceded,20769,2
word,Photonics,20770,2
word,Planar,20771,2
word,Ovonic,20772,2
word,Imaging,20773,2
word,Magnascreen,20774,2
word,active-matrix,20775,2
word,cathode-ray,20776,2
word,liquid-crystal,20777,2
word,DARPA,20778,4
word,microelectronics,20779,3
word,SHV,20780,4
word,Calor,20781,2
word,Harbors,20782,5
word,Braintree,20783,2
word,Garman,20784,3
word,Vision,20785,4
word,Banc,20786,9
word,OTS,20787,2
word,nifty,20788,2
word,190.58-point,20789,4
word,recycles,20790,2
word,CPC,20791,2
word,"164,830,000",20792,2
word,Advancers,20793,2
word,Broader,20794,2
word,medium-term,20795,4
word,Anacomp,20796,5
word,Unitel,20797,2
word,bullion,20798,5
word,Comair,20799,7
word,preferably,20800,2
word,appraisal,20801,2
word,Weston,20802,3
word,Paluck,20803,2
word,Posix,20804,3
word,UNIX,20805,2
word,standardize,20806,2
word,Campbell-Mithun-Esty,20807,2
word,Rowland,20808,3
word,Campbell-Mithun,20809,2
word,IMS,20810,2
word,Louis-Dreyfus,20811,2
word,laureate,20812,2
word,enlist,20813,2
word,animal-rights,20814,2
word,Rifkin,20815,2
word,Montana,20816,4
word,mistaken,20817,2
word,Toy,20818,5
word,welcoming,20819,2
word,McInnes,20820,2
word,Isle,20821,3
word,Ducks,20822,2
word,quacks,20823,2
word,non-duck,20824,4
word,quack,20825,4
word,Quack,20826,2
word,scrubbers,20827,2
word,Mansion,20828,4
word,Dillow,20829,3
word,Briscoe,20830,2
word,hollow,20831,2
word,A.P.,20832,8
word,refractory,20833,2
word,Westwood,20834,4
word,Brick,20835,2
word,bottoming,20836,2
word,Trucking,20837,3
word,Shippers,20838,4
word,freight-transport,20839,3
word,LaLonde,20840,2
word,rail,20841,7
word,Yusen,20842,2
word,adjudicators,20843,2
word,Personnel,20844,4
word,Formally,20845,2
word,due-process,20846,5
word,adjudicator,20847,3
word,Winchester,20848,2
word,outlooks,20849,2
word,"2,120",20850,2
word,quest,20851,3
word,repurchases,20852,2
word,futile,20853,2
word,rewritten,20854,2
word,operatives,20855,2
word,hunk,20856,3
word,reinforces,20857,2
word,HASTINGS,20858,2
word,Brierley,20859,4
word,Trelleborg,20860,26
word,coffers,20861,3
word,Falconbridge,20862,7
word,Sculley,20863,4
word,Adverse,20864,2
word,Schantz,20865,2
word,Haines,20866,2
word,Kushkin,20867,2
word,Schulman,20868,4
word,Generation,20869,2
word,Basf,20870,3
word,Eisenberg,20871,2
word,Imasco,20872,2
word,Bince,20873,2
word,mutters,20874,2
word,hobbled,20875,2
word,Ty,20876,4
word,Picop,20877,8
word,Potential,20878,2
word,reckoning,20879,3
word,Willmott,20880,3
word,Webster\/Eagle,20881,4
word,contiguous,20882,3
word,Mexico-United,20883,2
word,Mexicana,20884,2
word,Aviacion,20885,2
word,propensity,20886,2
word,Regrettably,20887,2
word,nonstrategic,20888,2
word,Ponce,20889,2
word,Familia,20890,2
word,Univision,20891,2
word,Cards,20892,2
word,Lep,20893,3
word,IMF,20894,3
word,Alusuisse,20895,3
word,Terra,20896,3
word,SciMed,20897,5
word,Inmac,20898,2
word,microcomputer,20899,3
word,Cordis,20900,4
word,pacemaker,20901,2
word,Christians,20902,2
word,Damascus,20903,2
word,tremor,20904,5
word,spacecraft,20905,6
word,marches,20906,3
word,Honecker,20907,28
word,ADN,20908,3
word,shopkeeper,20909,2
word,Rainer,20910,2
word,Born,20911,3
word,Baltic,20912,3
word,tritium,20913,6
word,chemists,20914,5
word,Fleischmann,20915,5
word,deuterium,20916,2
word,electrolysis,20917,2
word,electrolytic,20918,3
word,Oriani,20919,4
word,anomalous,20920,2
word,surround,20921,2
word,watt,20922,3
word,Bockris,20923,2
word,neutron,20924,4
word,full-page,20925,2
word,Weekly,20926,4
word,Junkins,20927,2
word,cost-reduction,20928,2
word,commemorative,20929,3
word,supply-demand,20930,3
word,disenchanted,20931,2
word,hoard,20932,2
word,Livestock,20933,2
word,feedlots,20934,4
word,feedlot,20935,2
word,Wolff,20936,2
word,LME,20937,2
word,Broker,20938,5
word,Apollo,20939,2
word,Branford,20940,2
word,Hut,20941,2
word,Harty,20942,3
word,Charisma,20943,2
word,same-store,20944,2
word,Wolfe,20945,2
word,CalMat,20946,3
word,asphalt,20947,3
word,Reggie,20948,2
word,Smalling,20949,4
word,autographs,20950,2
word,Collectibles,20951,2
word,awhile,20952,2
word,sniffs,20953,3
word,corrosion-resistant,20954,2
word,thicker,20955,2
word,UP,20956,2
word,Limit,20957,2
word,Sell,20958,2
word,market-if-touched,20959,2
word,fill-or-kill,20960,2
word,forgetting,20961,2
word,beta,20962,8
word,betas,20963,2
word,riskiness,20964,2
word,dimension,20965,2
word,Deloitte,20966,19
word,Haskins,20967,6
word,babies,20968,2
word,two-income,20969,2
word,stockholdings,20970,2
word,financial-planning,20971,3
word,ups,20972,2
word,downs,20973,2
word,Figure,20974,6
word,pursuits,20975,3
word,shrubs,20976,2
word,wisely,20977,2
word,"22,000",20978,2
word,Englewood,20979,4
word,needle,20980,2
word,fog,20981,2
word,Stapf,20982,2
word,NASAA,20983,3
word,compulsive,20984,2
word,grandmother,20985,2
word,Gargan,20986,5
word,Bureaus,20987,2
word,IAFP,20988,6
word,united,20989,2
word,Sala,20990,4
word,stint,20991,2
word,Manion,20992,2
word,Peterson,20993,13
word,Diebel,20994,2
word,McClelland,20995,3
word,scam,20996,4
word,median,20997,4
word,boiler-room,20998,4
word,vanish,20999,2
word,widows,21000,2
word,Ciavarella,21001,2
word,Stick,21002,8
word,exam,21003,2
word,U,21004,10
word,Hauptman,21005,2
word,baccalaureate,21006,2
word,tuitions,21007,2
word,zeros,21008,3
word,soundness,21009,2
word,Tharp,21010,7
word,catfish,21011,2
word,haulers,21012,2
word,enforcers,21013,5
word,dentists,21014,4
word,Franciscans,21015,2
word,alimony,21016,2
word,yacht,21017,3
word,noncriminal,21018,2
word,Washburn,21019,2
word,reinvesting,21020,2
word,deceased,21021,2
word,singling,21022,2
word,Amway,21023,3
word,reclassified,21024,2
word,Lackey,21025,2
word,provinces,21026,6
word,Yellow,21027,2
word,nonresident,21028,2
word,freshmen,21029,3
word,registrants,21030,3
word,socioeconomic,21031,2
word,affirmative-action,21032,3
word,suckers,21033,3
word,sucker,21034,2
word,Blodgett,21035,3
word,get-rich-quick,21036,2
word,Cunningham,21037,2
word,unregistered,21038,2
word,honestly,21039,3
word,Wenz,21040,2
word,Lyneses,21041,2
word,psychologist,21042,4
word,victimized,21043,3
word,Cortese,21044,4
word,pleasures,21045,2
word,uninformed,21046,2
word,trudging,21047,2
word,Figuring,21048,2
word,persistency,21049,2
word,flunk,21050,2
word,euphemisms,21051,2
word,single-premium,21052,2
word,immensely,21053,2
word,illustrations,21054,2
word,variable-rate,21055,2
word,nursing-home,21056,2
word,illnesses,21057,3
word,no-load,21058,2
word,Ameritas,21059,2
word,Did,21060,3
word,Rorer,21061,8
word,Cawthorn,21062,5
word,Asilone,21063,2
word,antacid,21064,2
word,Thrombinar,21065,2
word,Maalox,21066,4
word,"198,120,000",21067,2
word,Selkin,21068,2
word,Chris-Craft,21069,3
word,Soo,21070,10
word,Xtra,21071,7
word,Gintel,21072,8
word,Re,21073,5
word,Hasbro,21074,6
word,Pinola,21075,2
word,51-48,21076,2
word,stress-related,21077,7
word,Warshaw,21078,4
word,presenting,21079,2
word,hospitalization,21080,4
word,D'Arcy,21081,6
word,O'Donnell,21082,2
word,rooftops,21083,2
word,snack,21084,2
word,VCR,21085,2
word,centenarians,21086,2
word,BP,21087,2
word,"8,880",21088,2
word,Repeal,21089,2
word,co-sponsors,21090,2
word,fur,21091,10
word,Purnick,21092,5
word,furriers,21093,10
word,furs,21094,12
word,mink,21095,6
word,Furs,21096,3
word,saturated,21097,2
word,jackets,21098,6
word,embroidery,21099,2
word,leathers,21100,2
word,Schreibman,21101,3
word,hepatitis,21102,6
word,contagious,21103,2
word,notices,21104,2
word,Mattausch,21105,3
word,appalled,21106,3
word,Past,21107,2
word,Amon,21108,2
word,Gourlay,21109,2
word,summed,21110,2
word,wring,21111,2
word,threshold,21112,4
word,Discussing,21113,2
word,CP486,21114,2
word,peripherals,21115,2
word,Viatech,21116,2
word,Ferembal,21117,2
word,Baxter,21118,4
word,Deerfield,21119,2
word,Hospitals,21120,2
word,mid-range,21121,2
word,mainframe-class,21122,3
word,DEC,21123,9
word,40-point,21124,2
word,Wilke,21125,2
word,MacroChem,21126,2
word,dental,21127,2
word,USACafes,21128,3
word,Bonanza,21129,2
word,"34,000",21130,2
word,Westridge,21131,6
word,sleepy,21132,2
word,Axe,21133,2
word,Core,21134,2
word,indexer,21135,2
word,Carder,21136,3
word,Say,21137,2
word,Varity,21138,2
word,Bolar,21139,2
word,smuggling,21140,2
word,Nguyen,21141,7
word,Chan,21142,12
word,Hanoi,21143,4
word,glue,21144,2
word,courtyard,21145,2
word,Ngoc,21146,5
word,Nghe,21147,4
word,reformist,21148,2
word,thinly,21149,3
word,Thi,21150,7
word,Hochiminh,21151,4
word,Saigon,21152,2
word,Linh,21153,2
word,secretary-general,21154,2
word,Grossman,21155,3
word,Losses,21156,3
word,banana,21157,2
word,Banana,21158,2
word,two-step,21159,2
word,Textron,21160,4
word,Avdel,21161,2
word,rivets,21162,2
word,Bumiputra,21163,6
word,Bhd.,21164,2
word,Basir,21165,6
word,Tan,21166,5
word,paid-up,21167,3
word,1982-83,21168,2
word,M$,21169,9
word,Petronas,21170,3
word,Ehman,21171,3
word,Trenton,21172,3
word,Dukakis,21173,2
word,Camden,21174,5
word,footnote,21175,2
word,Pignatelli,21176,2
word,Essex,21177,2
word,unfazed,21178,2
word,Yardeni,21179,2
word,plummet,21180,3
word,lift-ticket,21181,2
word,Masius,21182,4
word,Bowles,21183,3
word,skiers,21184,6
word,Ski,21185,4
word,bundled,21186,2
word,plows,21187,2
word,Dillmann,21188,2
word,okay,21189,2
word,Angel,21190,2
word,swung,21191,3
word,fools,21192,3
word,evacuated,21193,3
word,postmarks,21194,2
word,outer,21195,5
word,Westin,21196,3
word,blankets,21197,2
word,Checchi,21198,2
word,contested,21199,4
word,Batchelder,21200,4
word,distressing,21201,2
word,eluded,21202,2
word,broad-scale,21203,2
word,Harley-Davidson,21204,3
word,Harley,21205,2
word,seismic,21206,4
word,irrational,21207,3
word,immediacy,21208,2
word,callable,21209,4
word,offing,21210,2
word,Arbel,21211,4
word,Confair,21212,3
word,buy-and-hold,21213,3
word,Petrolane,21214,3
word,25\/32,21215,2
word,29\/32,21216,4
word,26\/32,21217,2
word,bid-wanted,21218,2
word,Ormstedt,21219,2
word,raisers,21220,2
word,Telesystems,21221,2
word,Enforcers,21222,2
word,Hughey,21223,3
word,Heart,21224,2
word,ploys,21225,2
word,gambit,21226,2
word,newsletters,21227,7
word,MADD,21228,3
word,Pilot,21229,2
word,Westmoreland,21230,10
word,perks,21231,2
word,complements,21232,2
word,Streetspeak,21233,2
word,508-point,21234,2
word,much-beloved,21235,2
word,associating,21236,2
word,C-word,21237,2
word,Biehl,21238,4
word,Berkshire,21239,4
word,smash,21240,2
word,Barbra,21241,2
word,Streisand,21242,2
word,thrashing,21243,2
word,screenplay,21244,2
word,Flashdance,21245,2
word,Rainman,21246,3
word,Palma,21247,2
word,Main,21248,3
word,cop,21249,3
word,Birnbaum,21250,4
word,Dian,21251,2
word,Fossey,21252,2
word,Gorillas,21253,2
word,Mist,21254,2
word,Chico,21255,2
word,Mendes,21256,2
word,fellows,21257,2
word,Barris,21258,3
word,enhancements,21259,4
word,meaningless,21260,2
word,thereof,21261,2
word,Corcoran,21262,2
word,DeVoe,21263,6
word,speculations,21264,2
word,Principal,21265,2
word,Matchett,21266,2
word,erased,21267,4
word,notoriety,21268,2
word,Sherlund,21269,3
word,Caere,21270,2
word,documenting,21271,2
word,souvenir,21272,2
word,=,21273,2
word,clumps,21274,2
word,Rivkin,21275,3
word,Lubar,21276,2
word,Real-estate,21277,2
word,collectibles,21278,2
word,Juliano,21279,3
word,Referring,21280,2
word,commented,21281,2
word,Thevenot,21282,2
word,tax-writers,21283,2
word,fluke,21284,2
word,hometown,21285,2
word,first-three,21286,2
word,likened,21287,2
word,Marlowe,21288,9
word,Playback,21289,2
word,Poodle,21290,5
word,graceful,21291,2
word,fragment,21292,2
word,Shioya,21293,3
word,Keizaikai,21294,3
word,Veronis,21295,4
word,Suhler,21296,2
word,S,21297,9
word,SNET,21298,2
word,accrual,21299,2
word,Steidtmann,21300,3
word,Dillard,21301,2
word,Touche,21302,5
word,Strum,21303,2
word,Hawley,21304,2
word,Camilo,21305,2
word,Cela,21306,6
word,73-year-old,21307,2
word,Pascal,21308,2
word,Duarte,21309,3
word,prickly,21310,2
word,smile,21311,3
word,wandering,21312,2
word,cafe,21313,2
word,alarming,21314,2
word,Castillo,21315,2
word,Tela,21316,2
word,Cristiani,21317,3
word,TVX,21318,3
word,WTXF,21319,2
word,Paramount-MCA,21320,5
word,Married,21321,2
word,Rafael,21322,3
word,Carrion,21323,4
word,Shareholder,21324,2
word,disposals,21325,2
word,CML,21326,4
word,Wheeler,21327,5
word,Nimitz,21328,3
word,retrofit,21329,3
word,roadbed,21330,2
word,slabs,21331,3
word,retrofitting,21332,4
word,Knowledgeable,21333,2
word,reinforcement,21334,3
word,piers,21335,3
word,Bonn,21336,8
word,holdouts,21337,2
word,Genscher,21338,3
word,doubles,21339,2
word,345-47,21340,2
word,squinting,21341,2
word,absolutism,21342,2
word,right-to-life,21343,3
word,waffle,21344,2
word,pro-life,21345,8
word,budge,21346,2
word,Mahe,21347,2
word,Eddy,21348,3
word,single-issue,21349,2
word,litmus,21350,2
word,remotely,21351,2
word,right-to-lifers,21352,2
word,Ticor,21353,2
word,Safeco,21354,2
word,FADA,21355,4
word,Callable,21356,2
word,semi-annually,21357,2
word,Goodfellow,21358,2
word,muck,21359,2
word,NewsEdge,21360,4
word,Desktop,21361,2
word,Tarter,21362,2
word,SoftLetter,21363,2
word,personalized,21364,3
word,Amram,21365,3
word,calculates,21366,3
word,Pinpoint,21367,3
word,Golomb,21368,2
word,E-mail,21369,5
word,Digate,21370,3
word,senders,21371,2
word,Newcomb,21372,2
word,Liddle,21373,2
word,Bachman,21374,2
word,home-improvement,21375,2
word,Syria,21376,3
word,Got,21377,2
word,handwriting,21378,2
word,hotly,21379,2
word,Yacht,21380,2
word,Isler,21381,6
word,skipper,21382,2
word,mural,21383,9
word,Hoelzer,21384,6
word,Putting,21385,3
word,Belli,21386,7
word,Drivon,21387,2
word,Chesley,21388,2
word,Andreas,21389,3
word,Fault,21390,2
word,Ruvolo,21391,5
word,Bronson,21392,2
word,Tort,21393,2
word,Covert,21394,3
word,Deloitte-Touche,21395,3
word,prisons,21396,4
word,czar,21397,2
word,impeded,21398,3
word,Masaki-Schatz,21399,2
word,ARCO,21400,5
word,toll-free,21401,3
word,drills,21402,2
word,maps,21403,2
word,Fogg,21404,2
word,hurricanes,21405,2
word,shutdown,21406,6
word,Gaubert,21407,9
word,Claims,21408,3
word,maitre,21409,4
word,Marcia,21410,2
word,Moss,21411,2
word,Aloe,21412,2
word,McNally,21413,3
word,retrial,21414,2
word,Specter,21415,5
word,linage,21416,3
word,Reidy,21417,3
word,Sulzberger,21418,2
word,consumer-price,21419,2
word,woods,21420,2
word,major-party,21421,2
word,minimalist,21422,2
word,confers,21423,2
word,benefit-seeking,21424,8
word,constituencies,21425,2
word,staffing,21426,2
word,Departments,21427,2
word,peace-keeping,21428,2
word,compulsions,21429,2
word,Coats,21430,4
word,rescission,21431,2
word,rescissions,21432,4
word,conscience,21433,2
word,Cruz,21434,4
word,automated-teller,21435,2
word,I-880,21436,3
word,dwellings,21437,5
word,heaved,21438,3
word,ruptured,21439,2
word,FEMA,21440,9
word,coordinates,21441,3
word,Phnom,21442,2
word,Penh,21443,2
word,non-communists,21444,2
word,genocide,21445,2
word,gentlemen,21446,2
word,banner,21447,2
word,Cipher,21448,4
word,Marinaro,21449,3
word,FileNet,21450,5
word,Timken,21451,4
word,Easterners,21452,2
word,swells,21453,2
word,Chronicle,21454,2
word,cowboys,21455,2
word,relocated,21456,2
word,Product,21457,2
word,carved,21458,3
word,TransAtlantic,21459,4
word,UAP,21460,2
word,well-servicing,21461,3
word,Electricity,21462,2
word,Dumez,21463,3
word,Renzas,21464,3
word,Location,21465,3
word,Aussedat,21466,4
word,thermal,21467,2
word,kilograms,21468,2
word,Doman,21469,7
word,Amdura,21470,7
word,McAllen,21471,2
word,Commerciale,21472,7
word,Discovision,21473,7
word,Mitsuoka,21474,2
word,Rayon,21475,2
word,Accident,21476,2
word,toured,21477,2
word,STOCKS,21478,2
word,Cherokee,21479,6
word,Wagoneer,21480,4
word,CSC,21481,3
word,Jupiter,21482,7
word,producer-price,21483,2
word,CPI,21484,3
word,PPI,21485,3
word,Rothman,21486,2
word,tax-preparation,21487,3
word,Cremonie,21488,2
word,peers,21489,2
word,price\/earnings,21490,4
word,CompuServe,21491,3
word,Dayton,21492,5
word,nuclear-power,21493,2
word,full-power,21494,2
word,PPG,21495,2
word,reinforcements,21496,2
word,Wacoal,21497,4
word,Eye,21498,2
word,Senshukai,21499,3
word,Dang,21500,2
word,carbon-dioxide,21501,3
word,capping,21502,2
word,dependence,21503,3
word,Jasper,21504,2
word,idled,21505,2
word,Corsica,21506,3
word,Beretta,21507,3
word,Coastal,21508,8
word,Aruba,21509,3
word,countermeasures,21510,2
word,Enron,21511,5
word,Rex,21512,2
word,HelmsleySpear,21513,2
word,Hotels,21514,2
word,Conradies,21515,2
word,Hendrik,21516,4
word,Verwoerd,21517,8
word,Morgenzon,21518,6
word,Transvaal,21519,2
word,Afrikaners,21520,4
word,Afrikaner,21521,4
word,mightily,21522,2
word,Canelo,21523,5
word,Clough,21524,3
word,high-yielding,21525,2
word,computer-integrated-manufacturing,21526,3
word,CIM,21527,2
word,Keller,21528,3
word,Edsel,21529,4
word,Lincoln-Mercury,21530,2
word,Scorpios,21531,2
word,XR4Ti,21532,4
word,spoiler,21533,2
word,dilutive,21534,4
word,nonoperating,21535,2
word,Ruby,21536,2
word,non-executive,21537,2
word,Westminister,21538,2
word,checked,21539,3
word,Bolinas,21540,3
word,smiled,21541,2
word,SF,21542,2
word,1:11,21543,2
word,GR8FLRED,21544,2
word,astride,21545,2
word,3:25,21546,2
word,mayonnaise,21547,2
word,eerie,21548,3
word,doorway,21549,2
word,Mame,21550,3
word,Fueling,21551,2
word,steadfastly,21552,2
word,Carat,21553,11
word,Regalia,21554,3
word,obstructed,21555,2
word,inconvenience,21556,2
word,Affiliated,21557,2
word,Bankshares,21558,2
word,Ex-Im,21559,2
word,Guzman,21560,14
word,Cabrera,21561,14
word,Quina,21562,6
word,Pemex,21563,21
word,Desc,21564,3
word,Levinson,21565,2
word,Shaevitz,21566,2
word,Suggestion,21567,2
word,Bailit,21568,2
word,appropriateness,21569,2
word,complexity,21570,2
word,DAF,21571,8
word,Gras,21572,3
word,guardian,21573,2
word,accruing,21574,2
word,Freind,21575,5
word,parental-consent,21576,3
word,fetuses,21577,3
word,Kathie,21578,2
word,air-interdiction,21579,2
word,HEI,21580,2
word,predators,21581,2
word,Prideaux,21582,3
word,PDT,21583,2
word,Schumacher,21584,2
word,Amtrak,21585,3
word,trolley,21586,2
word,air-traffic,21587,3
word,Whitbread,21588,20
word,Beefeater,21589,5
word,gin,21590,9
word,Littleboy,21591,2
word,Allied-Lyons,21592,3
word,pubs,21593,2
word,Jarvis,21594,2
word,entrust,21595,2
word,on-line,21596,2
word,Willman,21597,2
word,squarely,21598,2
word,IBM-compatible,21599,3
word,Himebaugh,21600,2
word,Pettee,21601,2
word,Barrier,21602,2
word,Taxpayers,21603,3
word,Butz,21604,3
word,Per,21605,2
word,Median,21606,2
word,Jovian,21607,3
word,gravity,21608,2
word,Io,21609,2
word,Europa,21610,3
word,binoculars,21611,2
word,space-science,21612,2
word,Hubble,21613,2
word,mobilized,21614,2
word,greenmail,21615,4
word,legal-services,21616,2
word,Genova,21617,2
word,Mastro,21618,3
word,Karalis,21619,3
word,AEW,21620,4
word,Datatronic,21621,3
word,Micronic,21622,2
word,deductibility,21623,5
word,Clanahan,21624,2
word,bubble,21625,2
word,infertility,21626,2
word,donation,21627,3
word,Bean,21628,2
word,most-livable,21629,2
word,Savageau,21630,3
word,1-2-3,21631,4
word,spreadsheet,21632,4
word,"315,000",21633,2
word,Fremont,21634,2
word,undamaged,21635,3
word,Trident,21636,2
word,egg-breaking,21637,2
word,salmonella,21638,6
word,centrifugal,21639,2
word,USDA,21640,3
word,Fabulous,21641,2
word,sings,21642,3
word,Susie,21643,4
word,Kloves,21644,4
word,Ballhaus,21645,3
word,Beau,21646,3
word,tropical,21647,3
word,rebellious,21648,2
word,Tilly,21649,2
word,Proteins,21650,3
word,Galveston-Houston,21651,2
word,Oakar,21652,4
word,ombudsman,21653,2
word,Capcom,21654,9
word,Money-fund,21655,3
word,Belier,21656,2
word,Breene,21657,3
word,top-10,21658,2
word,AC&R,21659,3
word,Sibra,21660,2
word,Diamond-Star,21661,2
word,Eclipse,21662,2
word,Turks,21663,4
word,Bulgaria,21664,4
word,Bulgarian,21665,3
word,Ottoman,21666,3
word,Empire,21667,3
word,CDBG,21668,2
word,untold,21669,2
word,screws,21670,2
word,Delchamps,21671,4
word,spans,21672,2
word,Q,21673,2
word,egalitarianism,21674,2
word,JAL,21675,9
word,dislocation,21676,2
word,Vyas,21677,2
word,rerouting,21678,3
word,Daggs,21679,2
word,outlying,21680,2
word,Luthringshausen,21681,2
word,post-quake,21682,2
word,Conning,21683,2
word,Knudsen,21684,2
word,Petco,21685,6
word,Fossett,21686,3
word,Lombardi,21687,4
word,Crest,21688,2
word,devotion,21689,2
word,imagery,21690,2
word,BBDO,21691,2
word,hug,21692,2
word,Novato,21693,2
word,Ameritech,21694,3
word,Hoyt,21695,2
word,Grano,21696,2
word,Libor,21697,3
word,Capitalists,21698,2
word,Byrum,21699,2
word,hoses,21700,2
word,Bandler,21701,2
word,disaster-contingency,21702,2
word,congestion,21703,2
word,Mace,21704,2
word,prince,21705,3
word,Teich,21706,2
word,Guenter,21707,2
word,Joachim,21708,2
word,Oldenburg,21709,2
word,GDR,21710,2
word,CDL,21711,5
word,Kwek,21712,2
word,Png,21713,2
word,Quek,21714,2
word,S$,21715,2
word,Premner,21716,2
word,uranium-mining,21717,2
word,Equitec,21718,7
word,Steinhardt,21719,34
word,Addington,21720,2
word,Granges,21721,4
word,Tartan,21722,3
word,Aeroquip,21723,2
word,Pathe,21724,2
word,Sasea,21725,3
word,Fiorini,21726,3
word,Hagen,21727,2
tag,<PAD>,0,0
tag,NNP,1,87693
tag,",",2,46526
tag,CD,3,34891
tag,NNS,4,57860
tag,JJ,5,58957
tag,MD,6,9437
tag,VB,7,25489
tag,DT,8,78777
tag,NN,9,127563
tag,IN,10,94760
tag,.,11,37884
tag,VBZ,12,20982
tag,VBG,13,14350
tag,CC,14,22832
tag,VBD,15,28311
tag,VBN,16,19333
tag,RB,17,29621
tag,TO,18,21462
tag,PRP,19,16766
tag,RBR,20,1675
tag,WDT,21,4194
tag,VBP,22,12326
tag,RP,23,2515
tag,PRP$,24,7989
tag,JJS,25,1867
tag,POS,26,8284
tag,``,27,13282
tag,EX,28,833
tag,WP,29,2285
tag,:,30,4696
tag,JJR,31,3174
tag,WRB,32,2051
tag,$,33,6952
tag,NNPS,34,2505
tag,WP$,35,166
tag,-LRB-,36,1305
tag,-RRB-,37,1321
tag,PDT,38,333
tag,RBS,39,435
tag,'',40,122
tag,FW,41,224
tag,UH,42,87
tag,SYM,43,55
tag,LS,44,47
tag,#,45,127
